domain,model,ensemble,noise_type,noise_level,fold,train_size,actual_noise_pct,f1_macro,accuracy,source_file,source_path,who
Tabular,RandomForest,RF,symmetric,0.0,0.0,278884.0,0.0,0.9083046776663044,0.9428300966696308,master_all_results.csv,/kaggle/input/datasets/rabianaz22/05-aggregation-output-3rd-paper/aggregated_results,RandomForest/RF
Tabular,RandomForest,RF,symmetric,0.0,1.0,278885.0,0.0,0.9087498126469188,0.9447081940878644,master_all_results.csv,/kaggle/input/datasets/rabianaz22/05-aggregation-output-3rd-paper/aggregated_results,RandomForest/RF
Tabular,RandomForest,RF,symmetric,0.0,2.0,278885.0,0.0,0.913653228551925,0.942685847879405,master_all_results.csv,/kaggle/input/datasets/rabianaz22/05-aggregation-output-3rd-paper/aggregated_results,RandomForest/RF
Tabular,RandomForest,RF,symmetric,0.0,3.0,278885.0,0.0,0.9136835119001409,0.9423846473802728,master_all_results.csv,/kaggle/input/datasets/rabianaz22/05-aggregation-output-3rd-paper/aggregated_results,RandomForest/RF
Tabular,RandomForest,RF,symmetric,0.0,4.0,278885.0,0.0,0.9092212331804904,0.9419830467147632,master_all_results.csv,/kaggle/input/datasets/rabianaz22/05-aggregation-output-3rd-paper/aggregated_results,RandomForest/RF
Tabular,RandomForest,RF,symmetric,0.1,0.0,278884.0,10.010255159851408,0.8948294346785062,0.9337798686210952,master_all_results.csv,/kaggle/input/datasets/rabianaz22/05-aggregation-output-3rd-paper/aggregated_results,RandomForest/RF
Tabular,RandomForest,RF,symmetric,0.1,1.0,278885.0,10.013804973376123,0.8969875383395343,0.9362315514694282,master_all_results.csv,/kaggle/input/datasets/rabianaz22/05-aggregation-output-3rd-paper/aggregated_results,RandomForest/RF
Tabular,RandomForest,RF,symmetric,0.1,2.0,278885.0,10.05181347150259,0.8995597440007768,0.9336785186672596,master_all_results.csv,/kaggle/input/datasets/rabianaz22/05-aggregation-output-3rd-paper/aggregated_results,RandomForest/RF
Tabular,RandomForest,RF,symmetric,0.1,3.0,278885.0,10.024562095487386,0.9051945170536604,0.9356865219948078,master_all_results.csv,/kaggle/input/datasets/rabianaz22/05-aggregation-output-3rd-paper/aggregated_results,RandomForest/RF
Tabular,RandomForest,RF,symmetric,0.1,4.0,278885.0,9.96503935313839,0.8972549025265588,0.9333486324063052,master_all_results.csv,/kaggle/input/datasets/rabianaz22/05-aggregation-output-3rd-paper/aggregated_results,RandomForest/RF
Tabular,RandomForest,RF,symmetric,0.2,0.0,278884.0,20.01082887508785,0.8574570910490632,0.9220332176357534,master_all_results.csv,/kaggle/input/datasets/rabianaz22/05-aggregation-output-3rd-paper/aggregated_results,RandomForest/RF
Tabular,RandomForest,RF,symmetric,0.2,1.0,278885.0,20.00501999031859,0.8616198003312858,0.9255461051906886,master_all_results.csv,/kaggle/input/datasets/rabianaz22/05-aggregation-output-3rd-paper/aggregated_results,RandomForest/RF
Tabular,RandomForest,RF,symmetric,0.2,2.0,278885.0,19.98601574125536,0.8628037413577466,0.921558784297414,master_all_results.csv,/kaggle/input/datasets/rabianaz22/05-aggregation-output-3rd-paper/aggregated_results,RandomForest/RF
Tabular,RandomForest,RF,symmetric,0.2,3.0,278885.0,19.96199150187353,0.8627243170556868,0.922505414437544,master_all_results.csv,/kaggle/input/datasets/rabianaz22/05-aggregation-output-3rd-paper/aggregated_results,RandomForest/RF
Tabular,RandomForest,RF,symmetric,0.2,4.0,278885.0,20.058805600874912,0.8554058707947315,0.9209133546564164,master_all_results.csv,/kaggle/input/datasets/rabianaz22/05-aggregation-output-3rd-paper/aggregated_results,RandomForest/RF
Tabular,RandomForest,RF,symmetric,0.3,0.0,278884.0,30.056224093171352,0.79091746302546,0.9007630303204154,master_all_results.csv,/kaggle/input/datasets/rabianaz22/05-aggregation-output-3rd-paper/aggregated_results,RandomForest/RF
Tabular,RandomForest,RF,symmetric,0.3,1.0,278885.0,30.04105634939133,0.7926227111009109,0.9027696103039256,master_all_results.csv,/kaggle/input/datasets/rabianaz22/05-aggregation-output-3rd-paper/aggregated_results,RandomForest/RF
Tabular,RandomForest,RF,symmetric,0.3,2.0,278885.0,29.96503935313839,0.7978137942323114,0.9021672093056612,master_all_results.csv,/kaggle/input/datasets/rabianaz22/05-aggregation-output-3rd-paper/aggregated_results,RandomForest/RF
Tabular,RandomForest,RF,symmetric,0.3,3.0,278885.0,30.011294978216828,0.7971137277102452,0.9024970955666156,master_all_results.csv,/kaggle/input/datasets/rabianaz22/05-aggregation-output-3rd-paper/aggregated_results,RandomForest/RF
Tabular,RandomForest,RF,symmetric,0.3,4.0,278885.0,29.930257991645306,0.7913238656603484,0.9010771503564206,master_all_results.csv,/kaggle/input/datasets/rabianaz22/05-aggregation-output-3rd-paper/aggregated_results,RandomForest/RF
Tabular,RandomForest,RF,symmetric,0.4,0.0,278884.0,40.13138078914531,0.7024045806975077,0.859527839132555,master_all_results.csv,/kaggle/input/datasets/rabianaz22/05-aggregation-output-3rd-paper/aggregated_results,RandomForest/RF
Tabular,RandomForest,RF,symmetric,0.4,1.0,278885.0,39.942628682073256,0.7084472676865499,0.8633123449176001,master_all_results.csv,/kaggle/input/datasets/rabianaz22/05-aggregation-output-3rd-paper/aggregated_results,RandomForest/RF
Tabular,RandomForest,RF,symmetric,0.4,2.0,278885.0,40.06776986930097,0.71030133495439,0.8633984022030665,master_all_results.csv,/kaggle/input/datasets/rabianaz22/05-aggregation-output-3rd-paper/aggregated_results,RandomForest/RF
Tabular,RandomForest,RF,symmetric,0.4,3.0,278885.0,40.01111569284831,0.7082744145003644,0.8627673154429799,master_all_results.csv,/kaggle/input/datasets/rabianaz22/05-aggregation-output-3rd-paper/aggregated_results,RandomForest/RF
Tabular,RandomForest,RF,symmetric,0.4,4.0,278885.0,39.85513742223497,0.7047142896484517,0.8610891983763859,master_all_results.csv,/kaggle/input/datasets/rabianaz22/05-aggregation-output-3rd-paper/aggregated_results,RandomForest/RF
Tabular,RandomForest,RF,asymmetric,0.0,0.0,278884.0,0.0,0.9083046776663044,0.9428300966696308,master_all_results.csv,/kaggle/input/datasets/rabianaz22/05-aggregation-output-3rd-paper/aggregated_results,RandomForest/RF
Tabular,RandomForest,RF,asymmetric,0.0,1.0,278885.0,0.0,0.9087498126469188,0.9447081940878644,master_all_results.csv,/kaggle/input/datasets/rabianaz22/05-aggregation-output-3rd-paper/aggregated_results,RandomForest/RF
Tabular,RandomForest,RF,asymmetric,0.0,2.0,278885.0,0.0,0.913653228551925,0.942685847879405,master_all_results.csv,/kaggle/input/datasets/rabianaz22/05-aggregation-output-3rd-paper/aggregated_results,RandomForest/RF
Tabular,RandomForest,RF,asymmetric,0.0,3.0,278885.0,0.0,0.9136835119001409,0.9423846473802728,master_all_results.csv,/kaggle/input/datasets/rabianaz22/05-aggregation-output-3rd-paper/aggregated_results,RandomForest/RF
Tabular,RandomForest,RF,asymmetric,0.0,4.0,278885.0,0.0,0.9092212331804904,0.9419830467147632,master_all_results.csv,/kaggle/input/datasets/rabianaz22/05-aggregation-output-3rd-paper/aggregated_results,RandomForest/RF
Tabular,RandomForest,RF,asymmetric,0.1,0.0,278884.0,10.010255159851408,0.8941573832082215,0.933335245690026,master_all_results.csv,/kaggle/input/datasets/rabianaz22/05-aggregation-output-3rd-paper/aggregated_results,RandomForest/RF
Tabular,RandomForest,RF,asymmetric,0.1,1.0,278885.0,10.013804973376123,0.895459581454065,0.9356148075902526,master_all_results.csv,/kaggle/input/datasets/rabianaz22/05-aggregation-output-3rd-paper/aggregated_results,RandomForest/RF
Tabular,RandomForest,RF,asymmetric,0.1,2.0,278885.0,10.05181347150259,0.898202189614776,0.934008404928214,master_all_results.csv,/kaggle/input/datasets/rabianaz22/05-aggregation-output-3rd-paper/aggregated_results,RandomForest/RF
Tabular,RandomForest,RF,asymmetric,0.1,3.0,278885.0,10.024562095487386,0.8993667469032893,0.935471378781142,master_all_results.csv,/kaggle/input/datasets/rabianaz22/05-aggregation-output-3rd-paper/aggregated_results,RandomForest/RF
Tabular,RandomForest,RF,asymmetric,0.1,4.0,278885.0,9.96503935313839,0.8964856540387334,0.9336068042627044,master_all_results.csv,/kaggle/input/datasets/rabianaz22/05-aggregation-output-3rd-paper/aggregated_results,RandomForest/RF
Tabular,RandomForest,RF,asymmetric,0.2,0.0,278884.0,20.01082887508785,0.8337085556628789,0.9047933220504288,master_all_results.csv,/kaggle/input/datasets/rabianaz22/05-aggregation-output-3rd-paper/aggregated_results,RandomForest/RF
Tabular,RandomForest,RF,asymmetric,0.2,1.0,278885.0,20.00501999031859,0.8386419186741002,0.9085354484301716,master_all_results.csv,/kaggle/input/datasets/rabianaz22/05-aggregation-output-3rd-paper/aggregated_results,RandomForest/RF
Tabular,RandomForest,RF,asymmetric,0.2,2.0,278885.0,19.98601574125536,0.8392720944396854,0.9058820154616256,master_all_results.csv,/kaggle/input/datasets/rabianaz22/05-aggregation-output-3rd-paper/aggregated_results,RandomForest/RF
Tabular,RandomForest,RF,asymmetric,0.2,3.0,278885.0,19.96199150187353,0.8403559822764368,0.9067999598399334,master_all_results.csv,/kaggle/input/datasets/rabianaz22/05-aggregation-output-3rd-paper/aggregated_results,RandomForest/RF
Tabular,RandomForest,RF,asymmetric,0.2,4.0,278885.0,20.058805600874912,0.8293565694865102,0.9040030980622769,master_all_results.csv,/kaggle/input/datasets/rabianaz22/05-aggregation-output-3rd-paper/aggregated_results,RandomForest/RF
Tabular,RandomForest,RF,asymmetric,0.3,0.0,278884.0,30.056224093171352,0.7202626955077146,0.8298528441524913,master_all_results.csv,/kaggle/input/datasets/rabianaz22/05-aggregation-output-3rd-paper/aggregated_results,RandomForest/RF
Tabular,RandomForest,RF,asymmetric,0.3,1.0,278885.0,30.04105634939133,0.7325139147022822,0.8338090388835502,master_all_results.csv,/kaggle/input/datasets/rabianaz22/05-aggregation-output-3rd-paper/aggregated_results,RandomForest/RF
Tabular,RandomForest,RF,asymmetric,0.3,2.0,278885.0,29.96503935313839,0.730070690748126,0.8345405258100141,master_all_results.csv,/kaggle/input/datasets/rabianaz22/05-aggregation-output-3rd-paper/aggregated_results,RandomForest/RF
Tabular,RandomForest,RF,asymmetric,0.3,3.0,278885.0,30.011294978216828,0.7261359653402646,0.8318870928414681,master_all_results.csv,/kaggle/input/datasets/rabianaz22/05-aggregation-output-3rd-paper/aggregated_results,RandomForest/RF
Tabular,RandomForest,RF,asymmetric,0.3,4.0,278885.0,29.930257991645306,0.7253023045484192,0.8319157786032902,master_all_results.csv,/kaggle/input/datasets/rabianaz22/05-aggregation-output-3rd-paper/aggregated_results,RandomForest/RF
Tabular,RandomForest,RF,asymmetric,0.4,0.0,278884.0,40.13138078914531,0.5859421717581729,0.6894380539858295,master_all_results.csv,/kaggle/input/datasets/rabianaz22/05-aggregation-output-3rd-paper/aggregated_results,RandomForest/RF
Tabular,RandomForest,RF,asymmetric,0.4,1.0,278885.0,39.942628682073256,0.5869741237342982,0.690322858249308,master_all_results.csv,/kaggle/input/datasets/rabianaz22/05-aggregation-output-3rd-paper/aggregated_results,RandomForest/RF
Tabular,RandomForest,RF,asymmetric,0.4,2.0,278885.0,40.06776986930097,0.5848515496055653,0.6944822937135153,master_all_results.csv,/kaggle/input/datasets/rabianaz22/05-aggregation-output-3rd-paper/aggregated_results,RandomForest/RF
Tabular,RandomForest,RF,asymmetric,0.4,3.0,278885.0,40.01111569284831,0.5875266552060892,0.6907388017957287,master_all_results.csv,/kaggle/input/datasets/rabianaz22/05-aggregation-output-3rd-paper/aggregated_results,RandomForest/RF
Tabular,RandomForest,RF,asymmetric,0.4,4.0,278885.0,39.85513742223497,0.595291379947436,0.6931770915506088,master_all_results.csv,/kaggle/input/datasets/rabianaz22/05-aggregation-output-3rd-paper/aggregated_results,RandomForest/RF
Tabular,XGBoost,XGBoost,symmetric,0.0,0.0,278884.0,0.0,0.9359856805469464,0.9620636241071684,master_all_results.csv,/kaggle/input/datasets/rabianaz22/05-aggregation-output-3rd-paper/aggregated_results,XGBoost/XGBoost
Tabular,XGBoost,XGBoost,symmetric,0.0,1.0,278885.0,0.0,0.9371227919982108,0.9628519384403552,master_all_results.csv,/kaggle/input/datasets/rabianaz22/05-aggregation-output-3rd-paper/aggregated_results,XGBoost/XGBoost
Tabular,XGBoost,XGBoost,symmetric,0.0,2.0,278885.0,0.0,0.937935776536299,0.961403307468338,master_all_results.csv,/kaggle/input/datasets/rabianaz22/05-aggregation-output-3rd-paper/aggregated_results,XGBoost/XGBoost
Tabular,XGBoost,XGBoost,symmetric,0.0,3.0,278885.0,0.0,0.9363734112630088,0.9606861634227852,master_all_results.csv,/kaggle/input/datasets/rabianaz22/05-aggregation-output-3rd-paper/aggregated_results,XGBoost/XGBoost
Tabular,XGBoost,XGBoost,symmetric,0.0,4.0,278885.0,0.0,0.9337574083899371,0.959954676496321,master_all_results.csv,/kaggle/input/datasets/rabianaz22/05-aggregation-output-3rd-paper/aggregated_results,XGBoost/XGBoost
Tabular,XGBoost,XGBoost,symmetric,0.1,0.0,278884.0,10.010255159851408,0.90646617540816,0.948050830440894,master_all_results.csv,/kaggle/input/datasets/rabianaz22/05-aggregation-output-3rd-paper/aggregated_results,XGBoost/XGBoost
Tabular,XGBoost,XGBoost,symmetric,0.1,1.0,278885.0,10.013804973376123,0.9146884646579708,0.9485090575292954,master_all_results.csv,/kaggle/input/datasets/rabianaz22/05-aggregation-output-3rd-paper/aggregated_results,XGBoost/XGBoost
Tabular,XGBoost,XGBoost,symmetric,0.1,2.0,278885.0,10.05181347150259,0.9115397011159138,0.9463145967499031,master_all_results.csv,/kaggle/input/datasets/rabianaz22/05-aggregation-output-3rd-paper/aggregated_results,XGBoost/XGBoost
Tabular,XGBoost,XGBoost,symmetric,0.1,3.0,278885.0,10.024562095487386,0.9125685440661868,0.9485664290529396,master_all_results.csv,/kaggle/input/datasets/rabianaz22/05-aggregation-output-3rd-paper/aggregated_results,XGBoost/XGBoost
Tabular,XGBoost,XGBoost,symmetric,0.1,4.0,278885.0,9.96503935313839,0.9079264740972692,0.9455257382997948,master_all_results.csv,/kaggle/input/datasets/rabianaz22/05-aggregation-output-3rd-paper/aggregated_results,XGBoost/XGBoost
Tabular,XGBoost,XGBoost,symmetric,0.2,0.0,278884.0,20.01082887508785,0.881703129380989,0.9354723042941968,master_all_results.csv,/kaggle/input/datasets/rabianaz22/05-aggregation-output-3rd-paper/aggregated_results,XGBoost/XGBoost
Tabular,XGBoost,XGBoost,symmetric,0.2,1.0,278885.0,20.00501999031859,0.8910418006775896,0.9377375539650894,master_all_results.csv,/kaggle/input/datasets/rabianaz22/05-aggregation-output-3rd-paper/aggregated_results,XGBoost/XGBoost
Tabular,XGBoost,XGBoost,symmetric,0.2,2.0,278885.0,19.98601574125536,0.8933566253598125,0.936676180777671,master_all_results.csv,/kaggle/input/datasets/rabianaz22/05-aggregation-output-3rd-paper/aggregated_results,XGBoost/XGBoost
Tabular,XGBoost,XGBoost,symmetric,0.2,3.0,278885.0,19.96199150187353,0.8915688260595492,0.9354283501384087,master_all_results.csv,/kaggle/input/datasets/rabianaz22/05-aggregation-output-3rd-paper/aggregated_results,XGBoost/XGBoost
Tabular,XGBoost,XGBoost,symmetric,0.2,4.0,278885.0,20.058805600874912,0.8859085504735552,0.9346681774501228,master_all_results.csv,/kaggle/input/datasets/rabianaz22/05-aggregation-output-3rd-paper/aggregated_results,XGBoost/XGBoost
Tabular,XGBoost,XGBoost,symmetric,0.3,0.0,278884.0,30.056224093171352,0.8561402410773679,0.9224634978916268,master_all_results.csv,/kaggle/input/datasets/rabianaz22/05-aggregation-output-3rd-paper/aggregated_results,XGBoost/XGBoost
Tabular,XGBoost,XGBoost,symmetric,0.3,1.0,278885.0,30.04105634939133,0.8587316333130973,0.924915018430602,master_all_results.csv,/kaggle/input/datasets/rabianaz22/05-aggregation-output-3rd-paper/aggregated_results,XGBoost/XGBoost
Tabular,XGBoost,XGBoost,symmetric,0.3,2.0,278885.0,29.96503935313839,0.866311738699232,0.9219603849629237,master_all_results.csv,/kaggle/input/datasets/rabianaz22/05-aggregation-output-3rd-paper/aggregated_results,XGBoost/XGBoost
Tabular,XGBoost,XGBoost,symmetric,0.3,3.0,278885.0,30.011294978216828,0.8581561945140886,0.922275928342967,master_all_results.csv,/kaggle/input/datasets/rabianaz22/05-aggregation-output-3rd-paper/aggregated_results,XGBoost/XGBoost
Tabular,XGBoost,XGBoost,symmetric,0.3,4.0,278885.0,29.930257991645306,0.8481964671097719,0.921530098535592,master_all_results.csv,/kaggle/input/datasets/rabianaz22/05-aggregation-output-3rd-paper/aggregated_results,XGBoost/XGBoost
Tabular,XGBoost,XGBoost,symmetric,0.4,0.0,278884.0,40.13138078914531,0.8057826405078286,0.904334356444164,master_all_results.csv,/kaggle/input/datasets/rabianaz22/05-aggregation-output-3rd-paper/aggregated_results,XGBoost/XGBoost
Tabular,XGBoost,XGBoost,symmetric,0.4,1.0,278885.0,39.942628682073256,0.8076602686909914,0.904060469585921,master_all_results.csv,/kaggle/input/datasets/rabianaz22/05-aggregation-output-3rd-paper/aggregated_results,XGBoost/XGBoost
Tabular,XGBoost,XGBoost,symmetric,0.4,2.0,278885.0,40.06776986930097,0.811250940238956,0.9041895555141206,master_all_results.csv,/kaggle/input/datasets/rabianaz22/05-aggregation-output-3rd-paper/aggregated_results,XGBoost/XGBoost
Tabular,XGBoost,XGBoost,symmetric,0.4,3.0,278885.0,40.01111569284831,0.807522566687165,0.9048636709169404,master_all_results.csv,/kaggle/input/datasets/rabianaz22/05-aggregation-output-3rd-paper/aggregated_results,XGBoost/XGBoost
Tabular,XGBoost,XGBoost,symmetric,0.4,4.0,278885.0,39.85513742223497,0.8031906341266731,0.9012062362846202,master_all_results.csv,/kaggle/input/datasets/rabianaz22/05-aggregation-output-3rd-paper/aggregated_results,XGBoost/XGBoost
Tabular,XGBoost,XGBoost,asymmetric,0.0,0.0,278884.0,0.0,0.9359856805469464,0.9620636241071684,master_all_results.csv,/kaggle/input/datasets/rabianaz22/05-aggregation-output-3rd-paper/aggregated_results,XGBoost/XGBoost
Tabular,XGBoost,XGBoost,asymmetric,0.0,1.0,278885.0,0.0,0.9371227919982108,0.9628519384403552,master_all_results.csv,/kaggle/input/datasets/rabianaz22/05-aggregation-output-3rd-paper/aggregated_results,XGBoost/XGBoost
Tabular,XGBoost,XGBoost,asymmetric,0.0,2.0,278885.0,0.0,0.937935776536299,0.961403307468338,master_all_results.csv,/kaggle/input/datasets/rabianaz22/05-aggregation-output-3rd-paper/aggregated_results,XGBoost/XGBoost
Tabular,XGBoost,XGBoost,asymmetric,0.0,3.0,278885.0,0.0,0.9363734112630088,0.9606861634227852,master_all_results.csv,/kaggle/input/datasets/rabianaz22/05-aggregation-output-3rd-paper/aggregated_results,XGBoost/XGBoost
Tabular,XGBoost,XGBoost,asymmetric,0.0,4.0,278885.0,0.0,0.9337574083899371,0.959954676496321,master_all_results.csv,/kaggle/input/datasets/rabianaz22/05-aggregation-output-3rd-paper/aggregated_results,XGBoost/XGBoost
Tabular,XGBoost,XGBoost,asymmetric,0.1,0.0,278884.0,10.010255159851408,0.9032224420952076,0.9431312928487422,master_all_results.csv,/kaggle/input/datasets/rabianaz22/05-aggregation-output-3rd-paper/aggregated_results,XGBoost/XGBoost
Tabular,XGBoost,XGBoost,asymmetric,0.1,1.0,278885.0,10.013804973376123,0.9103305075007664,0.9455257382997948,master_all_results.csv,/kaggle/input/datasets/rabianaz22/05-aggregation-output-3rd-paper/aggregated_results,XGBoost/XGBoost
Tabular,XGBoost,XGBoost,asymmetric,0.1,2.0,278885.0,10.05181347150259,0.9093008422324568,0.9432165344731144,master_all_results.csv,/kaggle/input/datasets/rabianaz22/05-aggregation-output-3rd-paper/aggregated_results,XGBoost/XGBoost
Tabular,XGBoost,XGBoost,asymmetric,0.1,3.0,278885.0,10.024562095487386,0.9063363531987682,0.9448803086587972,master_all_results.csv,/kaggle/input/datasets/rabianaz22/05-aggregation-output-3rd-paper/aggregated_results,XGBoost/XGBoost
Tabular,XGBoost,XGBoost,asymmetric,0.1,4.0,278885.0,9.96503935313839,0.903548830249513,0.9429870483785372,master_all_results.csv,/kaggle/input/datasets/rabianaz22/05-aggregation-output-3rd-paper/aggregated_results,XGBoost/XGBoost
Tabular,XGBoost,XGBoost,asymmetric,0.2,0.0,278884.0,20.01082887508785,0.8480031181126044,0.9162818048822466,master_all_results.csv,/kaggle/input/datasets/rabianaz22/05-aggregation-output-3rd-paper/aggregated_results,XGBoost/XGBoost
Tabular,XGBoost,XGBoost,asymmetric,0.2,1.0,278885.0,20.00501999031859,0.858075108142134,0.919895010111731,master_all_results.csv,/kaggle/input/datasets/rabianaz22/05-aggregation-output-3rd-paper/aggregated_results,XGBoost/XGBoost
Tabular,XGBoost,XGBoost,asymmetric,0.2,2.0,278885.0,19.98601574125536,0.8497755515459876,0.9156925460047906,master_all_results.csv,/kaggle/input/datasets/rabianaz22/05-aggregation-output-3rd-paper/aggregated_results,XGBoost/XGBoost
Tabular,XGBoost,XGBoost,asymmetric,0.2,3.0,278885.0,19.96199150187353,0.8519240088583299,0.9168112907158532,master_all_results.csv,/kaggle/input/datasets/rabianaz22/05-aggregation-output-3rd-paper/aggregated_results,XGBoost/XGBoost
Tabular,XGBoost,XGBoost,asymmetric,0.2,4.0,278885.0,20.058805600874912,0.8475225451343081,0.9154056883865692,master_all_results.csv,/kaggle/input/datasets/rabianaz22/05-aggregation-output-3rd-paper/aggregated_results,XGBoost/XGBoost
Tabular,XGBoost,XGBoost,asymmetric,0.3,0.0,278884.0,30.056224093171352,0.7487069965236212,0.8573477525027968,master_all_results.csv,/kaggle/input/datasets/rabianaz22/05-aggregation-output-3rd-paper/aggregated_results,XGBoost/XGBoost
Tabular,XGBoost,XGBoost,asymmetric,0.3,1.0,278885.0,30.04105634939133,0.7560613113696206,0.8604867973781214,master_all_results.csv,/kaggle/input/datasets/rabianaz22/05-aggregation-output-3rd-paper/aggregated_results,XGBoost/XGBoost
Tabular,XGBoost,XGBoost,asymmetric,0.3,2.0,278885.0,29.96503935313839,0.7540442157944091,0.8575034781486209,master_all_results.csv,/kaggle/input/datasets/rabianaz22/05-aggregation-output-3rd-paper/aggregated_results,XGBoost/XGBoost
Tabular,XGBoost,XGBoost,asymmetric,0.3,3.0,278885.0,30.011294978216828,0.7489426259146681,0.8574747923867988,master_all_results.csv,/kaggle/input/datasets/rabianaz22/05-aggregation-output-3rd-paper/aggregated_results,XGBoost/XGBoost
Tabular,XGBoost,XGBoost,asymmetric,0.3,4.0,278885.0,29.930257991645306,0.7478102957846221,0.8581202220277965,master_all_results.csv,/kaggle/input/datasets/rabianaz22/05-aggregation-output-3rd-paper/aggregated_results,XGBoost/XGBoost
Tabular,XGBoost,XGBoost,asymmetric,0.4,0.0,278884.0,40.13138078914531,0.603356547906567,0.72975531396116,master_all_results.csv,/kaggle/input/datasets/rabianaz22/05-aggregation-output-3rd-paper/aggregated_results,XGBoost/XGBoost
Tabular,XGBoost,XGBoost,asymmetric,0.4,1.0,278885.0,39.942628682073256,0.6059782519911486,0.7316877267968044,master_all_results.csv,/kaggle/input/datasets/rabianaz22/05-aggregation-output-3rd-paper/aggregated_results,XGBoost/XGBoost
Tabular,XGBoost,XGBoost,asymmetric,0.4,2.0,278885.0,40.06776986930097,0.6038728098328258,0.7343268168844395,master_all_results.csv,/kaggle/input/datasets/rabianaz22/05-aggregation-output-3rd-paper/aggregated_results,XGBoost/XGBoost
Tabular,XGBoost,XGBoost,asymmetric,0.4,3.0,278885.0,40.01111569284831,0.6089328381352433,0.7351300182154588,master_all_results.csv,/kaggle/input/datasets/rabianaz22/05-aggregation-output-3rd-paper/aggregated_results,XGBoost/XGBoost
Tabular,XGBoost,XGBoost,asymmetric,0.4,4.0,278885.0,39.85513742223497,0.6163178881463673,0.7333801867443095,master_all_results.csv,/kaggle/input/datasets/rabianaz22/05-aggregation-output-3rd-paper/aggregated_results,XGBoost/XGBoost
Tabular,Voting,Voting,symmetric,0.0,0.0,278884.0,0.0,0.9298958527604542,0.9562835260032702,master_all_results.csv,/kaggle/input/datasets/rabianaz22/05-aggregation-output-3rd-paper/aggregated_results,Voting/Voting
Tabular,Voting,Voting,symmetric,0.0,1.0,278885.0,0.0,0.9337140642133948,0.9583626167151934,master_all_results.csv,/kaggle/input/datasets/rabianaz22/05-aggregation-output-3rd-paper/aggregated_results,Voting/Voting
Tabular,Voting,Voting,symmetric,0.0,2.0,278885.0,0.0,0.9355178092799752,0.956584099482222,master_all_results.csv,/kaggle/input/datasets/rabianaz22/05-aggregation-output-3rd-paper/aggregated_results,Voting/Voting
Tabular,Voting,Voting,symmetric,0.0,3.0,278885.0,0.0,0.935946711882502,0.957057414552287,master_all_results.csv,/kaggle/input/datasets/rabianaz22/05-aggregation-output-3rd-paper/aggregated_results,Voting/Voting
Tabular,Voting,Voting,symmetric,0.0,4.0,278885.0,0.0,0.92990507350469,0.9549776968201832,master_all_results.csv,/kaggle/input/datasets/rabianaz22/05-aggregation-output-3rd-paper/aggregated_results,Voting/Voting
Tabular,Voting,Voting,symmetric,0.1,0.0,278884.0,10.010255159851408,0.9038893703975102,0.9443217348899916,master_all_results.csv,/kaggle/input/datasets/rabianaz22/05-aggregation-output-3rd-paper/aggregated_results,Voting/Voting
Tabular,Voting,Voting,symmetric,0.1,1.0,278885.0,10.013804973376123,0.9123093288145732,0.946787911819968,master_all_results.csv,/kaggle/input/datasets/rabianaz22/05-aggregation-output-3rd-paper/aggregated_results,Voting/Voting
Tabular,Voting,Voting,symmetric,0.1,2.0,278885.0,10.05181347150259,0.910957956697374,0.9437615639477346,master_all_results.csv,/kaggle/input/datasets/rabianaz22/05-aggregation-output-3rd-paper/aggregated_results,Voting/Voting
Tabular,Voting,Voting,symmetric,0.1,3.0,278885.0,10.024562095487386,0.9131420606064008,0.9461137964171484,master_all_results.csv,/kaggle/input/datasets/rabianaz22/05-aggregation-output-3rd-paper/aggregated_results,Voting/Voting
Tabular,Voting,Voting,symmetric,0.1,4.0,278885.0,9.96503935313839,0.9062293473183284,0.9431161343067368,master_all_results.csv,/kaggle/input/datasets/rabianaz22/05-aggregation-output-3rd-paper/aggregated_results,Voting/Voting
Tabular,Voting,Voting,symmetric,0.2,0.0,278884.0,20.01082887508785,0.8745212413819269,0.933478672441984,master_all_results.csv,/kaggle/input/datasets/rabianaz22/05-aggregation-output-3rd-paper/aggregated_results,Voting/Voting
Tabular,Voting,Voting,symmetric,0.2,1.0,278885.0,20.00501999031859,0.8812106707479032,0.9356865219948078,master_all_results.csv,/kaggle/input/datasets/rabianaz22/05-aggregation-output-3rd-paper/aggregated_results,Voting/Voting
Tabular,Voting,Voting,symmetric,0.2,2.0,278885.0,19.98601574125536,0.8824706139437998,0.9330044032644396,master_all_results.csv,/kaggle/input/datasets/rabianaz22/05-aggregation-output-3rd-paper/aggregated_results,Voting/Voting
Tabular,Voting,Voting,symmetric,0.2,3.0,278885.0,19.96199150187353,0.8825766335009748,0.9339223476427476,master_all_results.csv,/kaggle/input/datasets/rabianaz22/05-aggregation-output-3rd-paper/aggregated_results,Voting/Voting
Tabular,Voting,Voting,symmetric,0.2,4.0,278885.0,20.058805600874912,0.8749153025030678,0.9322442305761536,master_all_results.csv,/kaggle/input/datasets/rabianaz22/05-aggregation-output-3rd-paper/aggregated_results,Voting/Voting
Tabular,Voting,Voting,symmetric,0.3,0.0,278884.0,30.056224093171352,0.830199525772778,0.9179455552049568,master_all_results.csv,/kaggle/input/datasets/rabianaz22/05-aggregation-output-3rd-paper/aggregated_results,Voting/Voting
Tabular,Voting,Voting,symmetric,0.3,1.0,278885.0,30.04105634939133,0.8262956948307586,0.9195794667316878,master_all_results.csv,/kaggle/input/datasets/rabianaz22/05-aggregation-output-3rd-paper/aggregated_results,Voting/Voting
Tabular,Voting,Voting,symmetric,0.3,2.0,278885.0,29.96503935313839,0.8354123605007875,0.9175714634041392,master_all_results.csv,/kaggle/input/datasets/rabianaz22/05-aggregation-output-3rd-paper/aggregated_results,Voting/Voting
Tabular,Voting,Voting,symmetric,0.3,3.0,278885.0,30.011294978216828,0.836071915051755,0.9193643235180218,master_all_results.csv,/kaggle/input/datasets/rabianaz22/05-aggregation-output-3rd-paper/aggregated_results,Voting/Voting
Tabular,Voting,Voting,symmetric,0.3,4.0,278885.0,29.930257991645306,0.8267577393222127,0.9166678619067424,master_all_results.csv,/kaggle/input/datasets/rabianaz22/05-aggregation-output-3rd-paper/aggregated_results,Voting/Voting
Tabular,Voting,Voting,symmetric,0.4,0.0,278884.0,40.13138078914531,0.758460822019246,0.8903932761538682,master_all_results.csv,/kaggle/input/datasets/rabianaz22/05-aggregation-output-3rd-paper/aggregated_results,Voting/Voting
Tabular,Voting,Voting,symmetric,0.4,1.0,278885.0,39.942628682073256,0.76188476033463,0.8919981067397197,master_all_results.csv,/kaggle/input/datasets/rabianaz22/05-aggregation-output-3rd-paper/aggregated_results,Voting/Voting
Tabular,Voting,Voting,symmetric,0.4,2.0,278885.0,40.06776986930097,0.7639918774103757,0.8916251918360322,master_all_results.csv,/kaggle/input/datasets/rabianaz22/05-aggregation-output-3rd-paper/aggregated_results,Voting/Voting
Tabular,Voting,Voting,symmetric,0.4,3.0,278885.0,40.01111569284831,0.7629975208073974,0.8922562785961188,master_all_results.csv,/kaggle/input/datasets/rabianaz22/05-aggregation-output-3rd-paper/aggregated_results,Voting/Voting
Tabular,Voting,Voting,symmetric,0.4,4.0,278885.0,39.85513742223497,0.7575663428114029,0.8896315313893949,master_all_results.csv,/kaggle/input/datasets/rabianaz22/05-aggregation-output-3rd-paper/aggregated_results,Voting/Voting
Tabular,Voting,Voting,asymmetric,0.0,0.0,278884.0,0.0,0.9298958527604542,0.9562835260032702,master_all_results.csv,/kaggle/input/datasets/rabianaz22/05-aggregation-output-3rd-paper/aggregated_results,Voting/Voting
Tabular,Voting,Voting,asymmetric,0.0,1.0,278885.0,0.0,0.9337140642133948,0.9583626167151934,master_all_results.csv,/kaggle/input/datasets/rabianaz22/05-aggregation-output-3rd-paper/aggregated_results,Voting/Voting
Tabular,Voting,Voting,asymmetric,0.0,2.0,278885.0,0.0,0.9355178092799752,0.956584099482222,master_all_results.csv,/kaggle/input/datasets/rabianaz22/05-aggregation-output-3rd-paper/aggregated_results,Voting/Voting
Tabular,Voting,Voting,asymmetric,0.0,3.0,278885.0,0.0,0.935946711882502,0.957057414552287,master_all_results.csv,/kaggle/input/datasets/rabianaz22/05-aggregation-output-3rd-paper/aggregated_results,Voting/Voting
Tabular,Voting,Voting,asymmetric,0.0,4.0,278885.0,0.0,0.92990507350469,0.9549776968201832,master_all_results.csv,/kaggle/input/datasets/rabianaz22/05-aggregation-output-3rd-paper/aggregated_results,Voting/Voting
Tabular,Voting,Voting,asymmetric,0.1,0.0,278884.0,10.010255159851408,0.9052024473216996,0.942428501764149,master_all_results.csv,/kaggle/input/datasets/rabianaz22/05-aggregation-output-3rd-paper/aggregated_results,Voting/Voting
Tabular,Voting,Voting,asymmetric,0.1,1.0,278885.0,10.013804973376123,0.9097799286188586,0.9450380803488188,master_all_results.csv,/kaggle/input/datasets/rabianaz22/05-aggregation-output-3rd-paper/aggregated_results,Voting/Voting
Tabular,Voting,Voting,asymmetric,0.1,2.0,278885.0,10.05181347150259,0.9110729380855992,0.9430444199021816,master_all_results.csv,/kaggle/input/datasets/rabianaz22/05-aggregation-output-3rd-paper/aggregated_results,Voting/Voting
Tabular,Voting,Voting,asymmetric,0.1,3.0,278885.0,10.024562095487386,0.9115162708963876,0.9447942513733308,master_all_results.csv,/kaggle/input/datasets/rabianaz22/05-aggregation-output-3rd-paper/aggregated_results,Voting/Voting
Tabular,Voting,Voting,asymmetric,0.1,4.0,278885.0,9.96503935313839,0.9092316824633428,0.942642819236672,master_all_results.csv,/kaggle/input/datasets/rabianaz22/05-aggregation-output-3rd-paper/aggregated_results,Voting/Voting
Tabular,Voting,Voting,asymmetric,0.2,0.0,278884.0,20.01082887508785,0.8447702760424726,0.9154642723960872,master_all_results.csv,/kaggle/input/datasets/rabianaz22/05-aggregation-output-3rd-paper/aggregated_results,Voting/Voting
Tabular,Voting,Voting,asymmetric,0.2,1.0,278885.0,20.00501999031859,0.8529996045200766,0.919421695041666,master_all_results.csv,/kaggle/input/datasets/rabianaz22/05-aggregation-output-3rd-paper/aggregated_results,Voting/Voting
Tabular,Voting,Voting,asymmetric,0.2,2.0,278885.0,19.98601574125536,0.8532739167403053,0.9166248332640096,master_all_results.csv,/kaggle/input/datasets/rabianaz22/05-aggregation-output-3rd-paper/aggregated_results,Voting/Voting
Tabular,Voting,Voting,asymmetric,0.2,3.0,278885.0,19.96199150187353,0.8511925792717371,0.9176718635705168,master_all_results.csv,/kaggle/input/datasets/rabianaz22/05-aggregation-output-3rd-paper/aggregated_results,Voting/Voting
Tabular,Voting,Voting,asymmetric,0.2,4.0,278885.0,20.058805600874912,0.8434173113800092,0.9145164297700836,master_all_results.csv,/kaggle/input/datasets/rabianaz22/05-aggregation-output-3rd-paper/aggregated_results,Voting/Voting
Tabular,Voting,Voting,asymmetric,0.3,0.0,278884.0,30.056224093171352,0.7373840220861388,0.8505923524855856,master_all_results.csv,/kaggle/input/datasets/rabianaz22/05-aggregation-output-3rd-paper/aggregated_results,Voting/Voting
Tabular,Voting,Voting,asymmetric,0.3,1.0,278885.0,30.04105634939133,0.7472795619296823,0.8542906728245435,master_all_results.csv,/kaggle/input/datasets/rabianaz22/05-aggregation-output-3rd-paper/aggregated_results,Voting/Voting
Tabular,Voting,Voting,asymmetric,0.3,2.0,278885.0,29.96503935313839,0.7448735892741413,0.8525121555915721,master_all_results.csv,/kaggle/input/datasets/rabianaz22/05-aggregation-output-3rd-paper/aggregated_results,Voting/Voting
Tabular,Voting,Voting,asymmetric,0.3,3.0,278885.0,30.011294978216828,0.7432063635641618,0.852497812710661,master_all_results.csv,/kaggle/input/datasets/rabianaz22/05-aggregation-output-3rd-paper/aggregated_results,Voting/Voting
Tabular,Voting,Voting,asymmetric,0.3,4.0,278885.0,29.930257991645306,0.7406110338152901,0.8516659256178196,master_all_results.csv,/kaggle/input/datasets/rabianaz22/05-aggregation-output-3rd-paper/aggregated_results,Voting/Voting
Tabular,Voting,Voting,asymmetric,0.4,0.0,278884.0,40.13138078914531,0.6030485683316396,0.7132612374860159,master_all_results.csv,/kaggle/input/datasets/rabianaz22/05-aggregation-output-3rd-paper/aggregated_results,Voting/Voting
Tabular,Voting,Voting,asymmetric,0.4,1.0,278885.0,39.942628682073256,0.6018775354567515,0.7149495847735976,master_all_results.csv,/kaggle/input/datasets/rabianaz22/05-aggregation-output-3rd-paper/aggregated_results,Voting/Voting
Tabular,Voting,Voting,asymmetric,0.4,2.0,278885.0,40.06776986930097,0.6011178181920956,0.7189942771905165,master_all_results.csv,/kaggle/input/datasets/rabianaz22/05-aggregation-output-3rd-paper/aggregated_results,Voting/Voting
Tabular,Voting,Voting,asymmetric,0.4,3.0,278885.0,40.01111569284831,0.605612383940063,0.7170149596247902,master_all_results.csv,/kaggle/input/datasets/rabianaz22/05-aggregation-output-3rd-paper/aggregated_results,Voting/Voting
Tabular,Voting,Voting,asymmetric,0.4,4.0,278885.0,39.85513742223497,0.6100934301801393,0.7156380430573285,master_all_results.csv,/kaggle/input/datasets/rabianaz22/05-aggregation-output-3rd-paper/aggregated_results,Voting/Voting
Tabular,Stacking,Stacking,symmetric,0.0,0.0,80000.0,0.0,0.8883991441620723,0.92555,master_all_results.csv,/kaggle/input/datasets/rabianaz22/05-aggregation-output-3rd-paper/aggregated_results,Stacking/Stacking
Tabular,Stacking,Stacking,symmetric,0.0,1.0,80000.0,0.0,0.8889650753418392,0.92845,master_all_results.csv,/kaggle/input/datasets/rabianaz22/05-aggregation-output-3rd-paper/aggregated_results,Stacking/Stacking
Tabular,Stacking,Stacking,symmetric,0.0,2.0,80000.0,0.0,0.8835323747350419,0.9261,master_all_results.csv,/kaggle/input/datasets/rabianaz22/05-aggregation-output-3rd-paper/aggregated_results,Stacking/Stacking
Tabular,Stacking,Stacking,symmetric,0.0,3.0,80000.0,0.0,0.8875133811503207,0.92635,master_all_results.csv,/kaggle/input/datasets/rabianaz22/05-aggregation-output-3rd-paper/aggregated_results,Stacking/Stacking
Tabular,Stacking,Stacking,symmetric,0.0,4.0,80000.0,0.0,0.8988543711610585,0.92925,master_all_results.csv,/kaggle/input/datasets/rabianaz22/05-aggregation-output-3rd-paper/aggregated_results,Stacking/Stacking
Tabular,Stacking,Stacking,symmetric,0.1,0.0,80000.0,10.13875,0.8615318965249305,0.912,master_all_results.csv,/kaggle/input/datasets/rabianaz22/05-aggregation-output-3rd-paper/aggregated_results,Stacking/Stacking
Tabular,Stacking,Stacking,symmetric,0.1,1.0,80000.0,9.93625,0.8550878582159865,0.91455,master_all_results.csv,/kaggle/input/datasets/rabianaz22/05-aggregation-output-3rd-paper/aggregated_results,Stacking/Stacking
Tabular,Stacking,Stacking,symmetric,0.1,2.0,80000.0,10.19375,0.8501084729339075,0.9107,master_all_results.csv,/kaggle/input/datasets/rabianaz22/05-aggregation-output-3rd-paper/aggregated_results,Stacking/Stacking
Tabular,Stacking,Stacking,symmetric,0.1,3.0,80000.0,10.08375,0.8545722155572972,0.911,master_all_results.csv,/kaggle/input/datasets/rabianaz22/05-aggregation-output-3rd-paper/aggregated_results,Stacking/Stacking
Tabular,Stacking,Stacking,symmetric,0.1,4.0,80000.0,10.10875,0.8586943813745024,0.91325,master_all_results.csv,/kaggle/input/datasets/rabianaz22/05-aggregation-output-3rd-paper/aggregated_results,Stacking/Stacking
Tabular,Stacking,Stacking,symmetric,0.2,0.0,80000.0,19.885,0.8234866241022419,0.8979,master_all_results.csv,/kaggle/input/datasets/rabianaz22/05-aggregation-output-3rd-paper/aggregated_results,Stacking/Stacking
Tabular,Stacking,Stacking,symmetric,0.2,1.0,80000.0,20.07125,0.8329570234674998,0.90085,master_all_results.csv,/kaggle/input/datasets/rabianaz22/05-aggregation-output-3rd-paper/aggregated_results,Stacking/Stacking
Tabular,Stacking,Stacking,symmetric,0.2,2.0,80000.0,19.92625,0.822826110883825,0.8966,master_all_results.csv,/kaggle/input/datasets/rabianaz22/05-aggregation-output-3rd-paper/aggregated_results,Stacking/Stacking
Tabular,Stacking,Stacking,symmetric,0.2,3.0,80000.0,20.09,0.8325428013451649,0.8987,master_all_results.csv,/kaggle/input/datasets/rabianaz22/05-aggregation-output-3rd-paper/aggregated_results,Stacking/Stacking
Tabular,Stacking,Stacking,symmetric,0.2,4.0,80000.0,20.01875,0.830562320186678,0.90025,master_all_results.csv,/kaggle/input/datasets/rabianaz22/05-aggregation-output-3rd-paper/aggregated_results,Stacking/Stacking
Tabular,Stacking,Stacking,symmetric,0.3,0.0,80000.0,29.898750000000003,0.7873828614822898,0.8815,master_all_results.csv,/kaggle/input/datasets/rabianaz22/05-aggregation-output-3rd-paper/aggregated_results,Stacking/Stacking
Tabular,Stacking,Stacking,symmetric,0.3,1.0,80000.0,30.05625,0.7834927724859736,0.8814,master_all_results.csv,/kaggle/input/datasets/rabianaz22/05-aggregation-output-3rd-paper/aggregated_results,Stacking/Stacking
Tabular,Stacking,Stacking,symmetric,0.3,2.0,80000.0,30.03125,0.7797788055219572,0.8811,master_all_results.csv,/kaggle/input/datasets/rabianaz22/05-aggregation-output-3rd-paper/aggregated_results,Stacking/Stacking
Tabular,Stacking,Stacking,symmetric,0.3,3.0,80000.0,29.98375,0.7661683563000995,0.8791,master_all_results.csv,/kaggle/input/datasets/rabianaz22/05-aggregation-output-3rd-paper/aggregated_results,Stacking/Stacking
Tabular,Stacking,Stacking,symmetric,0.3,4.0,80000.0,30.051250000000003,0.7853175444201447,0.8815,master_all_results.csv,/kaggle/input/datasets/rabianaz22/05-aggregation-output-3rd-paper/aggregated_results,Stacking/Stacking
Tabular,Stacking,Stacking,symmetric,0.4,0.0,80000.0,40.0825,0.6836463224983075,0.86005,master_all_results.csv,/kaggle/input/datasets/rabianaz22/05-aggregation-output-3rd-paper/aggregated_results,Stacking/Stacking
Tabular,Stacking,Stacking,symmetric,0.4,1.0,80000.0,39.9325,0.6967336241904357,0.86125,master_all_results.csv,/kaggle/input/datasets/rabianaz22/05-aggregation-output-3rd-paper/aggregated_results,Stacking/Stacking
Tabular,Stacking,Stacking,symmetric,0.4,2.0,80000.0,40.21125,0.665835763966763,0.8571,master_all_results.csv,/kaggle/input/datasets/rabianaz22/05-aggregation-output-3rd-paper/aggregated_results,Stacking/Stacking
Tabular,Stacking,Stacking,symmetric,0.4,3.0,80000.0,40.08875,0.6767351142402102,0.86095,master_all_results.csv,/kaggle/input/datasets/rabianaz22/05-aggregation-output-3rd-paper/aggregated_results,Stacking/Stacking
Tabular,Stacking,Stacking,symmetric,0.4,4.0,80000.0,39.975,0.6649316449560688,0.8598,master_all_results.csv,/kaggle/input/datasets/rabianaz22/05-aggregation-output-3rd-paper/aggregated_results,Stacking/Stacking
Tabular,Stacking,Stacking,asymmetric,0.0,0.0,80000.0,0.0,0.8883991441620723,0.92555,master_all_results.csv,/kaggle/input/datasets/rabianaz22/05-aggregation-output-3rd-paper/aggregated_results,Stacking/Stacking
Tabular,Stacking,Stacking,asymmetric,0.0,1.0,80000.0,0.0,0.8889650753418392,0.92845,master_all_results.csv,/kaggle/input/datasets/rabianaz22/05-aggregation-output-3rd-paper/aggregated_results,Stacking/Stacking
Tabular,Stacking,Stacking,asymmetric,0.0,2.0,80000.0,0.0,0.8835323747350419,0.9261,master_all_results.csv,/kaggle/input/datasets/rabianaz22/05-aggregation-output-3rd-paper/aggregated_results,Stacking/Stacking
Tabular,Stacking,Stacking,asymmetric,0.0,3.0,80000.0,0.0,0.8875133811503207,0.92635,master_all_results.csv,/kaggle/input/datasets/rabianaz22/05-aggregation-output-3rd-paper/aggregated_results,Stacking/Stacking
Tabular,Stacking,Stacking,asymmetric,0.0,4.0,80000.0,0.0,0.8988543711610585,0.92925,master_all_results.csv,/kaggle/input/datasets/rabianaz22/05-aggregation-output-3rd-paper/aggregated_results,Stacking/Stacking
Tabular,Stacking,Stacking,asymmetric,0.1,0.0,80000.0,10.13875,0.8593311536486181,0.90485,master_all_results.csv,/kaggle/input/datasets/rabianaz22/05-aggregation-output-3rd-paper/aggregated_results,Stacking/Stacking
Tabular,Stacking,Stacking,asymmetric,0.1,1.0,80000.0,9.93625,0.854423677405908,0.9087,master_all_results.csv,/kaggle/input/datasets/rabianaz22/05-aggregation-output-3rd-paper/aggregated_results,Stacking/Stacking
Tabular,Stacking,Stacking,asymmetric,0.1,2.0,80000.0,10.19375,0.8555510732056618,0.9041,master_all_results.csv,/kaggle/input/datasets/rabianaz22/05-aggregation-output-3rd-paper/aggregated_results,Stacking/Stacking
Tabular,Stacking,Stacking,asymmetric,0.1,3.0,80000.0,10.08375,0.8556929647565477,0.90545,master_all_results.csv,/kaggle/input/datasets/rabianaz22/05-aggregation-output-3rd-paper/aggregated_results,Stacking/Stacking
Tabular,Stacking,Stacking,asymmetric,0.1,4.0,80000.0,10.10875,0.8669738829748617,0.90925,master_all_results.csv,/kaggle/input/datasets/rabianaz22/05-aggregation-output-3rd-paper/aggregated_results,Stacking/Stacking
Tabular,Stacking,Stacking,asymmetric,0.2,0.0,80000.0,19.885,0.8232927908391189,0.88055,master_all_results.csv,/kaggle/input/datasets/rabianaz22/05-aggregation-output-3rd-paper/aggregated_results,Stacking/Stacking
Tabular,Stacking,Stacking,asymmetric,0.2,1.0,80000.0,20.07125,0.8276320939658569,0.88125,master_all_results.csv,/kaggle/input/datasets/rabianaz22/05-aggregation-output-3rd-paper/aggregated_results,Stacking/Stacking
Tabular,Stacking,Stacking,asymmetric,0.2,2.0,80000.0,19.92625,0.8182100871633,0.8772,master_all_results.csv,/kaggle/input/datasets/rabianaz22/05-aggregation-output-3rd-paper/aggregated_results,Stacking/Stacking
Tabular,Stacking,Stacking,asymmetric,0.2,3.0,80000.0,20.09,0.8239648211281402,0.8793,master_all_results.csv,/kaggle/input/datasets/rabianaz22/05-aggregation-output-3rd-paper/aggregated_results,Stacking/Stacking
Tabular,Stacking,Stacking,asymmetric,0.2,4.0,80000.0,20.01875,0.8247189707651386,0.8819,master_all_results.csv,/kaggle/input/datasets/rabianaz22/05-aggregation-output-3rd-paper/aggregated_results,Stacking/Stacking
Tabular,Stacking,Stacking,asymmetric,0.3,0.0,80000.0,29.898750000000003,0.7742193644211653,0.84415,master_all_results.csv,/kaggle/input/datasets/rabianaz22/05-aggregation-output-3rd-paper/aggregated_results,Stacking/Stacking
Tabular,Stacking,Stacking,asymmetric,0.3,1.0,80000.0,30.05625,0.7859997918001354,0.84965,master_all_results.csv,/kaggle/input/datasets/rabianaz22/05-aggregation-output-3rd-paper/aggregated_results,Stacking/Stacking
Tabular,Stacking,Stacking,asymmetric,0.3,2.0,80000.0,30.03125,0.7866693553881828,0.8441,master_all_results.csv,/kaggle/input/datasets/rabianaz22/05-aggregation-output-3rd-paper/aggregated_results,Stacking/Stacking
Tabular,Stacking,Stacking,asymmetric,0.3,3.0,80000.0,29.98375,0.7641827419712569,0.84285,master_all_results.csv,/kaggle/input/datasets/rabianaz22/05-aggregation-output-3rd-paper/aggregated_results,Stacking/Stacking
Tabular,Stacking,Stacking,asymmetric,0.3,4.0,80000.0,30.051250000000003,0.7824696655790613,0.8456,master_all_results.csv,/kaggle/input/datasets/rabianaz22/05-aggregation-output-3rd-paper/aggregated_results,Stacking/Stacking
Tabular,Stacking,Stacking,asymmetric,0.4,0.0,80000.0,40.0825,0.6966043666508753,0.7921,master_all_results.csv,/kaggle/input/datasets/rabianaz22/05-aggregation-output-3rd-paper/aggregated_results,Stacking/Stacking
Tabular,Stacking,Stacking,asymmetric,0.4,1.0,80000.0,39.9325,0.669822441435677,0.7971,master_all_results.csv,/kaggle/input/datasets/rabianaz22/05-aggregation-output-3rd-paper/aggregated_results,Stacking/Stacking
Tabular,Stacking,Stacking,asymmetric,0.4,2.0,80000.0,40.21125,0.6812125261860054,0.79275,master_all_results.csv,/kaggle/input/datasets/rabianaz22/05-aggregation-output-3rd-paper/aggregated_results,Stacking/Stacking
Tabular,Stacking,Stacking,asymmetric,0.4,3.0,80000.0,40.08875,0.693306275540597,0.79305,master_all_results.csv,/kaggle/input/datasets/rabianaz22/05-aggregation-output-3rd-paper/aggregated_results,Stacking/Stacking
Tabular,Stacking,Stacking,asymmetric,0.4,4.0,80000.0,39.975,0.6743694969354685,0.7921,master_all_results.csv,/kaggle/input/datasets/rabianaz22/05-aggregation-output-3rd-paper/aggregated_results,Stacking/Stacking
Image,RandomForest_Image,RF,symmetric,0.0,0.0,12960.0,0.0,0.9037211471257974,0.907716049382716,master_all_results.csv,/kaggle/input/datasets/rabianaz22/05-aggregation-output-3rd-paper/aggregated_results,RandomForest_Image/RF
Image,RandomForest_Image,RF,symmetric,0.0,1.0,12960.0,0.0,0.9107144278188934,0.9148148148148147,master_all_results.csv,/kaggle/input/datasets/rabianaz22/05-aggregation-output-3rd-paper/aggregated_results,RandomForest_Image/RF
Image,RandomForest_Image,RF,symmetric,0.0,2.0,12960.0,0.0,0.9098141499402914,0.9132716049382716,master_all_results.csv,/kaggle/input/datasets/rabianaz22/05-aggregation-output-3rd-paper/aggregated_results,RandomForest_Image/RF
Image,RandomForest_Image,RF,symmetric,0.0,3.0,12960.0,0.0,0.8920407741588887,0.8975308641975308,master_all_results.csv,/kaggle/input/datasets/rabianaz22/05-aggregation-output-3rd-paper/aggregated_results,RandomForest_Image/RF
Image,RandomForest_Image,RF,symmetric,0.0,4.0,12960.0,0.0,0.8954820501867667,0.8993827160493827,master_all_results.csv,/kaggle/input/datasets/rabianaz22/05-aggregation-output-3rd-paper/aggregated_results,RandomForest_Image/RF
Image,RandomForest_Image,RF,symmetric,0.1,0.0,12960.0,10.339506172839506,0.9022961018477188,0.9064814814814814,master_all_results.csv,/kaggle/input/datasets/rabianaz22/05-aggregation-output-3rd-paper/aggregated_results,RandomForest_Image/RF
Image,RandomForest_Image,RF,symmetric,0.1,1.0,12960.0,10.501543209876544,0.9102094853954812,0.9141975308641976,master_all_results.csv,/kaggle/input/datasets/rabianaz22/05-aggregation-output-3rd-paper/aggregated_results,RandomForest_Image/RF
Image,RandomForest_Image,RF,symmetric,0.1,2.0,12960.0,10.123456790123456,0.9062203684620812,0.9101851851851852,master_all_results.csv,/kaggle/input/datasets/rabianaz22/05-aggregation-output-3rd-paper/aggregated_results,RandomForest_Image/RF
Image,RandomForest_Image,RF,symmetric,0.1,3.0,12960.0,9.62962962962963,0.8917735991370339,0.8975308641975308,master_all_results.csv,/kaggle/input/datasets/rabianaz22/05-aggregation-output-3rd-paper/aggregated_results,RandomForest_Image/RF
Image,RandomForest_Image,RF,symmetric,0.1,4.0,12960.0,10.15432098765432,0.8966231531533216,0.9006172839506172,master_all_results.csv,/kaggle/input/datasets/rabianaz22/05-aggregation-output-3rd-paper/aggregated_results,RandomForest_Image/RF
Image,RandomForest_Image,RF,symmetric,0.2,0.0,12960.0,20.66358024691358,0.9046447703411123,0.908641975308642,master_all_results.csv,/kaggle/input/datasets/rabianaz22/05-aggregation-output-3rd-paper/aggregated_results,RandomForest_Image/RF
Image,RandomForest_Image,RF,symmetric,0.2,1.0,12960.0,20.2391975308642,0.9059553425858884,0.9101851851851852,master_all_results.csv,/kaggle/input/datasets/rabianaz22/05-aggregation-output-3rd-paper/aggregated_results,RandomForest_Image/RF
Image,RandomForest_Image,RF,symmetric,0.2,2.0,12960.0,19.405864197530864,0.9088805853223072,0.9123456790123456,master_all_results.csv,/kaggle/input/datasets/rabianaz22/05-aggregation-output-3rd-paper/aggregated_results,RandomForest_Image/RF
Image,RandomForest_Image,RF,symmetric,0.2,3.0,12960.0,19.945987654320987,0.8929368351309235,0.8981481481481481,master_all_results.csv,/kaggle/input/datasets/rabianaz22/05-aggregation-output-3rd-paper/aggregated_results,RandomForest_Image/RF
Image,RandomForest_Image,RF,symmetric,0.2,4.0,12960.0,19.33641975308642,0.8986694953203,0.9027777777777778,master_all_results.csv,/kaggle/input/datasets/rabianaz22/05-aggregation-output-3rd-paper/aggregated_results,RandomForest_Image/RF
Image,RandomForest_Image,RF,symmetric,0.3,0.0,12960.0,30.10030864197531,0.8991067039738162,0.9030864197530863,master_all_results.csv,/kaggle/input/datasets/rabianaz22/05-aggregation-output-3rd-paper/aggregated_results,RandomForest_Image/RF
Image,RandomForest_Image,RF,symmetric,0.3,1.0,12960.0,29.39043209876544,0.902964843257148,0.9070987654320988,master_all_results.csv,/kaggle/input/datasets/rabianaz22/05-aggregation-output-3rd-paper/aggregated_results,RandomForest_Image/RF
Image,RandomForest_Image,RF,symmetric,0.3,2.0,12960.0,29.791666666666668,0.9026186719152924,0.9064814814814814,master_all_results.csv,/kaggle/input/datasets/rabianaz22/05-aggregation-output-3rd-paper/aggregated_results,RandomForest_Image/RF
Image,RandomForest_Image,RF,symmetric,0.3,3.0,12960.0,29.28240740740741,0.8961918014750074,0.9015432098765432,master_all_results.csv,/kaggle/input/datasets/rabianaz22/05-aggregation-output-3rd-paper/aggregated_results,RandomForest_Image/RF
Image,RandomForest_Image,RF,symmetric,0.3,4.0,12960.0,30.27777777777777,0.8993632933638557,0.9030864197530863,master_all_results.csv,/kaggle/input/datasets/rabianaz22/05-aggregation-output-3rd-paper/aggregated_results,RandomForest_Image/RF
Image,RandomForest_Image,RF,symmetric,0.4,0.0,12960.0,39.513888888888886,0.8985318503830557,0.9027777777777778,master_all_results.csv,/kaggle/input/datasets/rabianaz22/05-aggregation-output-3rd-paper/aggregated_results,RandomForest_Image/RF
Image,RandomForest_Image,RF,symmetric,0.4,1.0,12960.0,40.08487654320987,0.8974427661212083,0.9015432098765432,master_all_results.csv,/kaggle/input/datasets/rabianaz22/05-aggregation-output-3rd-paper/aggregated_results,RandomForest_Image/RF
Image,RandomForest_Image,RF,symmetric,0.4,2.0,12960.0,39.41358024691358,0.9031750506540764,0.90679012345679,master_all_results.csv,/kaggle/input/datasets/rabianaz22/05-aggregation-output-3rd-paper/aggregated_results,RandomForest_Image/RF
Image,RandomForest_Image,RF,symmetric,0.4,3.0,12960.0,39.96141975308642,0.886699187598345,0.8922839506172839,master_all_results.csv,/kaggle/input/datasets/rabianaz22/05-aggregation-output-3rd-paper/aggregated_results,RandomForest_Image/RF
Image,RandomForest_Image,RF,symmetric,0.4,4.0,12960.0,40.223765432098766,0.8911344661707125,0.8950617283950617,master_all_results.csv,/kaggle/input/datasets/rabianaz22/05-aggregation-output-3rd-paper/aggregated_results,RandomForest_Image/RF
Image,RandomForest_Image,RF,asymmetric,0.0,0.0,12960.0,0.0,0.9037211471257974,0.907716049382716,master_all_results.csv,/kaggle/input/datasets/rabianaz22/05-aggregation-output-3rd-paper/aggregated_results,RandomForest_Image/RF
Image,RandomForest_Image,RF,asymmetric,0.0,1.0,12960.0,0.0,0.9107144278188934,0.9148148148148147,master_all_results.csv,/kaggle/input/datasets/rabianaz22/05-aggregation-output-3rd-paper/aggregated_results,RandomForest_Image/RF
Image,RandomForest_Image,RF,asymmetric,0.0,2.0,12960.0,0.0,0.9098141499402914,0.9132716049382716,master_all_results.csv,/kaggle/input/datasets/rabianaz22/05-aggregation-output-3rd-paper/aggregated_results,RandomForest_Image/RF
Image,RandomForest_Image,RF,asymmetric,0.0,3.0,12960.0,0.0,0.8920407741588887,0.8975308641975308,master_all_results.csv,/kaggle/input/datasets/rabianaz22/05-aggregation-output-3rd-paper/aggregated_results,RandomForest_Image/RF
Image,RandomForest_Image,RF,asymmetric,0.0,4.0,12960.0,0.0,0.8954820501867667,0.8993827160493827,master_all_results.csv,/kaggle/input/datasets/rabianaz22/05-aggregation-output-3rd-paper/aggregated_results,RandomForest_Image/RF
Image,RandomForest_Image,RF,asymmetric,0.1,0.0,12960.0,10.339506172839506,0.9001195438161067,0.904320987654321,master_all_results.csv,/kaggle/input/datasets/rabianaz22/05-aggregation-output-3rd-paper/aggregated_results,RandomForest_Image/RF
Image,RandomForest_Image,RF,asymmetric,0.1,1.0,12960.0,10.501543209876544,0.9069589415728332,0.9114197530864198,master_all_results.csv,/kaggle/input/datasets/rabianaz22/05-aggregation-output-3rd-paper/aggregated_results,RandomForest_Image/RF
Image,RandomForest_Image,RF,asymmetric,0.1,2.0,12960.0,10.123456790123456,0.9104146053530756,0.9141975308641976,master_all_results.csv,/kaggle/input/datasets/rabianaz22/05-aggregation-output-3rd-paper/aggregated_results,RandomForest_Image/RF
Image,RandomForest_Image,RF,asymmetric,0.1,3.0,12960.0,9.62962962962963,0.8918008114866709,0.8969135802469136,master_all_results.csv,/kaggle/input/datasets/rabianaz22/05-aggregation-output-3rd-paper/aggregated_results,RandomForest_Image/RF
Image,RandomForest_Image,RF,asymmetric,0.1,4.0,12960.0,10.15432098765432,0.8951646603664413,0.899074074074074,master_all_results.csv,/kaggle/input/datasets/rabianaz22/05-aggregation-output-3rd-paper/aggregated_results,RandomForest_Image/RF
Image,RandomForest_Image,RF,asymmetric,0.2,0.0,12960.0,20.66358024691358,0.8928688337798644,0.8978395061728395,master_all_results.csv,/kaggle/input/datasets/rabianaz22/05-aggregation-output-3rd-paper/aggregated_results,RandomForest_Image/RF
Image,RandomForest_Image,RF,asymmetric,0.2,1.0,12960.0,20.2391975308642,0.8933371474683401,0.8978395061728395,master_all_results.csv,/kaggle/input/datasets/rabianaz22/05-aggregation-output-3rd-paper/aggregated_results,RandomForest_Image/RF
Image,RandomForest_Image,RF,asymmetric,0.2,2.0,12960.0,19.405864197530864,0.9065233801463954,0.910493827160494,master_all_results.csv,/kaggle/input/datasets/rabianaz22/05-aggregation-output-3rd-paper/aggregated_results,RandomForest_Image/RF
Image,RandomForest_Image,RF,asymmetric,0.2,3.0,12960.0,19.945987654320987,0.8869648394769097,0.8922839506172839,master_all_results.csv,/kaggle/input/datasets/rabianaz22/05-aggregation-output-3rd-paper/aggregated_results,RandomForest_Image/RF
Image,RandomForest_Image,RF,asymmetric,0.2,4.0,12960.0,19.33641975308642,0.8894438226147778,0.8941358024691358,master_all_results.csv,/kaggle/input/datasets/rabianaz22/05-aggregation-output-3rd-paper/aggregated_results,RandomForest_Image/RF
Image,RandomForest_Image,RF,asymmetric,0.3,0.0,12960.0,30.10030864197531,0.8811052249309433,0.8854938271604939,master_all_results.csv,/kaggle/input/datasets/rabianaz22/05-aggregation-output-3rd-paper/aggregated_results,RandomForest_Image/RF
Image,RandomForest_Image,RF,asymmetric,0.3,1.0,12960.0,29.39043209876544,0.8791707411214464,0.8845679012345679,master_all_results.csv,/kaggle/input/datasets/rabianaz22/05-aggregation-output-3rd-paper/aggregated_results,RandomForest_Image/RF
Image,RandomForest_Image,RF,asymmetric,0.3,2.0,12960.0,29.791666666666668,0.8880036104450383,0.8929012345679013,master_all_results.csv,/kaggle/input/datasets/rabianaz22/05-aggregation-output-3rd-paper/aggregated_results,RandomForest_Image/RF
Image,RandomForest_Image,RF,asymmetric,0.3,3.0,12960.0,29.28240740740741,0.8768076818159157,0.8824074074074074,master_all_results.csv,/kaggle/input/datasets/rabianaz22/05-aggregation-output-3rd-paper/aggregated_results,RandomForest_Image/RF
Image,RandomForest_Image,RF,asymmetric,0.3,4.0,12960.0,30.27777777777777,0.8792600839150968,0.883641975308642,master_all_results.csv,/kaggle/input/datasets/rabianaz22/05-aggregation-output-3rd-paper/aggregated_results,RandomForest_Image/RF
Image,RandomForest_Image,RF,asymmetric,0.4,0.0,12960.0,39.513888888888886,0.8174776643549351,0.8240740740740741,master_all_results.csv,/kaggle/input/datasets/rabianaz22/05-aggregation-output-3rd-paper/aggregated_results,RandomForest_Image/RF
Image,RandomForest_Image,RF,asymmetric,0.4,1.0,12960.0,40.08487654320987,0.7876295191328312,0.7950617283950617,master_all_results.csv,/kaggle/input/datasets/rabianaz22/05-aggregation-output-3rd-paper/aggregated_results,RandomForest_Image/RF
Image,RandomForest_Image,RF,asymmetric,0.4,2.0,12960.0,39.41358024691358,0.8061073488337392,0.8141975308641975,master_all_results.csv,/kaggle/input/datasets/rabianaz22/05-aggregation-output-3rd-paper/aggregated_results,RandomForest_Image/RF
Image,RandomForest_Image,RF,asymmetric,0.4,3.0,12960.0,39.96141975308642,0.7998601069919442,0.8095679012345679,master_all_results.csv,/kaggle/input/datasets/rabianaz22/05-aggregation-output-3rd-paper/aggregated_results,RandomForest_Image/RF
Image,RandomForest_Image,RF,asymmetric,0.4,4.0,12960.0,40.223765432098766,0.8064333188883624,0.812962962962963,master_all_results.csv,/kaggle/input/datasets/rabianaz22/05-aggregation-output-3rd-paper/aggregated_results,RandomForest_Image/RF
Image,XGBoost_Image,XGBoost,symmetric,0.0,0.0,12960.0,0.0,0.935658654021686,0.9382716049382716,master_all_results.csv,/kaggle/input/datasets/rabianaz22/05-aggregation-output-3rd-paper/aggregated_results,XGBoost_Image/XGBoost
Image,XGBoost_Image,XGBoost,symmetric,0.0,1.0,12960.0,0.0,0.9381876533583078,0.9407407407407408,master_all_results.csv,/kaggle/input/datasets/rabianaz22/05-aggregation-output-3rd-paper/aggregated_results,XGBoost_Image/XGBoost
Image,XGBoost_Image,XGBoost,symmetric,0.0,2.0,12960.0,0.0,0.9394035667132836,0.9410493827160494,master_all_results.csv,/kaggle/input/datasets/rabianaz22/05-aggregation-output-3rd-paper/aggregated_results,XGBoost_Image/XGBoost
Image,XGBoost_Image,XGBoost,symmetric,0.0,3.0,12960.0,0.0,0.9280885584118452,0.9314814814814816,master_all_results.csv,/kaggle/input/datasets/rabianaz22/05-aggregation-output-3rd-paper/aggregated_results,XGBoost_Image/XGBoost
Image,XGBoost_Image,XGBoost,symmetric,0.0,4.0,12960.0,0.0,0.9329371477785688,0.9354938271604938,master_all_results.csv,/kaggle/input/datasets/rabianaz22/05-aggregation-output-3rd-paper/aggregated_results,XGBoost_Image/XGBoost
Image,XGBoost_Image,XGBoost,symmetric,0.1,0.0,12960.0,10.339506172839506,0.935482975333579,0.937962962962963,master_all_results.csv,/kaggle/input/datasets/rabianaz22/05-aggregation-output-3rd-paper/aggregated_results,XGBoost_Image/XGBoost
Image,XGBoost_Image,XGBoost,symmetric,0.1,1.0,12960.0,10.501543209876544,0.9343657330278144,0.937037037037037,master_all_results.csv,/kaggle/input/datasets/rabianaz22/05-aggregation-output-3rd-paper/aggregated_results,XGBoost_Image/XGBoost
Image,XGBoost_Image,XGBoost,symmetric,0.1,2.0,12960.0,10.123456790123456,0.9392334562742684,0.941358024691358,master_all_results.csv,/kaggle/input/datasets/rabianaz22/05-aggregation-output-3rd-paper/aggregated_results,XGBoost_Image/XGBoost
Image,XGBoost_Image,XGBoost,symmetric,0.1,3.0,12960.0,9.62962962962963,0.923697939144382,0.9274691358024691,master_all_results.csv,/kaggle/input/datasets/rabianaz22/05-aggregation-output-3rd-paper/aggregated_results,XGBoost_Image/XGBoost
Image,XGBoost_Image,XGBoost,symmetric,0.1,4.0,12960.0,10.15432098765432,0.9370021706039946,0.9388888888888888,master_all_results.csv,/kaggle/input/datasets/rabianaz22/05-aggregation-output-3rd-paper/aggregated_results,XGBoost_Image/XGBoost
Image,XGBoost_Image,XGBoost,symmetric,0.2,0.0,12960.0,20.66358024691358,0.9286147044283036,0.93179012345679,master_all_results.csv,/kaggle/input/datasets/rabianaz22/05-aggregation-output-3rd-paper/aggregated_results,XGBoost_Image/XGBoost
Image,XGBoost_Image,XGBoost,symmetric,0.2,1.0,12960.0,20.2391975308642,0.9348524054760006,0.9373456790123456,master_all_results.csv,/kaggle/input/datasets/rabianaz22/05-aggregation-output-3rd-paper/aggregated_results,XGBoost_Image/XGBoost
Image,XGBoost_Image,XGBoost,symmetric,0.2,2.0,12960.0,19.405864197530864,0.9341209612967968,0.9361111111111112,master_all_results.csv,/kaggle/input/datasets/rabianaz22/05-aggregation-output-3rd-paper/aggregated_results,XGBoost_Image/XGBoost
Image,XGBoost_Image,XGBoost,symmetric,0.2,3.0,12960.0,19.945987654320987,0.9145231715525356,0.9188271604938272,master_all_results.csv,/kaggle/input/datasets/rabianaz22/05-aggregation-output-3rd-paper/aggregated_results,XGBoost_Image/XGBoost
Image,XGBoost_Image,XGBoost,symmetric,0.2,4.0,12960.0,19.33641975308642,0.9266694611260956,0.9296296296296296,master_all_results.csv,/kaggle/input/datasets/rabianaz22/05-aggregation-output-3rd-paper/aggregated_results,XGBoost_Image/XGBoost
Image,XGBoost_Image,XGBoost,symmetric,0.3,0.0,12960.0,30.10030864197531,0.9255335195259944,0.928395061728395,master_all_results.csv,/kaggle/input/datasets/rabianaz22/05-aggregation-output-3rd-paper/aggregated_results,XGBoost_Image/XGBoost
Image,XGBoost_Image,XGBoost,symmetric,0.3,1.0,12960.0,29.39043209876544,0.9225299739037784,0.9256172839506172,master_all_results.csv,/kaggle/input/datasets/rabianaz22/05-aggregation-output-3rd-paper/aggregated_results,XGBoost_Image/XGBoost
Image,XGBoost_Image,XGBoost,symmetric,0.3,2.0,12960.0,29.791666666666668,0.9281122802478552,0.9302469135802468,master_all_results.csv,/kaggle/input/datasets/rabianaz22/05-aggregation-output-3rd-paper/aggregated_results,XGBoost_Image/XGBoost
Image,XGBoost_Image,XGBoost,symmetric,0.3,3.0,12960.0,29.28240740740741,0.9221621317665882,0.9262345679012346,master_all_results.csv,/kaggle/input/datasets/rabianaz22/05-aggregation-output-3rd-paper/aggregated_results,XGBoost_Image/XGBoost
Image,XGBoost_Image,XGBoost,symmetric,0.3,4.0,12960.0,30.27777777777777,0.9152125464817832,0.9185185185185184,master_all_results.csv,/kaggle/input/datasets/rabianaz22/05-aggregation-output-3rd-paper/aggregated_results,XGBoost_Image/XGBoost
Image,XGBoost_Image,XGBoost,symmetric,0.4,0.0,12960.0,39.513888888888886,0.9116538155752332,0.915432098765432,master_all_results.csv,/kaggle/input/datasets/rabianaz22/05-aggregation-output-3rd-paper/aggregated_results,XGBoost_Image/XGBoost
Image,XGBoost_Image,XGBoost,symmetric,0.4,1.0,12960.0,40.08487654320987,0.9072770502175416,0.910493827160494,master_all_results.csv,/kaggle/input/datasets/rabianaz22/05-aggregation-output-3rd-paper/aggregated_results,XGBoost_Image/XGBoost
Image,XGBoost_Image,XGBoost,symmetric,0.4,2.0,12960.0,39.41358024691358,0.9182188974237292,0.9212962962962964,master_all_results.csv,/kaggle/input/datasets/rabianaz22/05-aggregation-output-3rd-paper/aggregated_results,XGBoost_Image/XGBoost
Image,XGBoost_Image,XGBoost,symmetric,0.4,3.0,12960.0,39.96141975308642,0.9040162750642956,0.9089506172839508,master_all_results.csv,/kaggle/input/datasets/rabianaz22/05-aggregation-output-3rd-paper/aggregated_results,XGBoost_Image/XGBoost
Image,XGBoost_Image,XGBoost,symmetric,0.4,4.0,12960.0,40.223765432098766,0.9058339913389032,0.909567901234568,master_all_results.csv,/kaggle/input/datasets/rabianaz22/05-aggregation-output-3rd-paper/aggregated_results,XGBoost_Image/XGBoost
Image,XGBoost_Image,XGBoost,asymmetric,0.0,0.0,12960.0,0.0,0.935658654021686,0.9382716049382716,master_all_results.csv,/kaggle/input/datasets/rabianaz22/05-aggregation-output-3rd-paper/aggregated_results,XGBoost_Image/XGBoost
Image,XGBoost_Image,XGBoost,asymmetric,0.0,1.0,12960.0,0.0,0.9381876533583078,0.9407407407407408,master_all_results.csv,/kaggle/input/datasets/rabianaz22/05-aggregation-output-3rd-paper/aggregated_results,XGBoost_Image/XGBoost
Image,XGBoost_Image,XGBoost,asymmetric,0.0,2.0,12960.0,0.0,0.9394035667132836,0.9410493827160494,master_all_results.csv,/kaggle/input/datasets/rabianaz22/05-aggregation-output-3rd-paper/aggregated_results,XGBoost_Image/XGBoost
Image,XGBoost_Image,XGBoost,asymmetric,0.0,3.0,12960.0,0.0,0.9280885584118452,0.9314814814814816,master_all_results.csv,/kaggle/input/datasets/rabianaz22/05-aggregation-output-3rd-paper/aggregated_results,XGBoost_Image/XGBoost
Image,XGBoost_Image,XGBoost,asymmetric,0.0,4.0,12960.0,0.0,0.9329371477785688,0.9354938271604938,master_all_results.csv,/kaggle/input/datasets/rabianaz22/05-aggregation-output-3rd-paper/aggregated_results,XGBoost_Image/XGBoost
Image,XGBoost_Image,XGBoost,asymmetric,0.1,0.0,12960.0,10.339506172839506,0.931733263946522,0.9348765432098766,master_all_results.csv,/kaggle/input/datasets/rabianaz22/05-aggregation-output-3rd-paper/aggregated_results,XGBoost_Image/XGBoost
Image,XGBoost_Image,XGBoost,asymmetric,0.1,1.0,12960.0,10.501543209876544,0.9284583082739332,0.9314814814814816,master_all_results.csv,/kaggle/input/datasets/rabianaz22/05-aggregation-output-3rd-paper/aggregated_results,XGBoost_Image/XGBoost
Image,XGBoost_Image,XGBoost,asymmetric,0.1,2.0,12960.0,10.123456790123456,0.9316261110193388,0.934567901234568,master_all_results.csv,/kaggle/input/datasets/rabianaz22/05-aggregation-output-3rd-paper/aggregated_results,XGBoost_Image/XGBoost
Image,XGBoost_Image,XGBoost,asymmetric,0.1,3.0,12960.0,9.62962962962963,0.921784611645943,0.9256172839506172,master_all_results.csv,/kaggle/input/datasets/rabianaz22/05-aggregation-output-3rd-paper/aggregated_results,XGBoost_Image/XGBoost
Image,XGBoost_Image,XGBoost,asymmetric,0.1,4.0,12960.0,10.15432098765432,0.937504878180054,0.9395061728395062,master_all_results.csv,/kaggle/input/datasets/rabianaz22/05-aggregation-output-3rd-paper/aggregated_results,XGBoost_Image/XGBoost
Image,XGBoost_Image,XGBoost,asymmetric,0.2,0.0,12960.0,20.66358024691358,0.9180865550842816,0.9209876543209876,master_all_results.csv,/kaggle/input/datasets/rabianaz22/05-aggregation-output-3rd-paper/aggregated_results,XGBoost_Image/XGBoost
Image,XGBoost_Image,XGBoost,asymmetric,0.2,1.0,12960.0,20.2391975308642,0.9116878991034708,0.9151234567901234,master_all_results.csv,/kaggle/input/datasets/rabianaz22/05-aggregation-output-3rd-paper/aggregated_results,XGBoost_Image/XGBoost
Image,XGBoost_Image,XGBoost,asymmetric,0.2,2.0,12960.0,19.405864197530864,0.9284503885279468,0.9308641975308642,master_all_results.csv,/kaggle/input/datasets/rabianaz22/05-aggregation-output-3rd-paper/aggregated_results,XGBoost_Image/XGBoost
Image,XGBoost_Image,XGBoost,asymmetric,0.2,3.0,12960.0,19.945987654320987,0.9011595071060584,0.9052469135802468,master_all_results.csv,/kaggle/input/datasets/rabianaz22/05-aggregation-output-3rd-paper/aggregated_results,XGBoost_Image/XGBoost
Image,XGBoost_Image,XGBoost,asymmetric,0.2,4.0,12960.0,19.33641975308642,0.9123571252525998,0.9157407407407409,master_all_results.csv,/kaggle/input/datasets/rabianaz22/05-aggregation-output-3rd-paper/aggregated_results,XGBoost_Image/XGBoost
Image,XGBoost_Image,XGBoost,asymmetric,0.3,0.0,12960.0,30.10030864197531,0.8695173465947231,0.8716049382716049,master_all_results.csv,/kaggle/input/datasets/rabianaz22/05-aggregation-output-3rd-paper/aggregated_results,XGBoost_Image/XGBoost
Image,XGBoost_Image,XGBoost,asymmetric,0.3,1.0,12960.0,29.39043209876544,0.8706672860305311,0.875,master_all_results.csv,/kaggle/input/datasets/rabianaz22/05-aggregation-output-3rd-paper/aggregated_results,XGBoost_Image/XGBoost
Image,XGBoost_Image,XGBoost,asymmetric,0.3,2.0,12960.0,29.791666666666668,0.8751747234668483,0.8790123456790123,master_all_results.csv,/kaggle/input/datasets/rabianaz22/05-aggregation-output-3rd-paper/aggregated_results,XGBoost_Image/XGBoost
Image,XGBoost_Image,XGBoost,asymmetric,0.3,3.0,12960.0,29.28240740740741,0.8620334454620473,0.8672839506172839,master_all_results.csv,/kaggle/input/datasets/rabianaz22/05-aggregation-output-3rd-paper/aggregated_results,XGBoost_Image/XGBoost
Image,XGBoost_Image,XGBoost,asymmetric,0.3,4.0,12960.0,30.27777777777777,0.8507664630972812,0.8555555555555555,master_all_results.csv,/kaggle/input/datasets/rabianaz22/05-aggregation-output-3rd-paper/aggregated_results,XGBoost_Image/XGBoost
Image,XGBoost_Image,XGBoost,asymmetric,0.4,0.0,12960.0,39.513888888888886,0.7378274057460339,0.7419753086419754,master_all_results.csv,/kaggle/input/datasets/rabianaz22/05-aggregation-output-3rd-paper/aggregated_results,XGBoost_Image/XGBoost
Image,XGBoost_Image,XGBoost,asymmetric,0.4,1.0,12960.0,40.08487654320987,0.7099766567744444,0.7148148148148148,master_all_results.csv,/kaggle/input/datasets/rabianaz22/05-aggregation-output-3rd-paper/aggregated_results,XGBoost_Image/XGBoost
Image,XGBoost_Image,XGBoost,asymmetric,0.4,2.0,12960.0,39.41358024691358,0.7397603807062669,0.7441358024691358,master_all_results.csv,/kaggle/input/datasets/rabianaz22/05-aggregation-output-3rd-paper/aggregated_results,XGBoost_Image/XGBoost
Image,XGBoost_Image,XGBoost,asymmetric,0.4,3.0,12960.0,39.96141975308642,0.7047052281150441,0.7126543209876544,master_all_results.csv,/kaggle/input/datasets/rabianaz22/05-aggregation-output-3rd-paper/aggregated_results,XGBoost_Image/XGBoost
Image,XGBoost_Image,XGBoost,asymmetric,0.4,4.0,12960.0,40.223765432098766,0.7100100876822241,0.7157407407407408,master_all_results.csv,/kaggle/input/datasets/rabianaz22/05-aggregation-output-3rd-paper/aggregated_results,XGBoost_Image/XGBoost
Image,Voting_Image,Voting,symmetric,0.0,0.0,12960.0,0.0,0.9342662348388652,0.937037037037037,master_all_results.csv,/kaggle/input/datasets/rabianaz22/05-aggregation-output-3rd-paper/aggregated_results,Voting_Image/Voting
Image,Voting_Image,Voting,symmetric,0.0,1.0,12960.0,0.0,0.9370250121796448,0.9395061728395062,master_all_results.csv,/kaggle/input/datasets/rabianaz22/05-aggregation-output-3rd-paper/aggregated_results,Voting_Image/Voting
Image,Voting_Image,Voting,symmetric,0.0,2.0,12960.0,0.0,0.9390544941037808,0.9407407407407408,master_all_results.csv,/kaggle/input/datasets/rabianaz22/05-aggregation-output-3rd-paper/aggregated_results,Voting_Image/Voting
Image,Voting_Image,Voting,symmetric,0.0,3.0,12960.0,0.0,0.9248767923898574,0.9287037037037036,master_all_results.csv,/kaggle/input/datasets/rabianaz22/05-aggregation-output-3rd-paper/aggregated_results,Voting_Image/Voting
Image,Voting_Image,Voting,symmetric,0.0,4.0,12960.0,0.0,0.9317304567341976,0.9342592592592592,master_all_results.csv,/kaggle/input/datasets/rabianaz22/05-aggregation-output-3rd-paper/aggregated_results,Voting_Image/Voting
Image,Voting_Image,Voting,symmetric,0.1,0.0,12960.0,10.339506172839506,0.9338437585687702,0.9367283950617284,master_all_results.csv,/kaggle/input/datasets/rabianaz22/05-aggregation-output-3rd-paper/aggregated_results,Voting_Image/Voting
Image,Voting_Image,Voting,symmetric,0.1,1.0,12960.0,10.501543209876544,0.9368734437908732,0.9395061728395062,master_all_results.csv,/kaggle/input/datasets/rabianaz22/05-aggregation-output-3rd-paper/aggregated_results,Voting_Image/Voting
Image,Voting_Image,Voting,symmetric,0.1,2.0,12960.0,10.123456790123456,0.936949026113935,0.9388888888888888,master_all_results.csv,/kaggle/input/datasets/rabianaz22/05-aggregation-output-3rd-paper/aggregated_results,Voting_Image/Voting
Image,Voting_Image,Voting,symmetric,0.1,3.0,12960.0,9.62962962962963,0.9235908796149632,0.9274691358024691,master_all_results.csv,/kaggle/input/datasets/rabianaz22/05-aggregation-output-3rd-paper/aggregated_results,Voting_Image/Voting
Image,Voting_Image,Voting,symmetric,0.1,4.0,12960.0,10.15432098765432,0.9329369853736847,0.9351851851851852,master_all_results.csv,/kaggle/input/datasets/rabianaz22/05-aggregation-output-3rd-paper/aggregated_results,Voting_Image/Voting
Image,Voting_Image,Voting,symmetric,0.2,0.0,12960.0,20.66358024691358,0.9292107634260772,0.9320987654320988,master_all_results.csv,/kaggle/input/datasets/rabianaz22/05-aggregation-output-3rd-paper/aggregated_results,Voting_Image/Voting
Image,Voting_Image,Voting,symmetric,0.2,1.0,12960.0,20.2391975308642,0.9308027103541034,0.933641975308642,master_all_results.csv,/kaggle/input/datasets/rabianaz22/05-aggregation-output-3rd-paper/aggregated_results,Voting_Image/Voting
Image,Voting_Image,Voting,symmetric,0.2,2.0,12960.0,19.405864197530864,0.9351304634102264,0.937037037037037,master_all_results.csv,/kaggle/input/datasets/rabianaz22/05-aggregation-output-3rd-paper/aggregated_results,Voting_Image/Voting
Image,Voting_Image,Voting,symmetric,0.2,3.0,12960.0,19.945987654320987,0.91926438901937,0.9234567901234568,master_all_results.csv,/kaggle/input/datasets/rabianaz22/05-aggregation-output-3rd-paper/aggregated_results,Voting_Image/Voting
Image,Voting_Image,Voting,symmetric,0.2,4.0,12960.0,19.33641975308642,0.9280665928350256,0.9305555555555556,master_all_results.csv,/kaggle/input/datasets/rabianaz22/05-aggregation-output-3rd-paper/aggregated_results,Voting_Image/Voting
Image,Voting_Image,Voting,symmetric,0.3,0.0,12960.0,30.10030864197531,0.9264060577220424,0.9290123456790124,master_all_results.csv,/kaggle/input/datasets/rabianaz22/05-aggregation-output-3rd-paper/aggregated_results,Voting_Image/Voting
Image,Voting_Image,Voting,symmetric,0.3,1.0,12960.0,29.39043209876544,0.9265532487858849,0.9296296296296296,master_all_results.csv,/kaggle/input/datasets/rabianaz22/05-aggregation-output-3rd-paper/aggregated_results,Voting_Image/Voting
Image,Voting_Image,Voting,symmetric,0.3,2.0,12960.0,29.791666666666668,0.9337985343694868,0.9358024691358025,master_all_results.csv,/kaggle/input/datasets/rabianaz22/05-aggregation-output-3rd-paper/aggregated_results,Voting_Image/Voting
Image,Voting_Image,Voting,symmetric,0.3,3.0,12960.0,29.28240740740741,0.9205581741406214,0.9246913580246914,master_all_results.csv,/kaggle/input/datasets/rabianaz22/05-aggregation-output-3rd-paper/aggregated_results,Voting_Image/Voting
Image,Voting_Image,Voting,symmetric,0.3,4.0,12960.0,30.27777777777777,0.9185016346325876,0.921604938271605,master_all_results.csv,/kaggle/input/datasets/rabianaz22/05-aggregation-output-3rd-paper/aggregated_results,Voting_Image/Voting
Image,Voting_Image,Voting,symmetric,0.4,0.0,12960.0,39.513888888888886,0.9169414172376508,0.9206790123456792,master_all_results.csv,/kaggle/input/datasets/rabianaz22/05-aggregation-output-3rd-paper/aggregated_results,Voting_Image/Voting
Image,Voting_Image,Voting,symmetric,0.4,1.0,12960.0,40.08487654320987,0.9216537862056892,0.9243827160493828,master_all_results.csv,/kaggle/input/datasets/rabianaz22/05-aggregation-output-3rd-paper/aggregated_results,Voting_Image/Voting
Image,Voting_Image,Voting,symmetric,0.4,2.0,12960.0,39.41358024691358,0.9279017515735573,0.9302469135802468,master_all_results.csv,/kaggle/input/datasets/rabianaz22/05-aggregation-output-3rd-paper/aggregated_results,Voting_Image/Voting
Image,Voting_Image,Voting,symmetric,0.4,3.0,12960.0,39.96141975308642,0.9125243586878932,0.9169753086419752,master_all_results.csv,/kaggle/input/datasets/rabianaz22/05-aggregation-output-3rd-paper/aggregated_results,Voting_Image/Voting
Image,Voting_Image,Voting,symmetric,0.4,4.0,12960.0,40.223765432098766,0.9167659698313472,0.9197530864197532,master_all_results.csv,/kaggle/input/datasets/rabianaz22/05-aggregation-output-3rd-paper/aggregated_results,Voting_Image/Voting
Image,Voting_Image,Voting,asymmetric,0.0,0.0,12960.0,0.0,0.9342662348388652,0.937037037037037,master_all_results.csv,/kaggle/input/datasets/rabianaz22/05-aggregation-output-3rd-paper/aggregated_results,Voting_Image/Voting
Image,Voting_Image,Voting,asymmetric,0.0,1.0,12960.0,0.0,0.9370250121796448,0.9395061728395062,master_all_results.csv,/kaggle/input/datasets/rabianaz22/05-aggregation-output-3rd-paper/aggregated_results,Voting_Image/Voting
Image,Voting_Image,Voting,asymmetric,0.0,2.0,12960.0,0.0,0.9390544941037808,0.9407407407407408,master_all_results.csv,/kaggle/input/datasets/rabianaz22/05-aggregation-output-3rd-paper/aggregated_results,Voting_Image/Voting
Image,Voting_Image,Voting,asymmetric,0.0,3.0,12960.0,0.0,0.9248767923898574,0.9287037037037036,master_all_results.csv,/kaggle/input/datasets/rabianaz22/05-aggregation-output-3rd-paper/aggregated_results,Voting_Image/Voting
Image,Voting_Image,Voting,asymmetric,0.0,4.0,12960.0,0.0,0.9317304567341976,0.9342592592592592,master_all_results.csv,/kaggle/input/datasets/rabianaz22/05-aggregation-output-3rd-paper/aggregated_results,Voting_Image/Voting
Image,Voting_Image,Voting,asymmetric,0.1,0.0,12960.0,10.339506172839506,0.9312499625176496,0.934567901234568,master_all_results.csv,/kaggle/input/datasets/rabianaz22/05-aggregation-output-3rd-paper/aggregated_results,Voting_Image/Voting
Image,Voting_Image,Voting,asymmetric,0.1,1.0,12960.0,10.501543209876544,0.9293784327578372,0.9324074074074076,master_all_results.csv,/kaggle/input/datasets/rabianaz22/05-aggregation-output-3rd-paper/aggregated_results,Voting_Image/Voting
Image,Voting_Image,Voting,asymmetric,0.1,2.0,12960.0,10.123456790123456,0.9315555095481776,0.9342592592592592,master_all_results.csv,/kaggle/input/datasets/rabianaz22/05-aggregation-output-3rd-paper/aggregated_results,Voting_Image/Voting
Image,Voting_Image,Voting,asymmetric,0.1,3.0,12960.0,9.62962962962963,0.9195307228166552,0.9234567901234568,master_all_results.csv,/kaggle/input/datasets/rabianaz22/05-aggregation-output-3rd-paper/aggregated_results,Voting_Image/Voting
Image,Voting_Image,Voting,asymmetric,0.1,4.0,12960.0,10.15432098765432,0.93417421711287,0.9361111111111112,master_all_results.csv,/kaggle/input/datasets/rabianaz22/05-aggregation-output-3rd-paper/aggregated_results,Voting_Image/Voting
Image,Voting_Image,Voting,asymmetric,0.2,0.0,12960.0,20.66358024691358,0.9219611805636015,0.925,master_all_results.csv,/kaggle/input/datasets/rabianaz22/05-aggregation-output-3rd-paper/aggregated_results,Voting_Image/Voting
Image,Voting_Image,Voting,asymmetric,0.2,1.0,12960.0,20.2391975308642,0.9145934676593026,0.9182098765432098,master_all_results.csv,/kaggle/input/datasets/rabianaz22/05-aggregation-output-3rd-paper/aggregated_results,Voting_Image/Voting
Image,Voting_Image,Voting,asymmetric,0.2,2.0,12960.0,19.405864197530864,0.9332250045468268,0.9351851851851852,master_all_results.csv,/kaggle/input/datasets/rabianaz22/05-aggregation-output-3rd-paper/aggregated_results,Voting_Image/Voting
Image,Voting_Image,Voting,asymmetric,0.2,3.0,12960.0,19.945987654320987,0.9056590421487402,0.9098765432098764,master_all_results.csv,/kaggle/input/datasets/rabianaz22/05-aggregation-output-3rd-paper/aggregated_results,Voting_Image/Voting
Image,Voting_Image,Voting,asymmetric,0.2,4.0,12960.0,19.33641975308642,0.9184094117916536,0.9212962962962964,master_all_results.csv,/kaggle/input/datasets/rabianaz22/05-aggregation-output-3rd-paper/aggregated_results,Voting_Image/Voting
Image,Voting_Image,Voting,asymmetric,0.3,0.0,12960.0,30.10030864197531,0.8891008925999925,0.8916666666666667,master_all_results.csv,/kaggle/input/datasets/rabianaz22/05-aggregation-output-3rd-paper/aggregated_results,Voting_Image/Voting
Image,Voting_Image,Voting,asymmetric,0.3,1.0,12960.0,29.39043209876544,0.887695284860253,0.8922839506172839,master_all_results.csv,/kaggle/input/datasets/rabianaz22/05-aggregation-output-3rd-paper/aggregated_results,Voting_Image/Voting
Image,Voting_Image,Voting,asymmetric,0.3,2.0,12960.0,29.791666666666668,0.8949358956689627,0.8987654320987655,master_all_results.csv,/kaggle/input/datasets/rabianaz22/05-aggregation-output-3rd-paper/aggregated_results,Voting_Image/Voting
Image,Voting_Image,Voting,asymmetric,0.3,3.0,12960.0,29.28240740740741,0.8837450186016053,0.8891975308641975,master_all_results.csv,/kaggle/input/datasets/rabianaz22/05-aggregation-output-3rd-paper/aggregated_results,Voting_Image/Voting
Image,Voting_Image,Voting,asymmetric,0.3,4.0,12960.0,30.27777777777777,0.8782083889464033,0.8827160493827161,master_all_results.csv,/kaggle/input/datasets/rabianaz22/05-aggregation-output-3rd-paper/aggregated_results,Voting_Image/Voting
Image,Voting_Image,Voting,asymmetric,0.4,0.0,12960.0,39.513888888888886,0.7857113840158186,0.7916666666666666,master_all_results.csv,/kaggle/input/datasets/rabianaz22/05-aggregation-output-3rd-paper/aggregated_results,Voting_Image/Voting
Image,Voting_Image,Voting,asymmetric,0.4,1.0,12960.0,40.08487654320987,0.7549925045885776,0.7611111111111111,master_all_results.csv,/kaggle/input/datasets/rabianaz22/05-aggregation-output-3rd-paper/aggregated_results,Voting_Image/Voting
Image,Voting_Image,Voting,asymmetric,0.4,2.0,12960.0,39.41358024691358,0.7910468037712082,0.7969135802469136,master_all_results.csv,/kaggle/input/datasets/rabianaz22/05-aggregation-output-3rd-paper/aggregated_results,Voting_Image/Voting
Image,Voting_Image,Voting,asymmetric,0.4,3.0,12960.0,39.96141975308642,0.7483793556109027,0.7570987654320988,master_all_results.csv,/kaggle/input/datasets/rabianaz22/05-aggregation-output-3rd-paper/aggregated_results,Voting_Image/Voting
Image,Voting_Image,Voting,asymmetric,0.4,4.0,12960.0,40.223765432098766,0.7646194748784086,0.7712962962962963,master_all_results.csv,/kaggle/input/datasets/rabianaz22/05-aggregation-output-3rd-paper/aggregated_results,Voting_Image/Voting
Image,Stacking_Image,Stacking,symmetric,0.0,0.0,12960.0,0.0,0.9340640027723058,0.9367283950617284,master_all_results.csv,/kaggle/input/datasets/rabianaz22/05-aggregation-output-3rd-paper/aggregated_results,Stacking_Image/Stacking
Image,Stacking_Image,Stacking,symmetric,0.0,1.0,12960.0,0.0,0.9372081352266544,0.9398148148148148,master_all_results.csv,/kaggle/input/datasets/rabianaz22/05-aggregation-output-3rd-paper/aggregated_results,Stacking_Image/Stacking
Image,Stacking_Image,Stacking,symmetric,0.0,2.0,12960.0,0.0,0.9407810616235692,0.9425925925925924,master_all_results.csv,/kaggle/input/datasets/rabianaz22/05-aggregation-output-3rd-paper/aggregated_results,Stacking_Image/Stacking
Image,Stacking_Image,Stacking,symmetric,0.0,3.0,12960.0,0.0,0.9279165872985148,0.9314814814814816,master_all_results.csv,/kaggle/input/datasets/rabianaz22/05-aggregation-output-3rd-paper/aggregated_results,Stacking_Image/Stacking
Image,Stacking_Image,Stacking,symmetric,0.0,4.0,12960.0,0.0,0.9362103693084224,0.9382716049382716,master_all_results.csv,/kaggle/input/datasets/rabianaz22/05-aggregation-output-3rd-paper/aggregated_results,Stacking_Image/Stacking
Image,Stacking_Image,Stacking,symmetric,0.1,0.0,12960.0,10.339506172839506,0.9409622502982632,0.9435185185185184,master_all_results.csv,/kaggle/input/datasets/rabianaz22/05-aggregation-output-3rd-paper/aggregated_results,Stacking_Image/Stacking
Image,Stacking_Image,Stacking,symmetric,0.1,1.0,12960.0,10.501543209876544,0.9350453213656597,0.9376543209876544,master_all_results.csv,/kaggle/input/datasets/rabianaz22/05-aggregation-output-3rd-paper/aggregated_results,Stacking_Image/Stacking
Image,Stacking_Image,Stacking,symmetric,0.1,2.0,12960.0,10.123456790123456,0.9449143671377452,0.946604938271605,master_all_results.csv,/kaggle/input/datasets/rabianaz22/05-aggregation-output-3rd-paper/aggregated_results,Stacking_Image/Stacking
Image,Stacking_Image,Stacking,symmetric,0.1,3.0,12960.0,9.62962962962963,0.9263469642734968,0.9299382716049382,master_all_results.csv,/kaggle/input/datasets/rabianaz22/05-aggregation-output-3rd-paper/aggregated_results,Stacking_Image/Stacking
Image,Stacking_Image,Stacking,symmetric,0.1,4.0,12960.0,10.15432098765432,0.9335133290403326,0.9358024691358025,master_all_results.csv,/kaggle/input/datasets/rabianaz22/05-aggregation-output-3rd-paper/aggregated_results,Stacking_Image/Stacking
Image,Stacking_Image,Stacking,symmetric,0.2,0.0,12960.0,20.66358024691358,0.927178885705178,0.9299382716049382,master_all_results.csv,/kaggle/input/datasets/rabianaz22/05-aggregation-output-3rd-paper/aggregated_results,Stacking_Image/Stacking
Image,Stacking_Image,Stacking,symmetric,0.2,1.0,12960.0,20.2391975308642,0.9314954716599948,0.9342592592592592,master_all_results.csv,/kaggle/input/datasets/rabianaz22/05-aggregation-output-3rd-paper/aggregated_results,Stacking_Image/Stacking
Image,Stacking_Image,Stacking,symmetric,0.2,2.0,12960.0,19.405864197530864,0.935612626493016,0.9376543209876544,master_all_results.csv,/kaggle/input/datasets/rabianaz22/05-aggregation-output-3rd-paper/aggregated_results,Stacking_Image/Stacking
Image,Stacking_Image,Stacking,symmetric,0.2,3.0,12960.0,19.945987654320987,0.92255278846129,0.925925925925926,master_all_results.csv,/kaggle/input/datasets/rabianaz22/05-aggregation-output-3rd-paper/aggregated_results,Stacking_Image/Stacking
Image,Stacking_Image,Stacking,symmetric,0.2,4.0,12960.0,19.33641975308642,0.9273719421927468,0.9299382716049382,master_all_results.csv,/kaggle/input/datasets/rabianaz22/05-aggregation-output-3rd-paper/aggregated_results,Stacking_Image/Stacking
Image,Stacking_Image,Stacking,symmetric,0.3,0.0,12960.0,30.10030864197531,0.9239109029234074,0.9265432098765432,master_all_results.csv,/kaggle/input/datasets/rabianaz22/05-aggregation-output-3rd-paper/aggregated_results,Stacking_Image/Stacking
Image,Stacking_Image,Stacking,symmetric,0.3,1.0,12960.0,29.39043209876544,0.9180162363289336,0.9212962962962964,master_all_results.csv,/kaggle/input/datasets/rabianaz22/05-aggregation-output-3rd-paper/aggregated_results,Stacking_Image/Stacking
Image,Stacking_Image,Stacking,symmetric,0.3,2.0,12960.0,29.791666666666668,0.9289276339992488,0.9311728395061728,master_all_results.csv,/kaggle/input/datasets/rabianaz22/05-aggregation-output-3rd-paper/aggregated_results,Stacking_Image/Stacking
Image,Stacking_Image,Stacking,symmetric,0.3,3.0,12960.0,29.28240740740741,0.9136777544829988,0.9175925925925926,master_all_results.csv,/kaggle/input/datasets/rabianaz22/05-aggregation-output-3rd-paper/aggregated_results,Stacking_Image/Stacking
Image,Stacking_Image,Stacking,symmetric,0.3,4.0,12960.0,30.27777777777777,0.9232038685622138,0.925925925925926,master_all_results.csv,/kaggle/input/datasets/rabianaz22/05-aggregation-output-3rd-paper/aggregated_results,Stacking_Image/Stacking
Image,Stacking_Image,Stacking,symmetric,0.4,0.0,12960.0,39.513888888888886,0.9150486668396228,0.9185185185185184,master_all_results.csv,/kaggle/input/datasets/rabianaz22/05-aggregation-output-3rd-paper/aggregated_results,Stacking_Image/Stacking
Image,Stacking_Image,Stacking,symmetric,0.4,1.0,12960.0,40.08487654320987,0.9116193972652368,0.9151234567901234,master_all_results.csv,/kaggle/input/datasets/rabianaz22/05-aggregation-output-3rd-paper/aggregated_results,Stacking_Image/Stacking
Image,Stacking_Image,Stacking,symmetric,0.4,2.0,12960.0,39.41358024691358,0.9166229724814654,0.9197530864197532,master_all_results.csv,/kaggle/input/datasets/rabianaz22/05-aggregation-output-3rd-paper/aggregated_results,Stacking_Image/Stacking
Image,Stacking_Image,Stacking,symmetric,0.4,3.0,12960.0,39.96141975308642,0.9113556870487948,0.9157407407407409,master_all_results.csv,/kaggle/input/datasets/rabianaz22/05-aggregation-output-3rd-paper/aggregated_results,Stacking_Image/Stacking
Image,Stacking_Image,Stacking,symmetric,0.4,4.0,12960.0,40.223765432098766,0.9158515094006796,0.9191358024691358,master_all_results.csv,/kaggle/input/datasets/rabianaz22/05-aggregation-output-3rd-paper/aggregated_results,Stacking_Image/Stacking
Image,Stacking_Image,Stacking,asymmetric,0.0,0.0,12960.0,0.0,0.9340640027723058,0.9367283950617284,master_all_results.csv,/kaggle/input/datasets/rabianaz22/05-aggregation-output-3rd-paper/aggregated_results,Stacking_Image/Stacking
Image,Stacking_Image,Stacking,asymmetric,0.0,1.0,12960.0,0.0,0.9372081352266544,0.9398148148148148,master_all_results.csv,/kaggle/input/datasets/rabianaz22/05-aggregation-output-3rd-paper/aggregated_results,Stacking_Image/Stacking
Image,Stacking_Image,Stacking,asymmetric,0.0,2.0,12960.0,0.0,0.9407810616235692,0.9425925925925924,master_all_results.csv,/kaggle/input/datasets/rabianaz22/05-aggregation-output-3rd-paper/aggregated_results,Stacking_Image/Stacking
Image,Stacking_Image,Stacking,asymmetric,0.0,3.0,12960.0,0.0,0.9279165872985148,0.9314814814814816,master_all_results.csv,/kaggle/input/datasets/rabianaz22/05-aggregation-output-3rd-paper/aggregated_results,Stacking_Image/Stacking
Image,Stacking_Image,Stacking,asymmetric,0.0,4.0,12960.0,0.0,0.9362103693084224,0.9382716049382716,master_all_results.csv,/kaggle/input/datasets/rabianaz22/05-aggregation-output-3rd-paper/aggregated_results,Stacking_Image/Stacking
Image,Stacking_Image,Stacking,asymmetric,0.1,0.0,12960.0,10.339506172839506,0.932836557125073,0.9358024691358025,master_all_results.csv,/kaggle/input/datasets/rabianaz22/05-aggregation-output-3rd-paper/aggregated_results,Stacking_Image/Stacking
Image,Stacking_Image,Stacking,asymmetric,0.1,1.0,12960.0,10.501543209876544,0.922698127909609,0.925925925925926,master_all_results.csv,/kaggle/input/datasets/rabianaz22/05-aggregation-output-3rd-paper/aggregated_results,Stacking_Image/Stacking
Image,Stacking_Image,Stacking,asymmetric,0.1,2.0,12960.0,10.123456790123456,0.9329761890333268,0.9351851851851852,master_all_results.csv,/kaggle/input/datasets/rabianaz22/05-aggregation-output-3rd-paper/aggregated_results,Stacking_Image/Stacking
Image,Stacking_Image,Stacking,asymmetric,0.1,3.0,12960.0,9.62962962962963,0.9207357661577336,0.9246913580246914,master_all_results.csv,/kaggle/input/datasets/rabianaz22/05-aggregation-output-3rd-paper/aggregated_results,Stacking_Image/Stacking
Image,Stacking_Image,Stacking,asymmetric,0.1,4.0,12960.0,10.15432098765432,0.9278743707014612,0.9308641975308642,master_all_results.csv,/kaggle/input/datasets/rabianaz22/05-aggregation-output-3rd-paper/aggregated_results,Stacking_Image/Stacking
Image,Stacking_Image,Stacking,asymmetric,0.2,0.0,12960.0,20.66358024691358,0.9063462623819148,0.9089506172839508,master_all_results.csv,/kaggle/input/datasets/rabianaz22/05-aggregation-output-3rd-paper/aggregated_results,Stacking_Image/Stacking
Image,Stacking_Image,Stacking,asymmetric,0.2,1.0,12960.0,20.2391975308642,0.8961101867470767,0.8996913580246914,master_all_results.csv,/kaggle/input/datasets/rabianaz22/05-aggregation-output-3rd-paper/aggregated_results,Stacking_Image/Stacking
Image,Stacking_Image,Stacking,asymmetric,0.2,2.0,12960.0,19.405864197530864,0.913171157464174,0.9157407407407409,master_all_results.csv,/kaggle/input/datasets/rabianaz22/05-aggregation-output-3rd-paper/aggregated_results,Stacking_Image/Stacking
Image,Stacking_Image,Stacking,asymmetric,0.2,3.0,12960.0,19.945987654320987,0.8892116973434139,0.8932098765432098,master_all_results.csv,/kaggle/input/datasets/rabianaz22/05-aggregation-output-3rd-paper/aggregated_results,Stacking_Image/Stacking
Image,Stacking_Image,Stacking,asymmetric,0.2,4.0,12960.0,19.33641975308642,0.8993331235977209,0.9027777777777778,master_all_results.csv,/kaggle/input/datasets/rabianaz22/05-aggregation-output-3rd-paper/aggregated_results,Stacking_Image/Stacking
Image,Stacking_Image,Stacking,asymmetric,0.3,0.0,12960.0,30.10030864197531,0.8655856607180494,0.8688271604938271,master_all_results.csv,/kaggle/input/datasets/rabianaz22/05-aggregation-output-3rd-paper/aggregated_results,Stacking_Image/Stacking
Image,Stacking_Image,Stacking,asymmetric,0.3,1.0,12960.0,29.39043209876544,0.8564476159579938,0.8608024691358025,master_all_results.csv,/kaggle/input/datasets/rabianaz22/05-aggregation-output-3rd-paper/aggregated_results,Stacking_Image/Stacking
Image,Stacking_Image,Stacking,asymmetric,0.3,2.0,12960.0,29.791666666666668,0.8659998748189863,0.870679012345679,master_all_results.csv,/kaggle/input/datasets/rabianaz22/05-aggregation-output-3rd-paper/aggregated_results,Stacking_Image/Stacking
Image,Stacking_Image,Stacking,asymmetric,0.3,3.0,12960.0,29.28240740740741,0.8577462647075084,0.8626543209876543,master_all_results.csv,/kaggle/input/datasets/rabianaz22/05-aggregation-output-3rd-paper/aggregated_results,Stacking_Image/Stacking
Image,Stacking_Image,Stacking,asymmetric,0.3,4.0,12960.0,30.27777777777777,0.8516833271510762,0.8567901234567902,master_all_results.csv,/kaggle/input/datasets/rabianaz22/05-aggregation-output-3rd-paper/aggregated_results,Stacking_Image/Stacking
Image,Stacking_Image,Stacking,asymmetric,0.4,0.0,12960.0,39.513888888888886,0.7937023108096417,0.7987654320987654,master_all_results.csv,/kaggle/input/datasets/rabianaz22/05-aggregation-output-3rd-paper/aggregated_results,Stacking_Image/Stacking
Image,Stacking_Image,Stacking,asymmetric,0.4,1.0,12960.0,40.08487654320987,0.7726811294255689,0.7796296296296297,master_all_results.csv,/kaggle/input/datasets/rabianaz22/05-aggregation-output-3rd-paper/aggregated_results,Stacking_Image/Stacking
Image,Stacking_Image,Stacking,asymmetric,0.4,2.0,12960.0,39.41358024691358,0.7799044192973259,0.7854938271604939,master_all_results.csv,/kaggle/input/datasets/rabianaz22/05-aggregation-output-3rd-paper/aggregated_results,Stacking_Image/Stacking
Image,Stacking_Image,Stacking,asymmetric,0.4,3.0,12960.0,39.96141975308642,0.7604531699816357,0.7694444444444445,master_all_results.csv,/kaggle/input/datasets/rabianaz22/05-aggregation-output-3rd-paper/aggregated_results,Stacking_Image/Stacking
Image,Stacking_Image,Stacking,asymmetric,0.4,4.0,12960.0,40.223765432098766,0.7762069995781811,0.7842592592592592,master_all_results.csv,/kaggle/input/datasets/rabianaz22/05-aggregation-output-3rd-paper/aggregated_results,Stacking_Image/Stacking
Tabular,RF,RF,pairflip,0.4,0.0,278884.0,24.744696719783136,0.7338665393737024,0.7901092911849918,pairflip_intermediate.csv,/kaggle/input/datasets/rabianaz22/05-output-3rd-paper/pairflip_results/checkpoints,RF/RF
Tabular,RF,RF,pairflip,0.4,1.0,278885.0,24.60942682467684,0.7259500078792096,0.7904648527703274,pairflip_intermediate.csv,/kaggle/input/datasets/rabianaz22/05-output-3rd-paper/pairflip_results/checkpoints,RF/RF
Tabular,RF,RF,pairflip,0.4,2.0,278885.0,24.625921078580777,0.736067636064425,0.7933334289525394,pairflip_intermediate.csv,/kaggle/input/datasets/rabianaz22/05-output-3rd-paper/pairflip_results/checkpoints,RF/RF
Tabular,RF,RF,pairflip,0.4,3.0,278885.0,24.540581243164745,0.7356899534522007,0.7942513733308473,pairflip_intermediate.csv,/kaggle/input/datasets/rabianaz22/05-output-3rd-paper/pairflip_results/checkpoints,RF/RF
Tabular,RF,RF,pairflip,0.4,4.0,278885.0,24.41795005109633,0.7351747549001424,0.7933621147143616,pairflip_intermediate.csv,/kaggle/input/datasets/rabianaz22/05-output-3rd-paper/pairflip_results/checkpoints,RF/RF
Tabular,XGBoost,XGBoost,pairflip,0.4,0.0,278884.0,24.744696719783136,0.7488952896708813,0.8201571957201457,pairflip_intermediate.csv,/kaggle/input/datasets/rabianaz22/05-output-3rd-paper/pairflip_results/checkpoints,XGBoost/XGBoost
Tabular,XGBoost,XGBoost,pairflip,0.4,1.0,278885.0,24.60942682467684,0.7451339945925497,0.8231809641284549,pairflip_intermediate.csv,/kaggle/input/datasets/rabianaz22/05-output-3rd-paper/pairflip_results/checkpoints,XGBoost/XGBoost
Tabular,XGBoost,XGBoost,pairflip,0.4,2.0,278885.0,24.625921078580777,0.749208804941366,0.8228223921056783,pairflip_intermediate.csv,/kaggle/input/datasets/rabianaz22/05-output-3rd-paper/pairflip_results/checkpoints,XGBoost/XGBoost
Tabular,XGBoost,XGBoost,pairflip,0.4,3.0,278885.0,24.540581243164745,0.7532891716705288,0.8262933692861548,pairflip_intermediate.csv,/kaggle/input/datasets/rabianaz22/05-output-3rd-paper/pairflip_results/checkpoints,XGBoost/XGBoost
Tabular,XGBoost,XGBoost,pairflip,0.4,4.0,278885.0,24.41795005109633,0.7511707186614405,0.8242710230776954,pairflip_intermediate.csv,/kaggle/input/datasets/rabianaz22/05-output-3rd-paper/pairflip_results/checkpoints,XGBoost/XGBoost
Tabular,Voting,Voting,pairflip,0.4,0.0,278884.0,24.744696719783136,0.7498905136366819,0.8067754797624853,pairflip_intermediate.csv,/kaggle/input/datasets/rabianaz22/05-output-3rd-paper/pairflip_results/checkpoints,Voting/Voting
Tabular,Voting,Voting,pairflip,0.4,1.0,278885.0,24.60942682467684,0.7464646312390769,0.8089097976219504,pairflip_intermediate.csv,/kaggle/input/datasets/rabianaz22/05-output-3rd-paper/pairflip_results/checkpoints,Voting/Voting
Tabular,Voting,Voting,pairflip,0.4,2.0,278885.0,24.625921078580777,0.7522393632516006,0.8110468868776982,pairflip_intermediate.csv,/kaggle/input/datasets/rabianaz22/05-output-3rd-paper/pairflip_results/checkpoints,Voting/Voting
Tabular,Voting,Voting,pairflip,0.4,3.0,278885.0,24.540581243164745,0.7526914423629408,0.8120939171842056,pairflip_intermediate.csv,/kaggle/input/datasets/rabianaz22/05-output-3rd-paper/pairflip_results/checkpoints,Voting/Voting
Tabular,Voting,Voting,pairflip,0.4,4.0,278885.0,24.41795005109633,0.7524751357042835,0.8106452862121886,pairflip_intermediate.csv,/kaggle/input/datasets/rabianaz22/05-output-3rd-paper/pairflip_results/checkpoints,Voting/Voting
Tabular,Stacking,Stacking,pairflip,0.4,0.0,80000.0,24.610000000000003,0.8042644678818033,0.87955,pairflip_intermediate.csv,/kaggle/input/datasets/rabianaz22/05-output-3rd-paper/pairflip_results/checkpoints,Stacking/Stacking
Tabular,Stacking,Stacking,pairflip,0.4,1.0,80000.0,24.45625,0.7952574818811279,0.8785,pairflip_intermediate.csv,/kaggle/input/datasets/rabianaz22/05-output-3rd-paper/pairflip_results/checkpoints,Stacking/Stacking
Tabular,Stacking,Stacking,pairflip,0.4,2.0,80000.0,24.77,0.8055463730542042,0.88045,pairflip_intermediate.csv,/kaggle/input/datasets/rabianaz22/05-output-3rd-paper/pairflip_results/checkpoints,Stacking/Stacking
Tabular,Stacking,Stacking,pairflip,0.4,3.0,80000.0,24.54,0.8159403143469067,0.88665,pairflip_intermediate.csv,/kaggle/input/datasets/rabianaz22/05-output-3rd-paper/pairflip_results/checkpoints,Stacking/Stacking
Tabular,Stacking,Stacking,pairflip,0.4,4.0,80000.0,24.52875,0.8256425435445209,0.8891,pairflip_intermediate.csv,/kaggle/input/datasets/rabianaz22/05-output-3rd-paper/pairflip_results/checkpoints,Stacking/Stacking
Image,RF,RF,pairflip,0.4,0.0,12960.0,22.554012345679013,0.8627779337675567,0.8722222222222222,pairflip_intermediate.csv,/kaggle/input/datasets/rabianaz22/05-output-3rd-paper/pairflip_results/checkpoints,RF/RF
Image,RF,RF,pairflip,0.4,1.0,12960.0,22.939814814814817,0.8508572232180611,0.8598765432098765,pairflip_intermediate.csv,/kaggle/input/datasets/rabianaz22/05-output-3rd-paper/pairflip_results/checkpoints,RF/RF
Image,RF,RF,pairflip,0.4,2.0,12960.0,22.854938271604937,0.8557647414120032,0.8632716049382716,pairflip_intermediate.csv,/kaggle/input/datasets/rabianaz22/05-output-3rd-paper/pairflip_results/checkpoints,RF/RF
Image,RF,RF,pairflip,0.4,3.0,12960.0,22.924382716049383,0.8348835228166103,0.8469135802469135,pairflip_intermediate.csv,/kaggle/input/datasets/rabianaz22/05-output-3rd-paper/pairflip_results/checkpoints,RF/RF
Image,RF,RF,pairflip,0.4,4.0,12960.0,23.109567901234566,0.8411319285392149,0.8493827160493828,pairflip_intermediate.csv,/kaggle/input/datasets/rabianaz22/05-output-3rd-paper/pairflip_results/checkpoints,RF/RF
Image,XGBoost,XGBoost,pairflip,0.4,0.0,12960.0,22.554012345679013,0.8187597586798621,0.8287037037037037,pairflip_intermediate.csv,/kaggle/input/datasets/rabianaz22/05-output-3rd-paper/pairflip_results/checkpoints,XGBoost/XGBoost
Image,XGBoost,XGBoost,pairflip,0.4,1.0,12960.0,22.939814814814817,0.8121147806983459,0.8225308641975309,pairflip_intermediate.csv,/kaggle/input/datasets/rabianaz22/05-output-3rd-paper/pairflip_results/checkpoints,XGBoost/XGBoost
Image,XGBoost,XGBoost,pairflip,0.4,2.0,12960.0,22.854938271604937,0.8144047484427908,0.8240740740740741,pairflip_intermediate.csv,/kaggle/input/datasets/rabianaz22/05-output-3rd-paper/pairflip_results/checkpoints,XGBoost/XGBoost
Image,XGBoost,XGBoost,pairflip,0.4,3.0,12960.0,22.924382716049383,0.8107709340360808,0.8222222222222222,pairflip_intermediate.csv,/kaggle/input/datasets/rabianaz22/05-output-3rd-paper/pairflip_results/checkpoints,XGBoost/XGBoost
Image,XGBoost,XGBoost,pairflip,0.4,4.0,12960.0,23.109567901234566,0.809787502435643,0.8194444444444444,pairflip_intermediate.csv,/kaggle/input/datasets/rabianaz22/05-output-3rd-paper/pairflip_results/checkpoints,XGBoost/XGBoost
Image,Voting,Voting,pairflip,0.4,0.0,12960.0,22.554012345679013,0.849386128448946,0.8577160493827161,pairflip_intermediate.csv,/kaggle/input/datasets/rabianaz22/05-output-3rd-paper/pairflip_results/checkpoints,Voting/Voting
Image,Voting,Voting,pairflip,0.4,1.0,12960.0,22.939814814814817,0.8375318331501423,0.8475308641975309,pairflip_intermediate.csv,/kaggle/input/datasets/rabianaz22/05-output-3rd-paper/pairflip_results/checkpoints,Voting/Voting
Image,Voting,Voting,pairflip,0.4,2.0,12960.0,22.854938271604937,0.8435549405031209,0.8521604938271605,pairflip_intermediate.csv,/kaggle/input/datasets/rabianaz22/05-output-3rd-paper/pairflip_results/checkpoints,Voting/Voting
Image,Voting,Voting,pairflip,0.4,3.0,12960.0,22.924382716049383,0.8315407193946326,0.8425925925925926,pairflip_intermediate.csv,/kaggle/input/datasets/rabianaz22/05-output-3rd-paper/pairflip_results/checkpoints,Voting/Voting
Image,Voting,Voting,pairflip,0.4,4.0,12960.0,23.109567901234566,0.8302922049149348,0.8395061728395061,pairflip_intermediate.csv,/kaggle/input/datasets/rabianaz22/05-output-3rd-paper/pairflip_results/checkpoints,Voting/Voting
Image,Stacking,Stacking,pairflip,0.4,0.0,12960.0,22.554012345679013,0.900699753360942,0.9052469135802468,pairflip_intermediate.csv,/kaggle/input/datasets/rabianaz22/05-output-3rd-paper/pairflip_results/checkpoints,Stacking/Stacking
Image,Stacking,Stacking,pairflip,0.4,1.0,12960.0,22.939814814814817,0.8856715801473583,0.8925925925925926,pairflip_intermediate.csv,/kaggle/input/datasets/rabianaz22/05-output-3rd-paper/pairflip_results/checkpoints,Stacking/Stacking
Image,Stacking,Stacking,pairflip,0.4,2.0,12960.0,22.854938271604937,0.8941041821213862,0.9,pairflip_intermediate.csv,/kaggle/input/datasets/rabianaz22/05-output-3rd-paper/pairflip_results/checkpoints,Stacking/Stacking
Image,Stacking,Stacking,pairflip,0.4,3.0,12960.0,22.924382716049383,0.8766644207734025,0.8858024691358025,pairflip_intermediate.csv,/kaggle/input/datasets/rabianaz22/05-output-3rd-paper/pairflip_results/checkpoints,Stacking/Stacking
Image,Stacking,Stacking,pairflip,0.4,4.0,12960.0,23.109567901234566,0.8876248864905232,0.8941358024691358,pairflip_intermediate.csv,/kaggle/input/datasets/rabianaz22/05-output-3rd-paper/pairflip_results/checkpoints,Stacking/Stacking
Tabular,RF,RF,pairflip,0.4,0.0,278884.0,24.744696719783136,0.7338665393737024,0.7901092911849918,pairflip_results_full.csv,/kaggle/input/datasets/rabianaz22/05-output-3rd-paper/pairflip_results,RF/RF
Tabular,RF,RF,pairflip,0.4,1.0,278885.0,24.60942682467684,0.7259500078792096,0.7904648527703274,pairflip_results_full.csv,/kaggle/input/datasets/rabianaz22/05-output-3rd-paper/pairflip_results,RF/RF
Tabular,RF,RF,pairflip,0.4,2.0,278885.0,24.625921078580777,0.736067636064425,0.7933334289525394,pairflip_results_full.csv,/kaggle/input/datasets/rabianaz22/05-output-3rd-paper/pairflip_results,RF/RF
Tabular,RF,RF,pairflip,0.4,3.0,278885.0,24.540581243164745,0.7356899534522007,0.7942513733308473,pairflip_results_full.csv,/kaggle/input/datasets/rabianaz22/05-output-3rd-paper/pairflip_results,RF/RF
Tabular,RF,RF,pairflip,0.4,4.0,278885.0,24.41795005109633,0.7351747549001424,0.7933621147143616,pairflip_results_full.csv,/kaggle/input/datasets/rabianaz22/05-output-3rd-paper/pairflip_results,RF/RF
Tabular,XGBoost,XGBoost,pairflip,0.4,0.0,278884.0,24.744696719783136,0.7488952896708813,0.8201571957201457,pairflip_results_full.csv,/kaggle/input/datasets/rabianaz22/05-output-3rd-paper/pairflip_results,XGBoost/XGBoost
Tabular,XGBoost,XGBoost,pairflip,0.4,1.0,278885.0,24.60942682467684,0.7451339945925497,0.8231809641284549,pairflip_results_full.csv,/kaggle/input/datasets/rabianaz22/05-output-3rd-paper/pairflip_results,XGBoost/XGBoost
Tabular,XGBoost,XGBoost,pairflip,0.4,2.0,278885.0,24.625921078580777,0.749208804941366,0.8228223921056783,pairflip_results_full.csv,/kaggle/input/datasets/rabianaz22/05-output-3rd-paper/pairflip_results,XGBoost/XGBoost
Tabular,XGBoost,XGBoost,pairflip,0.4,3.0,278885.0,24.540581243164745,0.7532891716705288,0.8262933692861548,pairflip_results_full.csv,/kaggle/input/datasets/rabianaz22/05-output-3rd-paper/pairflip_results,XGBoost/XGBoost
Tabular,XGBoost,XGBoost,pairflip,0.4,4.0,278885.0,24.41795005109633,0.7511707186614405,0.8242710230776954,pairflip_results_full.csv,/kaggle/input/datasets/rabianaz22/05-output-3rd-paper/pairflip_results,XGBoost/XGBoost
Tabular,Voting,Voting,pairflip,0.4,0.0,278884.0,24.744696719783136,0.7498905136366819,0.8067754797624853,pairflip_results_full.csv,/kaggle/input/datasets/rabianaz22/05-output-3rd-paper/pairflip_results,Voting/Voting
Tabular,Voting,Voting,pairflip,0.4,1.0,278885.0,24.60942682467684,0.7464646312390769,0.8089097976219504,pairflip_results_full.csv,/kaggle/input/datasets/rabianaz22/05-output-3rd-paper/pairflip_results,Voting/Voting
Tabular,Voting,Voting,pairflip,0.4,2.0,278885.0,24.625921078580777,0.7522393632516006,0.8110468868776982,pairflip_results_full.csv,/kaggle/input/datasets/rabianaz22/05-output-3rd-paper/pairflip_results,Voting/Voting
Tabular,Voting,Voting,pairflip,0.4,3.0,278885.0,24.540581243164745,0.7526914423629408,0.8120939171842056,pairflip_results_full.csv,/kaggle/input/datasets/rabianaz22/05-output-3rd-paper/pairflip_results,Voting/Voting
Tabular,Voting,Voting,pairflip,0.4,4.0,278885.0,24.41795005109633,0.7524751357042835,0.8106452862121886,pairflip_results_full.csv,/kaggle/input/datasets/rabianaz22/05-output-3rd-paper/pairflip_results,Voting/Voting
Tabular,Stacking,Stacking,pairflip,0.4,0.0,80000.0,24.610000000000003,0.8042644678818033,0.87955,pairflip_results_full.csv,/kaggle/input/datasets/rabianaz22/05-output-3rd-paper/pairflip_results,Stacking/Stacking
Tabular,Stacking,Stacking,pairflip,0.4,1.0,80000.0,24.45625,0.7952574818811279,0.8785,pairflip_results_full.csv,/kaggle/input/datasets/rabianaz22/05-output-3rd-paper/pairflip_results,Stacking/Stacking
Tabular,Stacking,Stacking,pairflip,0.4,2.0,80000.0,24.77,0.8055463730542042,0.88045,pairflip_results_full.csv,/kaggle/input/datasets/rabianaz22/05-output-3rd-paper/pairflip_results,Stacking/Stacking
Tabular,Stacking,Stacking,pairflip,0.4,3.0,80000.0,24.54,0.8159403143469067,0.88665,pairflip_results_full.csv,/kaggle/input/datasets/rabianaz22/05-output-3rd-paper/pairflip_results,Stacking/Stacking
Tabular,Stacking,Stacking,pairflip,0.4,4.0,80000.0,24.52875,0.8256425435445209,0.8891,pairflip_results_full.csv,/kaggle/input/datasets/rabianaz22/05-output-3rd-paper/pairflip_results,Stacking/Stacking
Image,RF,RF,pairflip,0.4,0.0,12960.0,22.554012345679013,0.8627779337675567,0.8722222222222222,pairflip_results_full.csv,/kaggle/input/datasets/rabianaz22/05-output-3rd-paper/pairflip_results,RF/RF
Image,RF,RF,pairflip,0.4,1.0,12960.0,22.939814814814817,0.8508572232180611,0.8598765432098765,pairflip_results_full.csv,/kaggle/input/datasets/rabianaz22/05-output-3rd-paper/pairflip_results,RF/RF
Image,RF,RF,pairflip,0.4,2.0,12960.0,22.854938271604937,0.8557647414120032,0.8632716049382716,pairflip_results_full.csv,/kaggle/input/datasets/rabianaz22/05-output-3rd-paper/pairflip_results,RF/RF
Image,RF,RF,pairflip,0.4,3.0,12960.0,22.924382716049383,0.8348835228166103,0.8469135802469135,pairflip_results_full.csv,/kaggle/input/datasets/rabianaz22/05-output-3rd-paper/pairflip_results,RF/RF
Image,RF,RF,pairflip,0.4,4.0,12960.0,23.109567901234566,0.8411319285392149,0.8493827160493828,pairflip_results_full.csv,/kaggle/input/datasets/rabianaz22/05-output-3rd-paper/pairflip_results,RF/RF
Image,XGBoost,XGBoost,pairflip,0.4,0.0,12960.0,22.554012345679013,0.8187597586798621,0.8287037037037037,pairflip_results_full.csv,/kaggle/input/datasets/rabianaz22/05-output-3rd-paper/pairflip_results,XGBoost/XGBoost
Image,XGBoost,XGBoost,pairflip,0.4,1.0,12960.0,22.939814814814817,0.8121147806983459,0.8225308641975309,pairflip_results_full.csv,/kaggle/input/datasets/rabianaz22/05-output-3rd-paper/pairflip_results,XGBoost/XGBoost
Image,XGBoost,XGBoost,pairflip,0.4,2.0,12960.0,22.854938271604937,0.8144047484427908,0.8240740740740741,pairflip_results_full.csv,/kaggle/input/datasets/rabianaz22/05-output-3rd-paper/pairflip_results,XGBoost/XGBoost
Image,XGBoost,XGBoost,pairflip,0.4,3.0,12960.0,22.924382716049383,0.8107709340360808,0.8222222222222222,pairflip_results_full.csv,/kaggle/input/datasets/rabianaz22/05-output-3rd-paper/pairflip_results,XGBoost/XGBoost
Image,XGBoost,XGBoost,pairflip,0.4,4.0,12960.0,23.109567901234566,0.809787502435643,0.8194444444444444,pairflip_results_full.csv,/kaggle/input/datasets/rabianaz22/05-output-3rd-paper/pairflip_results,XGBoost/XGBoost
Image,Voting,Voting,pairflip,0.4,0.0,12960.0,22.554012345679013,0.849386128448946,0.8577160493827161,pairflip_results_full.csv,/kaggle/input/datasets/rabianaz22/05-output-3rd-paper/pairflip_results,Voting/Voting
Image,Voting,Voting,pairflip,0.4,1.0,12960.0,22.939814814814817,0.8375318331501423,0.8475308641975309,pairflip_results_full.csv,/kaggle/input/datasets/rabianaz22/05-output-3rd-paper/pairflip_results,Voting/Voting
Image,Voting,Voting,pairflip,0.4,2.0,12960.0,22.854938271604937,0.8435549405031209,0.8521604938271605,pairflip_results_full.csv,/kaggle/input/datasets/rabianaz22/05-output-3rd-paper/pairflip_results,Voting/Voting
Image,Voting,Voting,pairflip,0.4,3.0,12960.0,22.924382716049383,0.8315407193946326,0.8425925925925926,pairflip_results_full.csv,/kaggle/input/datasets/rabianaz22/05-output-3rd-paper/pairflip_results,Voting/Voting
Image,Voting,Voting,pairflip,0.4,4.0,12960.0,23.109567901234566,0.8302922049149348,0.8395061728395061,pairflip_results_full.csv,/kaggle/input/datasets/rabianaz22/05-output-3rd-paper/pairflip_results,Voting/Voting
Image,Stacking,Stacking,pairflip,0.4,0.0,12960.0,22.554012345679013,0.900699753360942,0.9052469135802468,pairflip_results_full.csv,/kaggle/input/datasets/rabianaz22/05-output-3rd-paper/pairflip_results,Stacking/Stacking
Image,Stacking,Stacking,pairflip,0.4,1.0,12960.0,22.939814814814817,0.8856715801473583,0.8925925925925926,pairflip_results_full.csv,/kaggle/input/datasets/rabianaz22/05-output-3rd-paper/pairflip_results,Stacking/Stacking
Image,Stacking,Stacking,pairflip,0.4,2.0,12960.0,22.854938271604937,0.8941041821213862,0.9,pairflip_results_full.csv,/kaggle/input/datasets/rabianaz22/05-output-3rd-paper/pairflip_results,Stacking/Stacking
Image,Stacking,Stacking,pairflip,0.4,3.0,12960.0,22.924382716049383,0.8766644207734025,0.8858024691358025,pairflip_results_full.csv,/kaggle/input/datasets/rabianaz22/05-output-3rd-paper/pairflip_results,Stacking/Stacking
Image,Stacking,Stacking,pairflip,0.4,4.0,12960.0,23.109567901234566,0.8876248864905232,0.8941358024691358,pairflip_results_full.csv,/kaggle/input/datasets/rabianaz22/05-output-3rd-paper/pairflip_results,Stacking/Stacking
UNKNOWN,RandomForest,,symmetric,0.0,0.0,278884.0,0.0,0.9083046776663044,0.9428300966696308,rf_results_intermediate.csv,/kaggle/input/datasets/rabianaz22/3b-tabular-rf-3rd-paper/rf_results/checkpoints,RandomForest
UNKNOWN,RandomForest,,symmetric,0.0,1.0,278885.0,0.0,0.9087498126469188,0.9447081940878644,rf_results_intermediate.csv,/kaggle/input/datasets/rabianaz22/3b-tabular-rf-3rd-paper/rf_results/checkpoints,RandomForest
UNKNOWN,RandomForest,,symmetric,0.0,2.0,278885.0,0.0,0.913653228551925,0.942685847879405,rf_results_intermediate.csv,/kaggle/input/datasets/rabianaz22/3b-tabular-rf-3rd-paper/rf_results/checkpoints,RandomForest
UNKNOWN,RandomForest,,symmetric,0.0,3.0,278885.0,0.0,0.9136835119001409,0.9423846473802728,rf_results_intermediate.csv,/kaggle/input/datasets/rabianaz22/3b-tabular-rf-3rd-paper/rf_results/checkpoints,RandomForest
UNKNOWN,RandomForest,,symmetric,0.0,4.0,278885.0,0.0,0.9092212331804904,0.9419830467147632,rf_results_intermediate.csv,/kaggle/input/datasets/rabianaz22/3b-tabular-rf-3rd-paper/rf_results/checkpoints,RandomForest
UNKNOWN,RandomForest,,symmetric,0.1,0.0,278884.0,10.010255159851408,0.8948294346785062,0.9337798686210952,rf_results_intermediate.csv,/kaggle/input/datasets/rabianaz22/3b-tabular-rf-3rd-paper/rf_results/checkpoints,RandomForest
UNKNOWN,RandomForest,,symmetric,0.1,1.0,278885.0,10.013804973376123,0.8969875383395343,0.9362315514694282,rf_results_intermediate.csv,/kaggle/input/datasets/rabianaz22/3b-tabular-rf-3rd-paper/rf_results/checkpoints,RandomForest
UNKNOWN,RandomForest,,symmetric,0.1,2.0,278885.0,10.05181347150259,0.8995597440007768,0.9336785186672596,rf_results_intermediate.csv,/kaggle/input/datasets/rabianaz22/3b-tabular-rf-3rd-paper/rf_results/checkpoints,RandomForest
UNKNOWN,RandomForest,,symmetric,0.1,3.0,278885.0,10.024562095487386,0.9051945170536604,0.9356865219948078,rf_results_intermediate.csv,/kaggle/input/datasets/rabianaz22/3b-tabular-rf-3rd-paper/rf_results/checkpoints,RandomForest
UNKNOWN,RandomForest,,symmetric,0.1,4.0,278885.0,9.96503935313839,0.8972549025265588,0.9333486324063052,rf_results_intermediate.csv,/kaggle/input/datasets/rabianaz22/3b-tabular-rf-3rd-paper/rf_results/checkpoints,RandomForest
UNKNOWN,RandomForest,,symmetric,0.2,0.0,278884.0,20.01082887508785,0.8574570910490632,0.9220332176357534,rf_results_intermediate.csv,/kaggle/input/datasets/rabianaz22/3b-tabular-rf-3rd-paper/rf_results/checkpoints,RandomForest
UNKNOWN,RandomForest,,symmetric,0.2,1.0,278885.0,20.00501999031859,0.8616198003312858,0.9255461051906886,rf_results_intermediate.csv,/kaggle/input/datasets/rabianaz22/3b-tabular-rf-3rd-paper/rf_results/checkpoints,RandomForest
UNKNOWN,RandomForest,,symmetric,0.2,2.0,278885.0,19.986015741255358,0.8628037413577466,0.921558784297414,rf_results_intermediate.csv,/kaggle/input/datasets/rabianaz22/3b-tabular-rf-3rd-paper/rf_results/checkpoints,RandomForest
UNKNOWN,RandomForest,,symmetric,0.2,3.0,278885.0,19.96199150187353,0.8627243170556868,0.922505414437544,rf_results_intermediate.csv,/kaggle/input/datasets/rabianaz22/3b-tabular-rf-3rd-paper/rf_results/checkpoints,RandomForest
UNKNOWN,RandomForest,,symmetric,0.2,4.0,278885.0,20.058805600874912,0.8554058707947315,0.9209133546564164,rf_results_intermediate.csv,/kaggle/input/datasets/rabianaz22/3b-tabular-rf-3rd-paper/rf_results/checkpoints,RandomForest
UNKNOWN,RandomForest,,symmetric,0.3,0.0,278884.0,30.056224093171352,0.79091746302546,0.9007630303204154,rf_results_intermediate.csv,/kaggle/input/datasets/rabianaz22/3b-tabular-rf-3rd-paper/rf_results/checkpoints,RandomForest
UNKNOWN,RandomForest,,symmetric,0.3,1.0,278885.0,30.04105634939133,0.7926227111009109,0.9027696103039256,rf_results_intermediate.csv,/kaggle/input/datasets/rabianaz22/3b-tabular-rf-3rd-paper/rf_results/checkpoints,RandomForest
UNKNOWN,RandomForest,,symmetric,0.3,2.0,278885.0,29.96503935313839,0.7978137942323114,0.9021672093056612,rf_results_intermediate.csv,/kaggle/input/datasets/rabianaz22/3b-tabular-rf-3rd-paper/rf_results/checkpoints,RandomForest
UNKNOWN,RandomForest,,symmetric,0.3,3.0,278885.0,30.011294978216828,0.7971137277102452,0.9024970955666156,rf_results_intermediate.csv,/kaggle/input/datasets/rabianaz22/3b-tabular-rf-3rd-paper/rf_results/checkpoints,RandomForest
UNKNOWN,RandomForest,,symmetric,0.3,4.0,278885.0,29.930257991645306,0.7913238656603484,0.9010771503564206,rf_results_intermediate.csv,/kaggle/input/datasets/rabianaz22/3b-tabular-rf-3rd-paper/rf_results/checkpoints,RandomForest
UNKNOWN,RandomForest,,symmetric,0.4,0.0,278884.0,40.13138078914531,0.7024045806975077,0.859527839132555,rf_results_intermediate.csv,/kaggle/input/datasets/rabianaz22/3b-tabular-rf-3rd-paper/rf_results/checkpoints,RandomForest
UNKNOWN,RandomForest,,symmetric,0.4,1.0,278885.0,39.942628682073256,0.7084472676865499,0.8633123449176001,rf_results_intermediate.csv,/kaggle/input/datasets/rabianaz22/3b-tabular-rf-3rd-paper/rf_results/checkpoints,RandomForest
UNKNOWN,RandomForest,,symmetric,0.4,2.0,278885.0,40.06776986930097,0.71030133495439,0.8633984022030665,rf_results_intermediate.csv,/kaggle/input/datasets/rabianaz22/3b-tabular-rf-3rd-paper/rf_results/checkpoints,RandomForest
UNKNOWN,RandomForest,,symmetric,0.4,3.0,278885.0,40.01111569284831,0.7082744145003644,0.8627673154429799,rf_results_intermediate.csv,/kaggle/input/datasets/rabianaz22/3b-tabular-rf-3rd-paper/rf_results/checkpoints,RandomForest
UNKNOWN,RandomForest,,symmetric,0.4,4.0,278885.0,39.85513742223497,0.7047142896484517,0.8610891983763859,rf_results_intermediate.csv,/kaggle/input/datasets/rabianaz22/3b-tabular-rf-3rd-paper/rf_results/checkpoints,RandomForest
UNKNOWN,RandomForest,,asymmetric,0.0,0.0,278884.0,0.0,0.9083046776663044,0.9428300966696308,rf_results_intermediate.csv,/kaggle/input/datasets/rabianaz22/3b-tabular-rf-3rd-paper/rf_results/checkpoints,RandomForest
UNKNOWN,RandomForest,,asymmetric,0.0,1.0,278885.0,0.0,0.9087498126469188,0.9447081940878644,rf_results_intermediate.csv,/kaggle/input/datasets/rabianaz22/3b-tabular-rf-3rd-paper/rf_results/checkpoints,RandomForest
UNKNOWN,RandomForest,,asymmetric,0.0,2.0,278885.0,0.0,0.913653228551925,0.942685847879405,rf_results_intermediate.csv,/kaggle/input/datasets/rabianaz22/3b-tabular-rf-3rd-paper/rf_results/checkpoints,RandomForest
UNKNOWN,RandomForest,,asymmetric,0.0,3.0,278885.0,0.0,0.9136835119001409,0.9423846473802728,rf_results_intermediate.csv,/kaggle/input/datasets/rabianaz22/3b-tabular-rf-3rd-paper/rf_results/checkpoints,RandomForest
UNKNOWN,RandomForest,,asymmetric,0.0,4.0,278885.0,0.0,0.9092212331804904,0.9419830467147632,rf_results_intermediate.csv,/kaggle/input/datasets/rabianaz22/3b-tabular-rf-3rd-paper/rf_results/checkpoints,RandomForest
UNKNOWN,RandomForest,,asymmetric,0.1,0.0,278884.0,10.010255159851408,0.8941573832082215,0.933335245690026,rf_results_intermediate.csv,/kaggle/input/datasets/rabianaz22/3b-tabular-rf-3rd-paper/rf_results/checkpoints,RandomForest
UNKNOWN,RandomForest,,asymmetric,0.1,1.0,278885.0,10.013804973376123,0.895459581454065,0.9356148075902526,rf_results_intermediate.csv,/kaggle/input/datasets/rabianaz22/3b-tabular-rf-3rd-paper/rf_results/checkpoints,RandomForest
UNKNOWN,RandomForest,,asymmetric,0.1,2.0,278885.0,10.05181347150259,0.898202189614776,0.934008404928214,rf_results_intermediate.csv,/kaggle/input/datasets/rabianaz22/3b-tabular-rf-3rd-paper/rf_results/checkpoints,RandomForest
UNKNOWN,RandomForest,,asymmetric,0.1,3.0,278885.0,10.024562095487386,0.8993667469032893,0.935471378781142,rf_results_intermediate.csv,/kaggle/input/datasets/rabianaz22/3b-tabular-rf-3rd-paper/rf_results/checkpoints,RandomForest
UNKNOWN,RandomForest,,asymmetric,0.1,4.0,278885.0,9.96503935313839,0.8964856540387334,0.9336068042627044,rf_results_intermediate.csv,/kaggle/input/datasets/rabianaz22/3b-tabular-rf-3rd-paper/rf_results/checkpoints,RandomForest
UNKNOWN,RandomForest,,asymmetric,0.2,0.0,278884.0,20.01082887508785,0.8337085556628789,0.9047933220504288,rf_results_intermediate.csv,/kaggle/input/datasets/rabianaz22/3b-tabular-rf-3rd-paper/rf_results/checkpoints,RandomForest
UNKNOWN,RandomForest,,asymmetric,0.2,1.0,278885.0,20.00501999031859,0.8386419186741002,0.9085354484301716,rf_results_intermediate.csv,/kaggle/input/datasets/rabianaz22/3b-tabular-rf-3rd-paper/rf_results/checkpoints,RandomForest
UNKNOWN,RandomForest,,asymmetric,0.2,2.0,278885.0,19.986015741255358,0.8392720944396854,0.9058820154616256,rf_results_intermediate.csv,/kaggle/input/datasets/rabianaz22/3b-tabular-rf-3rd-paper/rf_results/checkpoints,RandomForest
UNKNOWN,RandomForest,,asymmetric,0.2,3.0,278885.0,19.96199150187353,0.8403559822764368,0.9067999598399334,rf_results_intermediate.csv,/kaggle/input/datasets/rabianaz22/3b-tabular-rf-3rd-paper/rf_results/checkpoints,RandomForest
UNKNOWN,RandomForest,,asymmetric,0.2,4.0,278885.0,20.058805600874912,0.8293565694865102,0.9040030980622769,rf_results_intermediate.csv,/kaggle/input/datasets/rabianaz22/3b-tabular-rf-3rd-paper/rf_results/checkpoints,RandomForest
UNKNOWN,RandomForest,,asymmetric,0.3,0.0,278884.0,30.056224093171352,0.7202626955077146,0.8298528441524913,rf_results_intermediate.csv,/kaggle/input/datasets/rabianaz22/3b-tabular-rf-3rd-paper/rf_results/checkpoints,RandomForest
UNKNOWN,RandomForest,,asymmetric,0.3,1.0,278885.0,30.04105634939133,0.7325139147022822,0.8338090388835502,rf_results_intermediate.csv,/kaggle/input/datasets/rabianaz22/3b-tabular-rf-3rd-paper/rf_results/checkpoints,RandomForest
UNKNOWN,RandomForest,,asymmetric,0.3,2.0,278885.0,29.96503935313839,0.730070690748126,0.8345405258100141,rf_results_intermediate.csv,/kaggle/input/datasets/rabianaz22/3b-tabular-rf-3rd-paper/rf_results/checkpoints,RandomForest
UNKNOWN,RandomForest,,asymmetric,0.3,3.0,278885.0,30.011294978216828,0.7261359653402646,0.8318870928414681,rf_results_intermediate.csv,/kaggle/input/datasets/rabianaz22/3b-tabular-rf-3rd-paper/rf_results/checkpoints,RandomForest
UNKNOWN,RandomForest,,asymmetric,0.3,4.0,278885.0,29.930257991645306,0.7253023045484192,0.8319157786032902,rf_results_intermediate.csv,/kaggle/input/datasets/rabianaz22/3b-tabular-rf-3rd-paper/rf_results/checkpoints,RandomForest
UNKNOWN,RandomForest,,asymmetric,0.4,0.0,278884.0,40.13138078914531,0.5859421717581729,0.6894380539858295,rf_results_intermediate.csv,/kaggle/input/datasets/rabianaz22/3b-tabular-rf-3rd-paper/rf_results/checkpoints,RandomForest
UNKNOWN,RandomForest,,asymmetric,0.4,1.0,278885.0,39.942628682073256,0.5869741237342982,0.690322858249308,rf_results_intermediate.csv,/kaggle/input/datasets/rabianaz22/3b-tabular-rf-3rd-paper/rf_results/checkpoints,RandomForest
UNKNOWN,RandomForest,,asymmetric,0.4,2.0,278885.0,40.06776986930097,0.5848515496055653,0.6944822937135153,rf_results_intermediate.csv,/kaggle/input/datasets/rabianaz22/3b-tabular-rf-3rd-paper/rf_results/checkpoints,RandomForest
UNKNOWN,RandomForest,,asymmetric,0.4,3.0,278885.0,40.01111569284831,0.5875266552060892,0.6907388017957287,rf_results_intermediate.csv,/kaggle/input/datasets/rabianaz22/3b-tabular-rf-3rd-paper/rf_results/checkpoints,RandomForest
UNKNOWN,RandomForest,,asymmetric,0.4,4.0,278885.0,39.85513742223497,0.595291379947436,0.6931770915506088,rf_results_intermediate.csv,/kaggle/input/datasets/rabianaz22/3b-tabular-rf-3rd-paper/rf_results/checkpoints,RandomForest
UNKNOWN,RandomForest,,symmetric,0.0,0.0,278884.0,0.0,0.9083046776663044,0.9428300966696308,rf_results_full.csv,/kaggle/input/datasets/rabianaz22/3b-tabular-rf-3rd-paper/rf_results,RandomForest
UNKNOWN,RandomForest,,symmetric,0.0,1.0,278885.0,0.0,0.9087498126469188,0.9447081940878644,rf_results_full.csv,/kaggle/input/datasets/rabianaz22/3b-tabular-rf-3rd-paper/rf_results,RandomForest
UNKNOWN,RandomForest,,symmetric,0.0,2.0,278885.0,0.0,0.913653228551925,0.942685847879405,rf_results_full.csv,/kaggle/input/datasets/rabianaz22/3b-tabular-rf-3rd-paper/rf_results,RandomForest
UNKNOWN,RandomForest,,symmetric,0.0,3.0,278885.0,0.0,0.9136835119001409,0.9423846473802728,rf_results_full.csv,/kaggle/input/datasets/rabianaz22/3b-tabular-rf-3rd-paper/rf_results,RandomForest
UNKNOWN,RandomForest,,symmetric,0.0,4.0,278885.0,0.0,0.9092212331804904,0.9419830467147632,rf_results_full.csv,/kaggle/input/datasets/rabianaz22/3b-tabular-rf-3rd-paper/rf_results,RandomForest
UNKNOWN,RandomForest,,symmetric,0.1,0.0,278884.0,10.010255159851408,0.8948294346785062,0.9337798686210952,rf_results_full.csv,/kaggle/input/datasets/rabianaz22/3b-tabular-rf-3rd-paper/rf_results,RandomForest
UNKNOWN,RandomForest,,symmetric,0.1,1.0,278885.0,10.013804973376123,0.8969875383395343,0.9362315514694282,rf_results_full.csv,/kaggle/input/datasets/rabianaz22/3b-tabular-rf-3rd-paper/rf_results,RandomForest
UNKNOWN,RandomForest,,symmetric,0.1,2.0,278885.0,10.05181347150259,0.8995597440007768,0.9336785186672596,rf_results_full.csv,/kaggle/input/datasets/rabianaz22/3b-tabular-rf-3rd-paper/rf_results,RandomForest
UNKNOWN,RandomForest,,symmetric,0.1,3.0,278885.0,10.024562095487386,0.9051945170536604,0.9356865219948078,rf_results_full.csv,/kaggle/input/datasets/rabianaz22/3b-tabular-rf-3rd-paper/rf_results,RandomForest
UNKNOWN,RandomForest,,symmetric,0.1,4.0,278885.0,9.96503935313839,0.8972549025265588,0.9333486324063052,rf_results_full.csv,/kaggle/input/datasets/rabianaz22/3b-tabular-rf-3rd-paper/rf_results,RandomForest
UNKNOWN,RandomForest,,symmetric,0.2,0.0,278884.0,20.01082887508785,0.8574570910490632,0.9220332176357534,rf_results_full.csv,/kaggle/input/datasets/rabianaz22/3b-tabular-rf-3rd-paper/rf_results,RandomForest
UNKNOWN,RandomForest,,symmetric,0.2,1.0,278885.0,20.00501999031859,0.8616198003312858,0.9255461051906886,rf_results_full.csv,/kaggle/input/datasets/rabianaz22/3b-tabular-rf-3rd-paper/rf_results,RandomForest
UNKNOWN,RandomForest,,symmetric,0.2,2.0,278885.0,19.986015741255358,0.8628037413577466,0.921558784297414,rf_results_full.csv,/kaggle/input/datasets/rabianaz22/3b-tabular-rf-3rd-paper/rf_results,RandomForest
UNKNOWN,RandomForest,,symmetric,0.2,3.0,278885.0,19.96199150187353,0.8627243170556868,0.922505414437544,rf_results_full.csv,/kaggle/input/datasets/rabianaz22/3b-tabular-rf-3rd-paper/rf_results,RandomForest
UNKNOWN,RandomForest,,symmetric,0.2,4.0,278885.0,20.058805600874912,0.8554058707947315,0.9209133546564164,rf_results_full.csv,/kaggle/input/datasets/rabianaz22/3b-tabular-rf-3rd-paper/rf_results,RandomForest
UNKNOWN,RandomForest,,symmetric,0.3,0.0,278884.0,30.056224093171352,0.79091746302546,0.9007630303204154,rf_results_full.csv,/kaggle/input/datasets/rabianaz22/3b-tabular-rf-3rd-paper/rf_results,RandomForest
UNKNOWN,RandomForest,,symmetric,0.3,1.0,278885.0,30.04105634939133,0.7926227111009109,0.9027696103039256,rf_results_full.csv,/kaggle/input/datasets/rabianaz22/3b-tabular-rf-3rd-paper/rf_results,RandomForest
UNKNOWN,RandomForest,,symmetric,0.3,2.0,278885.0,29.96503935313839,0.7978137942323114,0.9021672093056612,rf_results_full.csv,/kaggle/input/datasets/rabianaz22/3b-tabular-rf-3rd-paper/rf_results,RandomForest
UNKNOWN,RandomForest,,symmetric,0.3,3.0,278885.0,30.011294978216828,0.7971137277102452,0.9024970955666156,rf_results_full.csv,/kaggle/input/datasets/rabianaz22/3b-tabular-rf-3rd-paper/rf_results,RandomForest
UNKNOWN,RandomForest,,symmetric,0.3,4.0,278885.0,29.930257991645306,0.7913238656603484,0.9010771503564206,rf_results_full.csv,/kaggle/input/datasets/rabianaz22/3b-tabular-rf-3rd-paper/rf_results,RandomForest
UNKNOWN,RandomForest,,symmetric,0.4,0.0,278884.0,40.13138078914531,0.7024045806975077,0.859527839132555,rf_results_full.csv,/kaggle/input/datasets/rabianaz22/3b-tabular-rf-3rd-paper/rf_results,RandomForest
UNKNOWN,RandomForest,,symmetric,0.4,1.0,278885.0,39.942628682073256,0.7084472676865499,0.8633123449176001,rf_results_full.csv,/kaggle/input/datasets/rabianaz22/3b-tabular-rf-3rd-paper/rf_results,RandomForest
UNKNOWN,RandomForest,,symmetric,0.4,2.0,278885.0,40.06776986930097,0.71030133495439,0.8633984022030665,rf_results_full.csv,/kaggle/input/datasets/rabianaz22/3b-tabular-rf-3rd-paper/rf_results,RandomForest
UNKNOWN,RandomForest,,symmetric,0.4,3.0,278885.0,40.01111569284831,0.7082744145003644,0.8627673154429799,rf_results_full.csv,/kaggle/input/datasets/rabianaz22/3b-tabular-rf-3rd-paper/rf_results,RandomForest
UNKNOWN,RandomForest,,symmetric,0.4,4.0,278885.0,39.85513742223497,0.7047142896484517,0.8610891983763859,rf_results_full.csv,/kaggle/input/datasets/rabianaz22/3b-tabular-rf-3rd-paper/rf_results,RandomForest
UNKNOWN,RandomForest,,asymmetric,0.0,0.0,278884.0,0.0,0.9083046776663044,0.9428300966696308,rf_results_full.csv,/kaggle/input/datasets/rabianaz22/3b-tabular-rf-3rd-paper/rf_results,RandomForest
UNKNOWN,RandomForest,,asymmetric,0.0,1.0,278885.0,0.0,0.9087498126469188,0.9447081940878644,rf_results_full.csv,/kaggle/input/datasets/rabianaz22/3b-tabular-rf-3rd-paper/rf_results,RandomForest
UNKNOWN,RandomForest,,asymmetric,0.0,2.0,278885.0,0.0,0.913653228551925,0.942685847879405,rf_results_full.csv,/kaggle/input/datasets/rabianaz22/3b-tabular-rf-3rd-paper/rf_results,RandomForest
UNKNOWN,RandomForest,,asymmetric,0.0,3.0,278885.0,0.0,0.9136835119001409,0.9423846473802728,rf_results_full.csv,/kaggle/input/datasets/rabianaz22/3b-tabular-rf-3rd-paper/rf_results,RandomForest
UNKNOWN,RandomForest,,asymmetric,0.0,4.0,278885.0,0.0,0.9092212331804904,0.9419830467147632,rf_results_full.csv,/kaggle/input/datasets/rabianaz22/3b-tabular-rf-3rd-paper/rf_results,RandomForest
UNKNOWN,RandomForest,,asymmetric,0.1,0.0,278884.0,10.010255159851408,0.8941573832082215,0.933335245690026,rf_results_full.csv,/kaggle/input/datasets/rabianaz22/3b-tabular-rf-3rd-paper/rf_results,RandomForest
UNKNOWN,RandomForest,,asymmetric,0.1,1.0,278885.0,10.013804973376123,0.895459581454065,0.9356148075902526,rf_results_full.csv,/kaggle/input/datasets/rabianaz22/3b-tabular-rf-3rd-paper/rf_results,RandomForest
UNKNOWN,RandomForest,,asymmetric,0.1,2.0,278885.0,10.05181347150259,0.898202189614776,0.934008404928214,rf_results_full.csv,/kaggle/input/datasets/rabianaz22/3b-tabular-rf-3rd-paper/rf_results,RandomForest
UNKNOWN,RandomForest,,asymmetric,0.1,3.0,278885.0,10.024562095487386,0.8993667469032893,0.935471378781142,rf_results_full.csv,/kaggle/input/datasets/rabianaz22/3b-tabular-rf-3rd-paper/rf_results,RandomForest
UNKNOWN,RandomForest,,asymmetric,0.1,4.0,278885.0,9.96503935313839,0.8964856540387334,0.9336068042627044,rf_results_full.csv,/kaggle/input/datasets/rabianaz22/3b-tabular-rf-3rd-paper/rf_results,RandomForest
UNKNOWN,RandomForest,,asymmetric,0.2,0.0,278884.0,20.01082887508785,0.8337085556628789,0.9047933220504288,rf_results_full.csv,/kaggle/input/datasets/rabianaz22/3b-tabular-rf-3rd-paper/rf_results,RandomForest
UNKNOWN,RandomForest,,asymmetric,0.2,1.0,278885.0,20.00501999031859,0.8386419186741002,0.9085354484301716,rf_results_full.csv,/kaggle/input/datasets/rabianaz22/3b-tabular-rf-3rd-paper/rf_results,RandomForest
UNKNOWN,RandomForest,,asymmetric,0.2,2.0,278885.0,19.986015741255358,0.8392720944396854,0.9058820154616256,rf_results_full.csv,/kaggle/input/datasets/rabianaz22/3b-tabular-rf-3rd-paper/rf_results,RandomForest
UNKNOWN,RandomForest,,asymmetric,0.2,3.0,278885.0,19.96199150187353,0.8403559822764368,0.9067999598399334,rf_results_full.csv,/kaggle/input/datasets/rabianaz22/3b-tabular-rf-3rd-paper/rf_results,RandomForest
UNKNOWN,RandomForest,,asymmetric,0.2,4.0,278885.0,20.058805600874912,0.8293565694865102,0.9040030980622769,rf_results_full.csv,/kaggle/input/datasets/rabianaz22/3b-tabular-rf-3rd-paper/rf_results,RandomForest
UNKNOWN,RandomForest,,asymmetric,0.3,0.0,278884.0,30.056224093171352,0.7202626955077146,0.8298528441524913,rf_results_full.csv,/kaggle/input/datasets/rabianaz22/3b-tabular-rf-3rd-paper/rf_results,RandomForest
UNKNOWN,RandomForest,,asymmetric,0.3,1.0,278885.0,30.04105634939133,0.7325139147022822,0.8338090388835502,rf_results_full.csv,/kaggle/input/datasets/rabianaz22/3b-tabular-rf-3rd-paper/rf_results,RandomForest
UNKNOWN,RandomForest,,asymmetric,0.3,2.0,278885.0,29.96503935313839,0.730070690748126,0.8345405258100141,rf_results_full.csv,/kaggle/input/datasets/rabianaz22/3b-tabular-rf-3rd-paper/rf_results,RandomForest
UNKNOWN,RandomForest,,asymmetric,0.3,3.0,278885.0,30.011294978216828,0.7261359653402646,0.8318870928414681,rf_results_full.csv,/kaggle/input/datasets/rabianaz22/3b-tabular-rf-3rd-paper/rf_results,RandomForest
UNKNOWN,RandomForest,,asymmetric,0.3,4.0,278885.0,29.930257991645306,0.7253023045484192,0.8319157786032902,rf_results_full.csv,/kaggle/input/datasets/rabianaz22/3b-tabular-rf-3rd-paper/rf_results,RandomForest
UNKNOWN,RandomForest,,asymmetric,0.4,0.0,278884.0,40.13138078914531,0.5859421717581729,0.6894380539858295,rf_results_full.csv,/kaggle/input/datasets/rabianaz22/3b-tabular-rf-3rd-paper/rf_results,RandomForest
UNKNOWN,RandomForest,,asymmetric,0.4,1.0,278885.0,39.942628682073256,0.5869741237342982,0.690322858249308,rf_results_full.csv,/kaggle/input/datasets/rabianaz22/3b-tabular-rf-3rd-paper/rf_results,RandomForest
UNKNOWN,RandomForest,,asymmetric,0.4,2.0,278885.0,40.06776986930097,0.5848515496055653,0.6944822937135153,rf_results_full.csv,/kaggle/input/datasets/rabianaz22/3b-tabular-rf-3rd-paper/rf_results,RandomForest
UNKNOWN,RandomForest,,asymmetric,0.4,3.0,278885.0,40.01111569284831,0.5875266552060892,0.6907388017957287,rf_results_full.csv,/kaggle/input/datasets/rabianaz22/3b-tabular-rf-3rd-paper/rf_results,RandomForest
UNKNOWN,RandomForest,,asymmetric,0.4,4.0,278885.0,39.85513742223497,0.595291379947436,0.6931770915506088,rf_results_full.csv,/kaggle/input/datasets/rabianaz22/3b-tabular-rf-3rd-paper/rf_results,RandomForest
UNKNOWN,RandomForest,,,,,,,0.9143270811072424,0.9485469394077606,rf_test_results.csv,/kaggle/input/datasets/rabianaz22/3b-tabular-rf-3rd-paper/rf_results,RandomForest
UNKNOWN,XGBoost,,symmetric,0.0,0.0,278884.0,0.0,0.9359856805469464,0.9620636241071684,xgb_results_intermediate.csv,/kaggle/input/datasets/rabianaz22/3c-tabular-xgb-3rd-paper/xgb_results/checkpoints,XGBoost
UNKNOWN,XGBoost,,symmetric,0.0,1.0,278885.0,0.0,0.9371227919982108,0.9628519384403552,xgb_results_intermediate.csv,/kaggle/input/datasets/rabianaz22/3c-tabular-xgb-3rd-paper/xgb_results/checkpoints,XGBoost
UNKNOWN,XGBoost,,symmetric,0.0,2.0,278885.0,0.0,0.937935776536299,0.961403307468338,xgb_results_intermediate.csv,/kaggle/input/datasets/rabianaz22/3c-tabular-xgb-3rd-paper/xgb_results/checkpoints,XGBoost
UNKNOWN,XGBoost,,symmetric,0.0,3.0,278885.0,0.0,0.9363734112630088,0.9606861634227852,xgb_results_intermediate.csv,/kaggle/input/datasets/rabianaz22/3c-tabular-xgb-3rd-paper/xgb_results/checkpoints,XGBoost
UNKNOWN,XGBoost,,symmetric,0.0,4.0,278885.0,0.0,0.9337574083899371,0.959954676496321,xgb_results_intermediate.csv,/kaggle/input/datasets/rabianaz22/3c-tabular-xgb-3rd-paper/xgb_results/checkpoints,XGBoost
UNKNOWN,XGBoost,,symmetric,0.1,0.0,278884.0,10.010255159851408,0.90646617540816,0.948050830440894,xgb_results_intermediate.csv,/kaggle/input/datasets/rabianaz22/3c-tabular-xgb-3rd-paper/xgb_results/checkpoints,XGBoost
UNKNOWN,XGBoost,,symmetric,0.1,1.0,278885.0,10.013804973376123,0.9146884646579708,0.9485090575292954,xgb_results_intermediate.csv,/kaggle/input/datasets/rabianaz22/3c-tabular-xgb-3rd-paper/xgb_results/checkpoints,XGBoost
UNKNOWN,XGBoost,,symmetric,0.1,2.0,278885.0,10.05181347150259,0.9115397011159138,0.9463145967499031,xgb_results_intermediate.csv,/kaggle/input/datasets/rabianaz22/3c-tabular-xgb-3rd-paper/xgb_results/checkpoints,XGBoost
UNKNOWN,XGBoost,,symmetric,0.1,3.0,278885.0,10.024562095487386,0.9125685440661868,0.9485664290529396,xgb_results_intermediate.csv,/kaggle/input/datasets/rabianaz22/3c-tabular-xgb-3rd-paper/xgb_results/checkpoints,XGBoost
UNKNOWN,XGBoost,,symmetric,0.1,4.0,278885.0,9.96503935313839,0.9079264740972692,0.9455257382997948,xgb_results_intermediate.csv,/kaggle/input/datasets/rabianaz22/3c-tabular-xgb-3rd-paper/xgb_results/checkpoints,XGBoost
UNKNOWN,XGBoost,,symmetric,0.2,0.0,278884.0,20.01082887508785,0.881703129380989,0.9354723042941968,xgb_results_intermediate.csv,/kaggle/input/datasets/rabianaz22/3c-tabular-xgb-3rd-paper/xgb_results/checkpoints,XGBoost
UNKNOWN,XGBoost,,symmetric,0.2,1.0,278885.0,20.00501999031859,0.8910418006775896,0.9377375539650894,xgb_results_intermediate.csv,/kaggle/input/datasets/rabianaz22/3c-tabular-xgb-3rd-paper/xgb_results/checkpoints,XGBoost
UNKNOWN,XGBoost,,symmetric,0.2,2.0,278885.0,19.986015741255358,0.8933566253598125,0.936676180777671,xgb_results_intermediate.csv,/kaggle/input/datasets/rabianaz22/3c-tabular-xgb-3rd-paper/xgb_results/checkpoints,XGBoost
UNKNOWN,XGBoost,,symmetric,0.2,3.0,278885.0,19.96199150187353,0.8915688260595492,0.9354283501384087,xgb_results_intermediate.csv,/kaggle/input/datasets/rabianaz22/3c-tabular-xgb-3rd-paper/xgb_results/checkpoints,XGBoost
UNKNOWN,XGBoost,,symmetric,0.2,4.0,278885.0,20.058805600874912,0.8859085504735552,0.9346681774501228,xgb_results_intermediate.csv,/kaggle/input/datasets/rabianaz22/3c-tabular-xgb-3rd-paper/xgb_results/checkpoints,XGBoost
UNKNOWN,XGBoost,,symmetric,0.3,0.0,278884.0,30.056224093171352,0.8561402410773679,0.9224634978916268,xgb_results_intermediate.csv,/kaggle/input/datasets/rabianaz22/3c-tabular-xgb-3rd-paper/xgb_results/checkpoints,XGBoost
UNKNOWN,XGBoost,,symmetric,0.3,1.0,278885.0,30.04105634939133,0.8587316333130973,0.924915018430602,xgb_results_intermediate.csv,/kaggle/input/datasets/rabianaz22/3c-tabular-xgb-3rd-paper/xgb_results/checkpoints,XGBoost
UNKNOWN,XGBoost,,symmetric,0.3,2.0,278885.0,29.96503935313839,0.866311738699232,0.9219603849629237,xgb_results_intermediate.csv,/kaggle/input/datasets/rabianaz22/3c-tabular-xgb-3rd-paper/xgb_results/checkpoints,XGBoost
UNKNOWN,XGBoost,,symmetric,0.3,3.0,278885.0,30.011294978216828,0.8581561945140886,0.922275928342967,xgb_results_intermediate.csv,/kaggle/input/datasets/rabianaz22/3c-tabular-xgb-3rd-paper/xgb_results/checkpoints,XGBoost
UNKNOWN,XGBoost,,symmetric,0.3,4.0,278885.0,29.930257991645306,0.8481964671097719,0.921530098535592,xgb_results_intermediate.csv,/kaggle/input/datasets/rabianaz22/3c-tabular-xgb-3rd-paper/xgb_results/checkpoints,XGBoost
UNKNOWN,XGBoost,,symmetric,0.4,0.0,278884.0,40.13138078914531,0.8057826405078286,0.904334356444164,xgb_results_intermediate.csv,/kaggle/input/datasets/rabianaz22/3c-tabular-xgb-3rd-paper/xgb_results/checkpoints,XGBoost
UNKNOWN,XGBoost,,symmetric,0.4,1.0,278885.0,39.942628682073256,0.8076602686909914,0.904060469585921,xgb_results_intermediate.csv,/kaggle/input/datasets/rabianaz22/3c-tabular-xgb-3rd-paper/xgb_results/checkpoints,XGBoost
UNKNOWN,XGBoost,,symmetric,0.4,2.0,278885.0,40.06776986930097,0.811250940238956,0.9041895555141206,xgb_results_intermediate.csv,/kaggle/input/datasets/rabianaz22/3c-tabular-xgb-3rd-paper/xgb_results/checkpoints,XGBoost
UNKNOWN,XGBoost,,symmetric,0.4,3.0,278885.0,40.01111569284831,0.807522566687165,0.9048636709169404,xgb_results_intermediate.csv,/kaggle/input/datasets/rabianaz22/3c-tabular-xgb-3rd-paper/xgb_results/checkpoints,XGBoost
UNKNOWN,XGBoost,,symmetric,0.4,4.0,278885.0,39.85513742223497,0.8031906341266731,0.9012062362846202,xgb_results_intermediate.csv,/kaggle/input/datasets/rabianaz22/3c-tabular-xgb-3rd-paper/xgb_results/checkpoints,XGBoost
UNKNOWN,XGBoost,,asymmetric,0.0,0.0,278884.0,0.0,0.9359856805469464,0.9620636241071684,xgb_results_intermediate.csv,/kaggle/input/datasets/rabianaz22/3c-tabular-xgb-3rd-paper/xgb_results/checkpoints,XGBoost
UNKNOWN,XGBoost,,asymmetric,0.0,1.0,278885.0,0.0,0.9371227919982108,0.9628519384403552,xgb_results_intermediate.csv,/kaggle/input/datasets/rabianaz22/3c-tabular-xgb-3rd-paper/xgb_results/checkpoints,XGBoost
UNKNOWN,XGBoost,,asymmetric,0.0,2.0,278885.0,0.0,0.937935776536299,0.961403307468338,xgb_results_intermediate.csv,/kaggle/input/datasets/rabianaz22/3c-tabular-xgb-3rd-paper/xgb_results/checkpoints,XGBoost
UNKNOWN,XGBoost,,asymmetric,0.0,3.0,278885.0,0.0,0.9363734112630088,0.9606861634227852,xgb_results_intermediate.csv,/kaggle/input/datasets/rabianaz22/3c-tabular-xgb-3rd-paper/xgb_results/checkpoints,XGBoost
UNKNOWN,XGBoost,,asymmetric,0.0,4.0,278885.0,0.0,0.9337574083899371,0.959954676496321,xgb_results_intermediate.csv,/kaggle/input/datasets/rabianaz22/3c-tabular-xgb-3rd-paper/xgb_results/checkpoints,XGBoost
UNKNOWN,XGBoost,,asymmetric,0.1,0.0,278884.0,10.010255159851408,0.9032224420952076,0.9431312928487422,xgb_results_intermediate.csv,/kaggle/input/datasets/rabianaz22/3c-tabular-xgb-3rd-paper/xgb_results/checkpoints,XGBoost
UNKNOWN,XGBoost,,asymmetric,0.1,1.0,278885.0,10.013804973376123,0.9103305075007664,0.9455257382997948,xgb_results_intermediate.csv,/kaggle/input/datasets/rabianaz22/3c-tabular-xgb-3rd-paper/xgb_results/checkpoints,XGBoost
UNKNOWN,XGBoost,,asymmetric,0.1,2.0,278885.0,10.05181347150259,0.9093008422324568,0.9432165344731144,xgb_results_intermediate.csv,/kaggle/input/datasets/rabianaz22/3c-tabular-xgb-3rd-paper/xgb_results/checkpoints,XGBoost
UNKNOWN,XGBoost,,asymmetric,0.1,3.0,278885.0,10.024562095487386,0.9063363531987682,0.9448803086587972,xgb_results_intermediate.csv,/kaggle/input/datasets/rabianaz22/3c-tabular-xgb-3rd-paper/xgb_results/checkpoints,XGBoost
UNKNOWN,XGBoost,,asymmetric,0.1,4.0,278885.0,9.96503935313839,0.903548830249513,0.9429870483785372,xgb_results_intermediate.csv,/kaggle/input/datasets/rabianaz22/3c-tabular-xgb-3rd-paper/xgb_results/checkpoints,XGBoost
UNKNOWN,XGBoost,,asymmetric,0.2,0.0,278884.0,20.01082887508785,0.8480031181126044,0.9162818048822466,xgb_results_intermediate.csv,/kaggle/input/datasets/rabianaz22/3c-tabular-xgb-3rd-paper/xgb_results/checkpoints,XGBoost
UNKNOWN,XGBoost,,asymmetric,0.2,1.0,278885.0,20.00501999031859,0.858075108142134,0.919895010111731,xgb_results_intermediate.csv,/kaggle/input/datasets/rabianaz22/3c-tabular-xgb-3rd-paper/xgb_results/checkpoints,XGBoost
UNKNOWN,XGBoost,,asymmetric,0.2,2.0,278885.0,19.986015741255358,0.8497755515459876,0.9156925460047906,xgb_results_intermediate.csv,/kaggle/input/datasets/rabianaz22/3c-tabular-xgb-3rd-paper/xgb_results/checkpoints,XGBoost
UNKNOWN,XGBoost,,asymmetric,0.2,3.0,278885.0,19.96199150187353,0.8519240088583299,0.9168112907158532,xgb_results_intermediate.csv,/kaggle/input/datasets/rabianaz22/3c-tabular-xgb-3rd-paper/xgb_results/checkpoints,XGBoost
UNKNOWN,XGBoost,,asymmetric,0.2,4.0,278885.0,20.058805600874912,0.8475225451343081,0.9154056883865692,xgb_results_intermediate.csv,/kaggle/input/datasets/rabianaz22/3c-tabular-xgb-3rd-paper/xgb_results/checkpoints,XGBoost
UNKNOWN,XGBoost,,asymmetric,0.3,0.0,278884.0,30.056224093171352,0.7487069965236212,0.8573477525027968,xgb_results_intermediate.csv,/kaggle/input/datasets/rabianaz22/3c-tabular-xgb-3rd-paper/xgb_results/checkpoints,XGBoost
UNKNOWN,XGBoost,,asymmetric,0.3,1.0,278885.0,30.04105634939133,0.7560613113696206,0.8604867973781214,xgb_results_intermediate.csv,/kaggle/input/datasets/rabianaz22/3c-tabular-xgb-3rd-paper/xgb_results/checkpoints,XGBoost
UNKNOWN,XGBoost,,asymmetric,0.3,2.0,278885.0,29.96503935313839,0.7540442157944091,0.8575034781486209,xgb_results_intermediate.csv,/kaggle/input/datasets/rabianaz22/3c-tabular-xgb-3rd-paper/xgb_results/checkpoints,XGBoost
UNKNOWN,XGBoost,,asymmetric,0.3,3.0,278885.0,30.011294978216828,0.7489426259146681,0.8574747923867988,xgb_results_intermediate.csv,/kaggle/input/datasets/rabianaz22/3c-tabular-xgb-3rd-paper/xgb_results/checkpoints,XGBoost
UNKNOWN,XGBoost,,asymmetric,0.3,4.0,278885.0,29.930257991645306,0.7478102957846221,0.8581202220277965,xgb_results_intermediate.csv,/kaggle/input/datasets/rabianaz22/3c-tabular-xgb-3rd-paper/xgb_results/checkpoints,XGBoost
UNKNOWN,XGBoost,,asymmetric,0.4,0.0,278884.0,40.13138078914531,0.603356547906567,0.72975531396116,xgb_results_intermediate.csv,/kaggle/input/datasets/rabianaz22/3c-tabular-xgb-3rd-paper/xgb_results/checkpoints,XGBoost
UNKNOWN,XGBoost,,asymmetric,0.4,1.0,278885.0,39.942628682073256,0.6059782519911486,0.7316877267968044,xgb_results_intermediate.csv,/kaggle/input/datasets/rabianaz22/3c-tabular-xgb-3rd-paper/xgb_results/checkpoints,XGBoost
UNKNOWN,XGBoost,,asymmetric,0.4,2.0,278885.0,40.06776986930097,0.6038728098328258,0.7343268168844395,xgb_results_intermediate.csv,/kaggle/input/datasets/rabianaz22/3c-tabular-xgb-3rd-paper/xgb_results/checkpoints,XGBoost
UNKNOWN,XGBoost,,asymmetric,0.4,3.0,278885.0,40.01111569284831,0.6089328381352433,0.7351300182154588,xgb_results_intermediate.csv,/kaggle/input/datasets/rabianaz22/3c-tabular-xgb-3rd-paper/xgb_results/checkpoints,XGBoost
UNKNOWN,XGBoost,,asymmetric,0.4,4.0,278885.0,39.85513742223497,0.6163178881463673,0.7333801867443095,xgb_results_intermediate.csv,/kaggle/input/datasets/rabianaz22/3c-tabular-xgb-3rd-paper/xgb_results/checkpoints,XGBoost
UNKNOWN,XGBoost,,symmetric,0.0,0.0,278884.0,0.0,0.9359856805469464,0.9620636241071684,xgb_results_full.csv,/kaggle/input/datasets/rabianaz22/3c-tabular-xgb-3rd-paper/xgb_results,XGBoost
UNKNOWN,XGBoost,,symmetric,0.0,1.0,278885.0,0.0,0.9371227919982108,0.9628519384403552,xgb_results_full.csv,/kaggle/input/datasets/rabianaz22/3c-tabular-xgb-3rd-paper/xgb_results,XGBoost
UNKNOWN,XGBoost,,symmetric,0.0,2.0,278885.0,0.0,0.937935776536299,0.961403307468338,xgb_results_full.csv,/kaggle/input/datasets/rabianaz22/3c-tabular-xgb-3rd-paper/xgb_results,XGBoost
UNKNOWN,XGBoost,,symmetric,0.0,3.0,278885.0,0.0,0.9363734112630088,0.9606861634227852,xgb_results_full.csv,/kaggle/input/datasets/rabianaz22/3c-tabular-xgb-3rd-paper/xgb_results,XGBoost
UNKNOWN,XGBoost,,symmetric,0.0,4.0,278885.0,0.0,0.9337574083899371,0.959954676496321,xgb_results_full.csv,/kaggle/input/datasets/rabianaz22/3c-tabular-xgb-3rd-paper/xgb_results,XGBoost
UNKNOWN,XGBoost,,symmetric,0.1,0.0,278884.0,10.010255159851408,0.90646617540816,0.948050830440894,xgb_results_full.csv,/kaggle/input/datasets/rabianaz22/3c-tabular-xgb-3rd-paper/xgb_results,XGBoost
UNKNOWN,XGBoost,,symmetric,0.1,1.0,278885.0,10.013804973376123,0.9146884646579708,0.9485090575292954,xgb_results_full.csv,/kaggle/input/datasets/rabianaz22/3c-tabular-xgb-3rd-paper/xgb_results,XGBoost
UNKNOWN,XGBoost,,symmetric,0.1,2.0,278885.0,10.05181347150259,0.9115397011159138,0.9463145967499031,xgb_results_full.csv,/kaggle/input/datasets/rabianaz22/3c-tabular-xgb-3rd-paper/xgb_results,XGBoost
UNKNOWN,XGBoost,,symmetric,0.1,3.0,278885.0,10.024562095487386,0.9125685440661868,0.9485664290529396,xgb_results_full.csv,/kaggle/input/datasets/rabianaz22/3c-tabular-xgb-3rd-paper/xgb_results,XGBoost
UNKNOWN,XGBoost,,symmetric,0.1,4.0,278885.0,9.96503935313839,0.9079264740972692,0.9455257382997948,xgb_results_full.csv,/kaggle/input/datasets/rabianaz22/3c-tabular-xgb-3rd-paper/xgb_results,XGBoost
UNKNOWN,XGBoost,,symmetric,0.2,0.0,278884.0,20.01082887508785,0.881703129380989,0.9354723042941968,xgb_results_full.csv,/kaggle/input/datasets/rabianaz22/3c-tabular-xgb-3rd-paper/xgb_results,XGBoost
UNKNOWN,XGBoost,,symmetric,0.2,1.0,278885.0,20.00501999031859,0.8910418006775896,0.9377375539650894,xgb_results_full.csv,/kaggle/input/datasets/rabianaz22/3c-tabular-xgb-3rd-paper/xgb_results,XGBoost
UNKNOWN,XGBoost,,symmetric,0.2,2.0,278885.0,19.986015741255358,0.8933566253598125,0.936676180777671,xgb_results_full.csv,/kaggle/input/datasets/rabianaz22/3c-tabular-xgb-3rd-paper/xgb_results,XGBoost
UNKNOWN,XGBoost,,symmetric,0.2,3.0,278885.0,19.96199150187353,0.8915688260595492,0.9354283501384087,xgb_results_full.csv,/kaggle/input/datasets/rabianaz22/3c-tabular-xgb-3rd-paper/xgb_results,XGBoost
UNKNOWN,XGBoost,,symmetric,0.2,4.0,278885.0,20.058805600874912,0.8859085504735552,0.9346681774501228,xgb_results_full.csv,/kaggle/input/datasets/rabianaz22/3c-tabular-xgb-3rd-paper/xgb_results,XGBoost
UNKNOWN,XGBoost,,symmetric,0.3,0.0,278884.0,30.056224093171352,0.8561402410773679,0.9224634978916268,xgb_results_full.csv,/kaggle/input/datasets/rabianaz22/3c-tabular-xgb-3rd-paper/xgb_results,XGBoost
UNKNOWN,XGBoost,,symmetric,0.3,1.0,278885.0,30.04105634939133,0.8587316333130973,0.924915018430602,xgb_results_full.csv,/kaggle/input/datasets/rabianaz22/3c-tabular-xgb-3rd-paper/xgb_results,XGBoost
UNKNOWN,XGBoost,,symmetric,0.3,2.0,278885.0,29.96503935313839,0.866311738699232,0.9219603849629237,xgb_results_full.csv,/kaggle/input/datasets/rabianaz22/3c-tabular-xgb-3rd-paper/xgb_results,XGBoost
UNKNOWN,XGBoost,,symmetric,0.3,3.0,278885.0,30.011294978216828,0.8581561945140886,0.922275928342967,xgb_results_full.csv,/kaggle/input/datasets/rabianaz22/3c-tabular-xgb-3rd-paper/xgb_results,XGBoost
UNKNOWN,XGBoost,,symmetric,0.3,4.0,278885.0,29.930257991645306,0.8481964671097719,0.921530098535592,xgb_results_full.csv,/kaggle/input/datasets/rabianaz22/3c-tabular-xgb-3rd-paper/xgb_results,XGBoost
UNKNOWN,XGBoost,,symmetric,0.4,0.0,278884.0,40.13138078914531,0.8057826405078286,0.904334356444164,xgb_results_full.csv,/kaggle/input/datasets/rabianaz22/3c-tabular-xgb-3rd-paper/xgb_results,XGBoost
UNKNOWN,XGBoost,,symmetric,0.4,1.0,278885.0,39.942628682073256,0.8076602686909914,0.904060469585921,xgb_results_full.csv,/kaggle/input/datasets/rabianaz22/3c-tabular-xgb-3rd-paper/xgb_results,XGBoost
UNKNOWN,XGBoost,,symmetric,0.4,2.0,278885.0,40.06776986930097,0.811250940238956,0.9041895555141206,xgb_results_full.csv,/kaggle/input/datasets/rabianaz22/3c-tabular-xgb-3rd-paper/xgb_results,XGBoost
UNKNOWN,XGBoost,,symmetric,0.4,3.0,278885.0,40.01111569284831,0.807522566687165,0.9048636709169404,xgb_results_full.csv,/kaggle/input/datasets/rabianaz22/3c-tabular-xgb-3rd-paper/xgb_results,XGBoost
UNKNOWN,XGBoost,,symmetric,0.4,4.0,278885.0,39.85513742223497,0.8031906341266731,0.9012062362846202,xgb_results_full.csv,/kaggle/input/datasets/rabianaz22/3c-tabular-xgb-3rd-paper/xgb_results,XGBoost
UNKNOWN,XGBoost,,asymmetric,0.0,0.0,278884.0,0.0,0.9359856805469464,0.9620636241071684,xgb_results_full.csv,/kaggle/input/datasets/rabianaz22/3c-tabular-xgb-3rd-paper/xgb_results,XGBoost
UNKNOWN,XGBoost,,asymmetric,0.0,1.0,278885.0,0.0,0.9371227919982108,0.9628519384403552,xgb_results_full.csv,/kaggle/input/datasets/rabianaz22/3c-tabular-xgb-3rd-paper/xgb_results,XGBoost
UNKNOWN,XGBoost,,asymmetric,0.0,2.0,278885.0,0.0,0.937935776536299,0.961403307468338,xgb_results_full.csv,/kaggle/input/datasets/rabianaz22/3c-tabular-xgb-3rd-paper/xgb_results,XGBoost
UNKNOWN,XGBoost,,asymmetric,0.0,3.0,278885.0,0.0,0.9363734112630088,0.9606861634227852,xgb_results_full.csv,/kaggle/input/datasets/rabianaz22/3c-tabular-xgb-3rd-paper/xgb_results,XGBoost
UNKNOWN,XGBoost,,asymmetric,0.0,4.0,278885.0,0.0,0.9337574083899371,0.959954676496321,xgb_results_full.csv,/kaggle/input/datasets/rabianaz22/3c-tabular-xgb-3rd-paper/xgb_results,XGBoost
UNKNOWN,XGBoost,,asymmetric,0.1,0.0,278884.0,10.010255159851408,0.9032224420952076,0.9431312928487422,xgb_results_full.csv,/kaggle/input/datasets/rabianaz22/3c-tabular-xgb-3rd-paper/xgb_results,XGBoost
UNKNOWN,XGBoost,,asymmetric,0.1,1.0,278885.0,10.013804973376123,0.9103305075007664,0.9455257382997948,xgb_results_full.csv,/kaggle/input/datasets/rabianaz22/3c-tabular-xgb-3rd-paper/xgb_results,XGBoost
UNKNOWN,XGBoost,,asymmetric,0.1,2.0,278885.0,10.05181347150259,0.9093008422324568,0.9432165344731144,xgb_results_full.csv,/kaggle/input/datasets/rabianaz22/3c-tabular-xgb-3rd-paper/xgb_results,XGBoost
UNKNOWN,XGBoost,,asymmetric,0.1,3.0,278885.0,10.024562095487386,0.9063363531987682,0.9448803086587972,xgb_results_full.csv,/kaggle/input/datasets/rabianaz22/3c-tabular-xgb-3rd-paper/xgb_results,XGBoost
UNKNOWN,XGBoost,,asymmetric,0.1,4.0,278885.0,9.96503935313839,0.903548830249513,0.9429870483785372,xgb_results_full.csv,/kaggle/input/datasets/rabianaz22/3c-tabular-xgb-3rd-paper/xgb_results,XGBoost
UNKNOWN,XGBoost,,asymmetric,0.2,0.0,278884.0,20.01082887508785,0.8480031181126044,0.9162818048822466,xgb_results_full.csv,/kaggle/input/datasets/rabianaz22/3c-tabular-xgb-3rd-paper/xgb_results,XGBoost
UNKNOWN,XGBoost,,asymmetric,0.2,1.0,278885.0,20.00501999031859,0.858075108142134,0.919895010111731,xgb_results_full.csv,/kaggle/input/datasets/rabianaz22/3c-tabular-xgb-3rd-paper/xgb_results,XGBoost
UNKNOWN,XGBoost,,asymmetric,0.2,2.0,278885.0,19.986015741255358,0.8497755515459876,0.9156925460047906,xgb_results_full.csv,/kaggle/input/datasets/rabianaz22/3c-tabular-xgb-3rd-paper/xgb_results,XGBoost
UNKNOWN,XGBoost,,asymmetric,0.2,3.0,278885.0,19.96199150187353,0.8519240088583299,0.9168112907158532,xgb_results_full.csv,/kaggle/input/datasets/rabianaz22/3c-tabular-xgb-3rd-paper/xgb_results,XGBoost
UNKNOWN,XGBoost,,asymmetric,0.2,4.0,278885.0,20.058805600874912,0.8475225451343081,0.9154056883865692,xgb_results_full.csv,/kaggle/input/datasets/rabianaz22/3c-tabular-xgb-3rd-paper/xgb_results,XGBoost
UNKNOWN,XGBoost,,asymmetric,0.3,0.0,278884.0,30.056224093171352,0.7487069965236212,0.8573477525027968,xgb_results_full.csv,/kaggle/input/datasets/rabianaz22/3c-tabular-xgb-3rd-paper/xgb_results,XGBoost
UNKNOWN,XGBoost,,asymmetric,0.3,1.0,278885.0,30.04105634939133,0.7560613113696206,0.8604867973781214,xgb_results_full.csv,/kaggle/input/datasets/rabianaz22/3c-tabular-xgb-3rd-paper/xgb_results,XGBoost
UNKNOWN,XGBoost,,asymmetric,0.3,2.0,278885.0,29.96503935313839,0.7540442157944091,0.8575034781486209,xgb_results_full.csv,/kaggle/input/datasets/rabianaz22/3c-tabular-xgb-3rd-paper/xgb_results,XGBoost
UNKNOWN,XGBoost,,asymmetric,0.3,3.0,278885.0,30.011294978216828,0.7489426259146681,0.8574747923867988,xgb_results_full.csv,/kaggle/input/datasets/rabianaz22/3c-tabular-xgb-3rd-paper/xgb_results,XGBoost
UNKNOWN,XGBoost,,asymmetric,0.3,4.0,278885.0,29.930257991645306,0.7478102957846221,0.8581202220277965,xgb_results_full.csv,/kaggle/input/datasets/rabianaz22/3c-tabular-xgb-3rd-paper/xgb_results,XGBoost
UNKNOWN,XGBoost,,asymmetric,0.4,0.0,278884.0,40.13138078914531,0.603356547906567,0.72975531396116,xgb_results_full.csv,/kaggle/input/datasets/rabianaz22/3c-tabular-xgb-3rd-paper/xgb_results,XGBoost
UNKNOWN,XGBoost,,asymmetric,0.4,1.0,278885.0,39.942628682073256,0.6059782519911486,0.7316877267968044,xgb_results_full.csv,/kaggle/input/datasets/rabianaz22/3c-tabular-xgb-3rd-paper/xgb_results,XGBoost
UNKNOWN,XGBoost,,asymmetric,0.4,2.0,278885.0,40.06776986930097,0.6038728098328258,0.7343268168844395,xgb_results_full.csv,/kaggle/input/datasets/rabianaz22/3c-tabular-xgb-3rd-paper/xgb_results,XGBoost
UNKNOWN,XGBoost,,asymmetric,0.4,3.0,278885.0,40.01111569284831,0.6089328381352433,0.7351300182154588,xgb_results_full.csv,/kaggle/input/datasets/rabianaz22/3c-tabular-xgb-3rd-paper/xgb_results,XGBoost
UNKNOWN,XGBoost,,asymmetric,0.4,4.0,278885.0,39.85513742223497,0.6163178881463673,0.7333801867443095,xgb_results_full.csv,/kaggle/input/datasets/rabianaz22/3c-tabular-xgb-3rd-paper/xgb_results,XGBoost
UNKNOWN,XGBoost,,,,,,,0.9418529299889712,0.9660163679078854,xgb_test_results.csv,/kaggle/input/datasets/rabianaz22/3c-tabular-xgb-3rd-paper/xgb_results,XGBoost
UNKNOWN,Voting,,symmetric,0.0,0.0,278884.0,0.0,0.9298958527604542,0.9562835260032702,voting_results_intermediate.csv,/kaggle/input/datasets/rabianaz22/3d-tabular-voting-3rd-paper/voting_results/checkpoints,Voting
UNKNOWN,Voting,,symmetric,0.0,1.0,278885.0,0.0,0.9337140642133948,0.9583626167151934,voting_results_intermediate.csv,/kaggle/input/datasets/rabianaz22/3d-tabular-voting-3rd-paper/voting_results/checkpoints,Voting
UNKNOWN,Voting,,symmetric,0.0,2.0,278885.0,0.0,0.9355178092799752,0.956584099482222,voting_results_intermediate.csv,/kaggle/input/datasets/rabianaz22/3d-tabular-voting-3rd-paper/voting_results/checkpoints,Voting
UNKNOWN,Voting,,symmetric,0.0,3.0,278885.0,0.0,0.935946711882502,0.957057414552287,voting_results_intermediate.csv,/kaggle/input/datasets/rabianaz22/3d-tabular-voting-3rd-paper/voting_results/checkpoints,Voting
UNKNOWN,Voting,,symmetric,0.0,4.0,278885.0,0.0,0.92990507350469,0.9549776968201832,voting_results_intermediate.csv,/kaggle/input/datasets/rabianaz22/3d-tabular-voting-3rd-paper/voting_results/checkpoints,Voting
UNKNOWN,Voting,,symmetric,0.1,0.0,278884.0,10.010255159851408,0.9038893703975102,0.9443217348899916,voting_results_intermediate.csv,/kaggle/input/datasets/rabianaz22/3d-tabular-voting-3rd-paper/voting_results/checkpoints,Voting
UNKNOWN,Voting,,symmetric,0.1,1.0,278885.0,10.013804973376123,0.9123093288145732,0.946787911819968,voting_results_intermediate.csv,/kaggle/input/datasets/rabianaz22/3d-tabular-voting-3rd-paper/voting_results/checkpoints,Voting
UNKNOWN,Voting,,symmetric,0.1,2.0,278885.0,10.05181347150259,0.910957956697374,0.9437615639477346,voting_results_intermediate.csv,/kaggle/input/datasets/rabianaz22/3d-tabular-voting-3rd-paper/voting_results/checkpoints,Voting
UNKNOWN,Voting,,symmetric,0.1,3.0,278885.0,10.024562095487386,0.9131420606064008,0.9461137964171484,voting_results_intermediate.csv,/kaggle/input/datasets/rabianaz22/3d-tabular-voting-3rd-paper/voting_results/checkpoints,Voting
UNKNOWN,Voting,,symmetric,0.1,4.0,278885.0,9.96503935313839,0.9062293473183284,0.9431161343067368,voting_results_intermediate.csv,/kaggle/input/datasets/rabianaz22/3d-tabular-voting-3rd-paper/voting_results/checkpoints,Voting
UNKNOWN,Voting,,symmetric,0.2,0.0,278884.0,20.01082887508785,0.8745212413819269,0.933478672441984,voting_results_intermediate.csv,/kaggle/input/datasets/rabianaz22/3d-tabular-voting-3rd-paper/voting_results/checkpoints,Voting
UNKNOWN,Voting,,symmetric,0.2,1.0,278885.0,20.00501999031859,0.8812106707479032,0.9356865219948078,voting_results_intermediate.csv,/kaggle/input/datasets/rabianaz22/3d-tabular-voting-3rd-paper/voting_results/checkpoints,Voting
UNKNOWN,Voting,,symmetric,0.2,2.0,278885.0,19.986015741255358,0.8824706139437998,0.9330044032644396,voting_results_intermediate.csv,/kaggle/input/datasets/rabianaz22/3d-tabular-voting-3rd-paper/voting_results/checkpoints,Voting
UNKNOWN,Voting,,symmetric,0.2,3.0,278885.0,19.96199150187353,0.8825766335009748,0.9339223476427476,voting_results_intermediate.csv,/kaggle/input/datasets/rabianaz22/3d-tabular-voting-3rd-paper/voting_results/checkpoints,Voting
UNKNOWN,Voting,,symmetric,0.2,4.0,278885.0,20.058805600874912,0.8749153025030678,0.9322442305761536,voting_results_intermediate.csv,/kaggle/input/datasets/rabianaz22/3d-tabular-voting-3rd-paper/voting_results/checkpoints,Voting
UNKNOWN,Voting,,symmetric,0.3,0.0,278884.0,30.056224093171352,0.830199525772778,0.9179455552049568,voting_results_intermediate.csv,/kaggle/input/datasets/rabianaz22/3d-tabular-voting-3rd-paper/voting_results/checkpoints,Voting
UNKNOWN,Voting,,symmetric,0.3,1.0,278885.0,30.04105634939133,0.8262956948307586,0.9195794667316878,voting_results_intermediate.csv,/kaggle/input/datasets/rabianaz22/3d-tabular-voting-3rd-paper/voting_results/checkpoints,Voting
UNKNOWN,Voting,,symmetric,0.3,2.0,278885.0,29.96503935313839,0.8354123605007875,0.9175714634041392,voting_results_intermediate.csv,/kaggle/input/datasets/rabianaz22/3d-tabular-voting-3rd-paper/voting_results/checkpoints,Voting
UNKNOWN,Voting,,symmetric,0.3,3.0,278885.0,30.011294978216828,0.836071915051755,0.9193643235180218,voting_results_intermediate.csv,/kaggle/input/datasets/rabianaz22/3d-tabular-voting-3rd-paper/voting_results/checkpoints,Voting
UNKNOWN,Voting,,symmetric,0.3,4.0,278885.0,29.930257991645306,0.8267577393222127,0.9166678619067424,voting_results_intermediate.csv,/kaggle/input/datasets/rabianaz22/3d-tabular-voting-3rd-paper/voting_results/checkpoints,Voting
UNKNOWN,Voting,,symmetric,0.4,0.0,278884.0,40.13138078914531,0.758460822019246,0.8903932761538682,voting_results_intermediate.csv,/kaggle/input/datasets/rabianaz22/3d-tabular-voting-3rd-paper/voting_results/checkpoints,Voting
UNKNOWN,Voting,,symmetric,0.4,1.0,278885.0,39.942628682073256,0.76188476033463,0.8919981067397197,voting_results_intermediate.csv,/kaggle/input/datasets/rabianaz22/3d-tabular-voting-3rd-paper/voting_results/checkpoints,Voting
UNKNOWN,Voting,,symmetric,0.4,2.0,278885.0,40.06776986930097,0.7639918774103757,0.8916251918360322,voting_results_intermediate.csv,/kaggle/input/datasets/rabianaz22/3d-tabular-voting-3rd-paper/voting_results/checkpoints,Voting
UNKNOWN,Voting,,symmetric,0.4,3.0,278885.0,40.01111569284831,0.7629975208073974,0.8922562785961188,voting_results_intermediate.csv,/kaggle/input/datasets/rabianaz22/3d-tabular-voting-3rd-paper/voting_results/checkpoints,Voting
UNKNOWN,Voting,,symmetric,0.4,4.0,278885.0,39.85513742223497,0.7575663428114029,0.8896315313893949,voting_results_intermediate.csv,/kaggle/input/datasets/rabianaz22/3d-tabular-voting-3rd-paper/voting_results/checkpoints,Voting
UNKNOWN,Voting,,asymmetric,0.0,0.0,278884.0,0.0,0.9298958527604542,0.9562835260032702,voting_results_intermediate.csv,/kaggle/input/datasets/rabianaz22/3d-tabular-voting-3rd-paper/voting_results/checkpoints,Voting
UNKNOWN,Voting,,asymmetric,0.0,1.0,278885.0,0.0,0.9337140642133948,0.9583626167151934,voting_results_intermediate.csv,/kaggle/input/datasets/rabianaz22/3d-tabular-voting-3rd-paper/voting_results/checkpoints,Voting
UNKNOWN,Voting,,asymmetric,0.0,2.0,278885.0,0.0,0.9355178092799752,0.956584099482222,voting_results_intermediate.csv,/kaggle/input/datasets/rabianaz22/3d-tabular-voting-3rd-paper/voting_results/checkpoints,Voting
UNKNOWN,Voting,,asymmetric,0.0,3.0,278885.0,0.0,0.935946711882502,0.957057414552287,voting_results_intermediate.csv,/kaggle/input/datasets/rabianaz22/3d-tabular-voting-3rd-paper/voting_results/checkpoints,Voting
UNKNOWN,Voting,,asymmetric,0.0,4.0,278885.0,0.0,0.92990507350469,0.9549776968201832,voting_results_intermediate.csv,/kaggle/input/datasets/rabianaz22/3d-tabular-voting-3rd-paper/voting_results/checkpoints,Voting
UNKNOWN,Voting,,asymmetric,0.1,0.0,278884.0,10.010255159851408,0.9052024473216996,0.942428501764149,voting_results_intermediate.csv,/kaggle/input/datasets/rabianaz22/3d-tabular-voting-3rd-paper/voting_results/checkpoints,Voting
UNKNOWN,Voting,,asymmetric,0.1,1.0,278885.0,10.013804973376123,0.9097799286188586,0.9450380803488188,voting_results_intermediate.csv,/kaggle/input/datasets/rabianaz22/3d-tabular-voting-3rd-paper/voting_results/checkpoints,Voting
UNKNOWN,Voting,,asymmetric,0.1,2.0,278885.0,10.05181347150259,0.9110729380855992,0.9430444199021816,voting_results_intermediate.csv,/kaggle/input/datasets/rabianaz22/3d-tabular-voting-3rd-paper/voting_results/checkpoints,Voting
UNKNOWN,Voting,,asymmetric,0.1,3.0,278885.0,10.024562095487386,0.9115162708963876,0.9447942513733308,voting_results_intermediate.csv,/kaggle/input/datasets/rabianaz22/3d-tabular-voting-3rd-paper/voting_results/checkpoints,Voting
UNKNOWN,Voting,,asymmetric,0.1,4.0,278885.0,9.96503935313839,0.9092316824633428,0.942642819236672,voting_results_intermediate.csv,/kaggle/input/datasets/rabianaz22/3d-tabular-voting-3rd-paper/voting_results/checkpoints,Voting
UNKNOWN,Voting,,asymmetric,0.2,0.0,278884.0,20.01082887508785,0.8447702760424726,0.9154642723960872,voting_results_intermediate.csv,/kaggle/input/datasets/rabianaz22/3d-tabular-voting-3rd-paper/voting_results/checkpoints,Voting
UNKNOWN,Voting,,asymmetric,0.2,1.0,278885.0,20.00501999031859,0.8529996045200766,0.919421695041666,voting_results_intermediate.csv,/kaggle/input/datasets/rabianaz22/3d-tabular-voting-3rd-paper/voting_results/checkpoints,Voting
UNKNOWN,Voting,,asymmetric,0.2,2.0,278885.0,19.986015741255358,0.8532739167403053,0.9166248332640096,voting_results_intermediate.csv,/kaggle/input/datasets/rabianaz22/3d-tabular-voting-3rd-paper/voting_results/checkpoints,Voting
UNKNOWN,Voting,,asymmetric,0.2,3.0,278885.0,19.96199150187353,0.8511925792717371,0.9176718635705168,voting_results_intermediate.csv,/kaggle/input/datasets/rabianaz22/3d-tabular-voting-3rd-paper/voting_results/checkpoints,Voting
UNKNOWN,Voting,,asymmetric,0.2,4.0,278885.0,20.058805600874912,0.8434173113800092,0.9145164297700836,voting_results_intermediate.csv,/kaggle/input/datasets/rabianaz22/3d-tabular-voting-3rd-paper/voting_results/checkpoints,Voting
UNKNOWN,Voting,,asymmetric,0.3,0.0,278884.0,30.056224093171352,0.7373840220861388,0.8505923524855856,voting_results_intermediate.csv,/kaggle/input/datasets/rabianaz22/3d-tabular-voting-3rd-paper/voting_results/checkpoints,Voting
UNKNOWN,Voting,,asymmetric,0.3,1.0,278885.0,30.04105634939133,0.7472795619296823,0.8542906728245435,voting_results_intermediate.csv,/kaggle/input/datasets/rabianaz22/3d-tabular-voting-3rd-paper/voting_results/checkpoints,Voting
UNKNOWN,Voting,,asymmetric,0.3,2.0,278885.0,29.96503935313839,0.7448735892741413,0.8525121555915721,voting_results_intermediate.csv,/kaggle/input/datasets/rabianaz22/3d-tabular-voting-3rd-paper/voting_results/checkpoints,Voting
UNKNOWN,Voting,,asymmetric,0.3,3.0,278885.0,30.011294978216828,0.7432063635641618,0.852497812710661,voting_results_intermediate.csv,/kaggle/input/datasets/rabianaz22/3d-tabular-voting-3rd-paper/voting_results/checkpoints,Voting
UNKNOWN,Voting,,asymmetric,0.3,4.0,278885.0,29.930257991645306,0.7406110338152901,0.8516659256178196,voting_results_intermediate.csv,/kaggle/input/datasets/rabianaz22/3d-tabular-voting-3rd-paper/voting_results/checkpoints,Voting
UNKNOWN,Voting,,asymmetric,0.4,0.0,278884.0,40.13138078914531,0.6030485683316396,0.7132612374860159,voting_results_intermediate.csv,/kaggle/input/datasets/rabianaz22/3d-tabular-voting-3rd-paper/voting_results/checkpoints,Voting
UNKNOWN,Voting,,asymmetric,0.4,1.0,278885.0,39.942628682073256,0.6018775354567515,0.7149495847735976,voting_results_intermediate.csv,/kaggle/input/datasets/rabianaz22/3d-tabular-voting-3rd-paper/voting_results/checkpoints,Voting
UNKNOWN,Voting,,asymmetric,0.4,2.0,278885.0,40.06776986930097,0.6011178181920956,0.7189942771905165,voting_results_intermediate.csv,/kaggle/input/datasets/rabianaz22/3d-tabular-voting-3rd-paper/voting_results/checkpoints,Voting
UNKNOWN,Voting,,asymmetric,0.4,3.0,278885.0,40.01111569284831,0.605612383940063,0.7170149596247902,voting_results_intermediate.csv,/kaggle/input/datasets/rabianaz22/3d-tabular-voting-3rd-paper/voting_results/checkpoints,Voting
UNKNOWN,Voting,,asymmetric,0.4,4.0,278885.0,39.85513742223497,0.6100934301801393,0.7156380430573285,voting_results_intermediate.csv,/kaggle/input/datasets/rabianaz22/3d-tabular-voting-3rd-paper/voting_results/checkpoints,Voting
UNKNOWN,Voting,,symmetric,0.0,0.0,278884.0,0.0,0.9298958527604542,0.9562835260032702,voting_results_full.csv,/kaggle/input/datasets/rabianaz22/3d-tabular-voting-3rd-paper/voting_results,Voting
UNKNOWN,Voting,,symmetric,0.0,1.0,278885.0,0.0,0.9337140642133948,0.9583626167151934,voting_results_full.csv,/kaggle/input/datasets/rabianaz22/3d-tabular-voting-3rd-paper/voting_results,Voting
UNKNOWN,Voting,,symmetric,0.0,2.0,278885.0,0.0,0.9355178092799752,0.956584099482222,voting_results_full.csv,/kaggle/input/datasets/rabianaz22/3d-tabular-voting-3rd-paper/voting_results,Voting
UNKNOWN,Voting,,symmetric,0.0,3.0,278885.0,0.0,0.935946711882502,0.957057414552287,voting_results_full.csv,/kaggle/input/datasets/rabianaz22/3d-tabular-voting-3rd-paper/voting_results,Voting
UNKNOWN,Voting,,symmetric,0.0,4.0,278885.0,0.0,0.92990507350469,0.9549776968201832,voting_results_full.csv,/kaggle/input/datasets/rabianaz22/3d-tabular-voting-3rd-paper/voting_results,Voting
UNKNOWN,Voting,,symmetric,0.1,0.0,278884.0,10.010255159851408,0.9038893703975102,0.9443217348899916,voting_results_full.csv,/kaggle/input/datasets/rabianaz22/3d-tabular-voting-3rd-paper/voting_results,Voting
UNKNOWN,Voting,,symmetric,0.1,1.0,278885.0,10.013804973376123,0.9123093288145732,0.946787911819968,voting_results_full.csv,/kaggle/input/datasets/rabianaz22/3d-tabular-voting-3rd-paper/voting_results,Voting
UNKNOWN,Voting,,symmetric,0.1,2.0,278885.0,10.05181347150259,0.910957956697374,0.9437615639477346,voting_results_full.csv,/kaggle/input/datasets/rabianaz22/3d-tabular-voting-3rd-paper/voting_results,Voting
UNKNOWN,Voting,,symmetric,0.1,3.0,278885.0,10.024562095487386,0.9131420606064008,0.9461137964171484,voting_results_full.csv,/kaggle/input/datasets/rabianaz22/3d-tabular-voting-3rd-paper/voting_results,Voting
UNKNOWN,Voting,,symmetric,0.1,4.0,278885.0,9.96503935313839,0.9062293473183284,0.9431161343067368,voting_results_full.csv,/kaggle/input/datasets/rabianaz22/3d-tabular-voting-3rd-paper/voting_results,Voting
UNKNOWN,Voting,,symmetric,0.2,0.0,278884.0,20.01082887508785,0.8745212413819269,0.933478672441984,voting_results_full.csv,/kaggle/input/datasets/rabianaz22/3d-tabular-voting-3rd-paper/voting_results,Voting
UNKNOWN,Voting,,symmetric,0.2,1.0,278885.0,20.00501999031859,0.8812106707479032,0.9356865219948078,voting_results_full.csv,/kaggle/input/datasets/rabianaz22/3d-tabular-voting-3rd-paper/voting_results,Voting
UNKNOWN,Voting,,symmetric,0.2,2.0,278885.0,19.986015741255358,0.8824706139437998,0.9330044032644396,voting_results_full.csv,/kaggle/input/datasets/rabianaz22/3d-tabular-voting-3rd-paper/voting_results,Voting
UNKNOWN,Voting,,symmetric,0.2,3.0,278885.0,19.96199150187353,0.8825766335009748,0.9339223476427476,voting_results_full.csv,/kaggle/input/datasets/rabianaz22/3d-tabular-voting-3rd-paper/voting_results,Voting
UNKNOWN,Voting,,symmetric,0.2,4.0,278885.0,20.058805600874912,0.8749153025030678,0.9322442305761536,voting_results_full.csv,/kaggle/input/datasets/rabianaz22/3d-tabular-voting-3rd-paper/voting_results,Voting
UNKNOWN,Voting,,symmetric,0.3,0.0,278884.0,30.056224093171352,0.830199525772778,0.9179455552049568,voting_results_full.csv,/kaggle/input/datasets/rabianaz22/3d-tabular-voting-3rd-paper/voting_results,Voting
UNKNOWN,Voting,,symmetric,0.3,1.0,278885.0,30.04105634939133,0.8262956948307586,0.9195794667316878,voting_results_full.csv,/kaggle/input/datasets/rabianaz22/3d-tabular-voting-3rd-paper/voting_results,Voting
UNKNOWN,Voting,,symmetric,0.3,2.0,278885.0,29.96503935313839,0.8354123605007875,0.9175714634041392,voting_results_full.csv,/kaggle/input/datasets/rabianaz22/3d-tabular-voting-3rd-paper/voting_results,Voting
UNKNOWN,Voting,,symmetric,0.3,3.0,278885.0,30.011294978216828,0.836071915051755,0.9193643235180218,voting_results_full.csv,/kaggle/input/datasets/rabianaz22/3d-tabular-voting-3rd-paper/voting_results,Voting
UNKNOWN,Voting,,symmetric,0.3,4.0,278885.0,29.930257991645306,0.8267577393222127,0.9166678619067424,voting_results_full.csv,/kaggle/input/datasets/rabianaz22/3d-tabular-voting-3rd-paper/voting_results,Voting
UNKNOWN,Voting,,symmetric,0.4,0.0,278884.0,40.13138078914531,0.758460822019246,0.8903932761538682,voting_results_full.csv,/kaggle/input/datasets/rabianaz22/3d-tabular-voting-3rd-paper/voting_results,Voting
UNKNOWN,Voting,,symmetric,0.4,1.0,278885.0,39.942628682073256,0.76188476033463,0.8919981067397197,voting_results_full.csv,/kaggle/input/datasets/rabianaz22/3d-tabular-voting-3rd-paper/voting_results,Voting
UNKNOWN,Voting,,symmetric,0.4,2.0,278885.0,40.06776986930097,0.7639918774103757,0.8916251918360322,voting_results_full.csv,/kaggle/input/datasets/rabianaz22/3d-tabular-voting-3rd-paper/voting_results,Voting
UNKNOWN,Voting,,symmetric,0.4,3.0,278885.0,40.01111569284831,0.7629975208073974,0.8922562785961188,voting_results_full.csv,/kaggle/input/datasets/rabianaz22/3d-tabular-voting-3rd-paper/voting_results,Voting
UNKNOWN,Voting,,symmetric,0.4,4.0,278885.0,39.85513742223497,0.7575663428114029,0.8896315313893949,voting_results_full.csv,/kaggle/input/datasets/rabianaz22/3d-tabular-voting-3rd-paper/voting_results,Voting
UNKNOWN,Voting,,asymmetric,0.0,0.0,278884.0,0.0,0.9298958527604542,0.9562835260032702,voting_results_full.csv,/kaggle/input/datasets/rabianaz22/3d-tabular-voting-3rd-paper/voting_results,Voting
UNKNOWN,Voting,,asymmetric,0.0,1.0,278885.0,0.0,0.9337140642133948,0.9583626167151934,voting_results_full.csv,/kaggle/input/datasets/rabianaz22/3d-tabular-voting-3rd-paper/voting_results,Voting
UNKNOWN,Voting,,asymmetric,0.0,2.0,278885.0,0.0,0.9355178092799752,0.956584099482222,voting_results_full.csv,/kaggle/input/datasets/rabianaz22/3d-tabular-voting-3rd-paper/voting_results,Voting
UNKNOWN,Voting,,asymmetric,0.0,3.0,278885.0,0.0,0.935946711882502,0.957057414552287,voting_results_full.csv,/kaggle/input/datasets/rabianaz22/3d-tabular-voting-3rd-paper/voting_results,Voting
UNKNOWN,Voting,,asymmetric,0.0,4.0,278885.0,0.0,0.92990507350469,0.9549776968201832,voting_results_full.csv,/kaggle/input/datasets/rabianaz22/3d-tabular-voting-3rd-paper/voting_results,Voting
UNKNOWN,Voting,,asymmetric,0.1,0.0,278884.0,10.010255159851408,0.9052024473216996,0.942428501764149,voting_results_full.csv,/kaggle/input/datasets/rabianaz22/3d-tabular-voting-3rd-paper/voting_results,Voting
UNKNOWN,Voting,,asymmetric,0.1,1.0,278885.0,10.013804973376123,0.9097799286188586,0.9450380803488188,voting_results_full.csv,/kaggle/input/datasets/rabianaz22/3d-tabular-voting-3rd-paper/voting_results,Voting
UNKNOWN,Voting,,asymmetric,0.1,2.0,278885.0,10.05181347150259,0.9110729380855992,0.9430444199021816,voting_results_full.csv,/kaggle/input/datasets/rabianaz22/3d-tabular-voting-3rd-paper/voting_results,Voting
UNKNOWN,Voting,,asymmetric,0.1,3.0,278885.0,10.024562095487386,0.9115162708963876,0.9447942513733308,voting_results_full.csv,/kaggle/input/datasets/rabianaz22/3d-tabular-voting-3rd-paper/voting_results,Voting
UNKNOWN,Voting,,asymmetric,0.1,4.0,278885.0,9.96503935313839,0.9092316824633428,0.942642819236672,voting_results_full.csv,/kaggle/input/datasets/rabianaz22/3d-tabular-voting-3rd-paper/voting_results,Voting
UNKNOWN,Voting,,asymmetric,0.2,0.0,278884.0,20.01082887508785,0.8447702760424726,0.9154642723960872,voting_results_full.csv,/kaggle/input/datasets/rabianaz22/3d-tabular-voting-3rd-paper/voting_results,Voting
UNKNOWN,Voting,,asymmetric,0.2,1.0,278885.0,20.00501999031859,0.8529996045200766,0.919421695041666,voting_results_full.csv,/kaggle/input/datasets/rabianaz22/3d-tabular-voting-3rd-paper/voting_results,Voting
UNKNOWN,Voting,,asymmetric,0.2,2.0,278885.0,19.986015741255358,0.8532739167403053,0.9166248332640096,voting_results_full.csv,/kaggle/input/datasets/rabianaz22/3d-tabular-voting-3rd-paper/voting_results,Voting
UNKNOWN,Voting,,asymmetric,0.2,3.0,278885.0,19.96199150187353,0.8511925792717371,0.9176718635705168,voting_results_full.csv,/kaggle/input/datasets/rabianaz22/3d-tabular-voting-3rd-paper/voting_results,Voting
UNKNOWN,Voting,,asymmetric,0.2,4.0,278885.0,20.058805600874912,0.8434173113800092,0.9145164297700836,voting_results_full.csv,/kaggle/input/datasets/rabianaz22/3d-tabular-voting-3rd-paper/voting_results,Voting
UNKNOWN,Voting,,asymmetric,0.3,0.0,278884.0,30.056224093171352,0.7373840220861388,0.8505923524855856,voting_results_full.csv,/kaggle/input/datasets/rabianaz22/3d-tabular-voting-3rd-paper/voting_results,Voting
UNKNOWN,Voting,,asymmetric,0.3,1.0,278885.0,30.04105634939133,0.7472795619296823,0.8542906728245435,voting_results_full.csv,/kaggle/input/datasets/rabianaz22/3d-tabular-voting-3rd-paper/voting_results,Voting
UNKNOWN,Voting,,asymmetric,0.3,2.0,278885.0,29.96503935313839,0.7448735892741413,0.8525121555915721,voting_results_full.csv,/kaggle/input/datasets/rabianaz22/3d-tabular-voting-3rd-paper/voting_results,Voting
UNKNOWN,Voting,,asymmetric,0.3,3.0,278885.0,30.011294978216828,0.7432063635641618,0.852497812710661,voting_results_full.csv,/kaggle/input/datasets/rabianaz22/3d-tabular-voting-3rd-paper/voting_results,Voting
UNKNOWN,Voting,,asymmetric,0.3,4.0,278885.0,29.930257991645306,0.7406110338152901,0.8516659256178196,voting_results_full.csv,/kaggle/input/datasets/rabianaz22/3d-tabular-voting-3rd-paper/voting_results,Voting
UNKNOWN,Voting,,asymmetric,0.4,0.0,278884.0,40.13138078914531,0.6030485683316396,0.7132612374860159,voting_results_full.csv,/kaggle/input/datasets/rabianaz22/3d-tabular-voting-3rd-paper/voting_results,Voting
UNKNOWN,Voting,,asymmetric,0.4,1.0,278885.0,39.942628682073256,0.6018775354567515,0.7149495847735976,voting_results_full.csv,/kaggle/input/datasets/rabianaz22/3d-tabular-voting-3rd-paper/voting_results,Voting
UNKNOWN,Voting,,asymmetric,0.4,2.0,278885.0,40.06776986930097,0.6011178181920956,0.7189942771905165,voting_results_full.csv,/kaggle/input/datasets/rabianaz22/3d-tabular-voting-3rd-paper/voting_results,Voting
UNKNOWN,Voting,,asymmetric,0.4,3.0,278885.0,40.01111569284831,0.605612383940063,0.7170149596247902,voting_results_full.csv,/kaggle/input/datasets/rabianaz22/3d-tabular-voting-3rd-paper/voting_results,Voting
UNKNOWN,Voting,,asymmetric,0.4,4.0,278885.0,39.85513742223497,0.6100934301801393,0.7156380430573285,voting_results_full.csv,/kaggle/input/datasets/rabianaz22/3d-tabular-voting-3rd-paper/voting_results,Voting
UNKNOWN,Voting,,,,,,,0.9379075280338072,0.9617135530063768,voting_test_results.csv,/kaggle/input/datasets/rabianaz22/3d-tabular-voting-3rd-paper/voting_results,Voting
UNKNOWN,Stacking,,symmetric,0.0,0.0,80000.0,0.0,0.8883991441620723,0.92555,stacking_results_intermediate.csv,/kaggle/input/datasets/rabianaz22/3e-tabular-stacking-3rd-paper/stacking_results/checkpoints,Stacking
UNKNOWN,Stacking,,symmetric,0.0,1.0,80000.0,0.0,0.8889650753418392,0.92845,stacking_results_intermediate.csv,/kaggle/input/datasets/rabianaz22/3e-tabular-stacking-3rd-paper/stacking_results/checkpoints,Stacking
UNKNOWN,Stacking,,symmetric,0.0,2.0,80000.0,0.0,0.8835323747350419,0.9261,stacking_results_intermediate.csv,/kaggle/input/datasets/rabianaz22/3e-tabular-stacking-3rd-paper/stacking_results/checkpoints,Stacking
UNKNOWN,Stacking,,symmetric,0.0,3.0,80000.0,0.0,0.8875133811503207,0.92635,stacking_results_intermediate.csv,/kaggle/input/datasets/rabianaz22/3e-tabular-stacking-3rd-paper/stacking_results/checkpoints,Stacking
UNKNOWN,Stacking,,symmetric,0.0,4.0,80000.0,0.0,0.8988543711610585,0.92925,stacking_results_intermediate.csv,/kaggle/input/datasets/rabianaz22/3e-tabular-stacking-3rd-paper/stacking_results/checkpoints,Stacking
UNKNOWN,Stacking,,symmetric,0.1,0.0,80000.0,10.13875,0.8615318965249305,0.912,stacking_results_intermediate.csv,/kaggle/input/datasets/rabianaz22/3e-tabular-stacking-3rd-paper/stacking_results/checkpoints,Stacking
UNKNOWN,Stacking,,symmetric,0.1,1.0,80000.0,9.93625,0.8550878582159865,0.91455,stacking_results_intermediate.csv,/kaggle/input/datasets/rabianaz22/3e-tabular-stacking-3rd-paper/stacking_results/checkpoints,Stacking
UNKNOWN,Stacking,,symmetric,0.1,2.0,80000.0,10.19375,0.8501084729339075,0.9107,stacking_results_intermediate.csv,/kaggle/input/datasets/rabianaz22/3e-tabular-stacking-3rd-paper/stacking_results/checkpoints,Stacking
UNKNOWN,Stacking,,symmetric,0.1,3.0,80000.0,10.08375,0.8545722155572972,0.911,stacking_results_intermediate.csv,/kaggle/input/datasets/rabianaz22/3e-tabular-stacking-3rd-paper/stacking_results/checkpoints,Stacking
UNKNOWN,Stacking,,symmetric,0.1,4.0,80000.0,10.10875,0.8586943813745024,0.91325,stacking_results_intermediate.csv,/kaggle/input/datasets/rabianaz22/3e-tabular-stacking-3rd-paper/stacking_results/checkpoints,Stacking
UNKNOWN,Stacking,,symmetric,0.2,0.0,80000.0,19.885,0.8234866241022419,0.8979,stacking_results_intermediate.csv,/kaggle/input/datasets/rabianaz22/3e-tabular-stacking-3rd-paper/stacking_results/checkpoints,Stacking
UNKNOWN,Stacking,,symmetric,0.2,1.0,80000.0,20.07125,0.8329570234674998,0.90085,stacking_results_intermediate.csv,/kaggle/input/datasets/rabianaz22/3e-tabular-stacking-3rd-paper/stacking_results/checkpoints,Stacking
UNKNOWN,Stacking,,symmetric,0.2,2.0,80000.0,19.92625,0.822826110883825,0.8966,stacking_results_intermediate.csv,/kaggle/input/datasets/rabianaz22/3e-tabular-stacking-3rd-paper/stacking_results/checkpoints,Stacking
UNKNOWN,Stacking,,symmetric,0.2,3.0,80000.0,20.09,0.8325428013451649,0.8987,stacking_results_intermediate.csv,/kaggle/input/datasets/rabianaz22/3e-tabular-stacking-3rd-paper/stacking_results/checkpoints,Stacking
UNKNOWN,Stacking,,symmetric,0.2,4.0,80000.0,20.01875,0.830562320186678,0.90025,stacking_results_intermediate.csv,/kaggle/input/datasets/rabianaz22/3e-tabular-stacking-3rd-paper/stacking_results/checkpoints,Stacking
UNKNOWN,Stacking,,symmetric,0.3,0.0,80000.0,29.898750000000003,0.7873828614822898,0.8815,stacking_results_intermediate.csv,/kaggle/input/datasets/rabianaz22/3e-tabular-stacking-3rd-paper/stacking_results/checkpoints,Stacking
UNKNOWN,Stacking,,symmetric,0.3,1.0,80000.0,30.05625,0.7834927724859736,0.8814,stacking_results_intermediate.csv,/kaggle/input/datasets/rabianaz22/3e-tabular-stacking-3rd-paper/stacking_results/checkpoints,Stacking
UNKNOWN,Stacking,,symmetric,0.3,2.0,80000.0,30.03125,0.7797788055219572,0.8811,stacking_results_intermediate.csv,/kaggle/input/datasets/rabianaz22/3e-tabular-stacking-3rd-paper/stacking_results/checkpoints,Stacking
UNKNOWN,Stacking,,symmetric,0.3,3.0,80000.0,29.98375,0.7661683563000995,0.8791,stacking_results_intermediate.csv,/kaggle/input/datasets/rabianaz22/3e-tabular-stacking-3rd-paper/stacking_results/checkpoints,Stacking
UNKNOWN,Stacking,,symmetric,0.3,4.0,80000.0,30.051250000000003,0.7853175444201447,0.8815,stacking_results_intermediate.csv,/kaggle/input/datasets/rabianaz22/3e-tabular-stacking-3rd-paper/stacking_results/checkpoints,Stacking
UNKNOWN,Stacking,,symmetric,0.4,0.0,80000.0,40.0825,0.6836463224983075,0.86005,stacking_results_intermediate.csv,/kaggle/input/datasets/rabianaz22/3e-tabular-stacking-3rd-paper/stacking_results/checkpoints,Stacking
UNKNOWN,Stacking,,symmetric,0.4,1.0,80000.0,39.9325,0.6967336241904357,0.86125,stacking_results_intermediate.csv,/kaggle/input/datasets/rabianaz22/3e-tabular-stacking-3rd-paper/stacking_results/checkpoints,Stacking
UNKNOWN,Stacking,,symmetric,0.4,2.0,80000.0,40.21125,0.665835763966763,0.8571,stacking_results_intermediate.csv,/kaggle/input/datasets/rabianaz22/3e-tabular-stacking-3rd-paper/stacking_results/checkpoints,Stacking
UNKNOWN,Stacking,,symmetric,0.4,3.0,80000.0,40.08875,0.6767351142402102,0.86095,stacking_results_intermediate.csv,/kaggle/input/datasets/rabianaz22/3e-tabular-stacking-3rd-paper/stacking_results/checkpoints,Stacking
UNKNOWN,Stacking,,symmetric,0.4,4.0,80000.0,39.975,0.6649316449560688,0.8598,stacking_results_intermediate.csv,/kaggle/input/datasets/rabianaz22/3e-tabular-stacking-3rd-paper/stacking_results/checkpoints,Stacking
UNKNOWN,Stacking,,asymmetric,0.0,0.0,80000.0,0.0,0.8883991441620723,0.92555,stacking_results_intermediate.csv,/kaggle/input/datasets/rabianaz22/3e-tabular-stacking-3rd-paper/stacking_results/checkpoints,Stacking
UNKNOWN,Stacking,,asymmetric,0.0,1.0,80000.0,0.0,0.8889650753418392,0.92845,stacking_results_intermediate.csv,/kaggle/input/datasets/rabianaz22/3e-tabular-stacking-3rd-paper/stacking_results/checkpoints,Stacking
UNKNOWN,Stacking,,asymmetric,0.0,2.0,80000.0,0.0,0.8835323747350419,0.9261,stacking_results_intermediate.csv,/kaggle/input/datasets/rabianaz22/3e-tabular-stacking-3rd-paper/stacking_results/checkpoints,Stacking
UNKNOWN,Stacking,,asymmetric,0.0,3.0,80000.0,0.0,0.8875133811503207,0.92635,stacking_results_intermediate.csv,/kaggle/input/datasets/rabianaz22/3e-tabular-stacking-3rd-paper/stacking_results/checkpoints,Stacking
UNKNOWN,Stacking,,asymmetric,0.0,4.0,80000.0,0.0,0.8988543711610585,0.92925,stacking_results_intermediate.csv,/kaggle/input/datasets/rabianaz22/3e-tabular-stacking-3rd-paper/stacking_results/checkpoints,Stacking
UNKNOWN,Stacking,,asymmetric,0.1,0.0,80000.0,10.13875,0.8593311536486181,0.90485,stacking_results_intermediate.csv,/kaggle/input/datasets/rabianaz22/3e-tabular-stacking-3rd-paper/stacking_results/checkpoints,Stacking
UNKNOWN,Stacking,,asymmetric,0.1,1.0,80000.0,9.93625,0.854423677405908,0.9087,stacking_results_intermediate.csv,/kaggle/input/datasets/rabianaz22/3e-tabular-stacking-3rd-paper/stacking_results/checkpoints,Stacking
UNKNOWN,Stacking,,asymmetric,0.1,2.0,80000.0,10.19375,0.8555510732056618,0.9041,stacking_results_intermediate.csv,/kaggle/input/datasets/rabianaz22/3e-tabular-stacking-3rd-paper/stacking_results/checkpoints,Stacking
UNKNOWN,Stacking,,asymmetric,0.1,3.0,80000.0,10.08375,0.8556929647565477,0.90545,stacking_results_intermediate.csv,/kaggle/input/datasets/rabianaz22/3e-tabular-stacking-3rd-paper/stacking_results/checkpoints,Stacking
UNKNOWN,Stacking,,asymmetric,0.1,4.0,80000.0,10.10875,0.8669738829748617,0.90925,stacking_results_intermediate.csv,/kaggle/input/datasets/rabianaz22/3e-tabular-stacking-3rd-paper/stacking_results/checkpoints,Stacking
UNKNOWN,Stacking,,asymmetric,0.2,0.0,80000.0,19.885,0.8232927908391189,0.88055,stacking_results_intermediate.csv,/kaggle/input/datasets/rabianaz22/3e-tabular-stacking-3rd-paper/stacking_results/checkpoints,Stacking
UNKNOWN,Stacking,,asymmetric,0.2,1.0,80000.0,20.07125,0.8276320939658569,0.88125,stacking_results_intermediate.csv,/kaggle/input/datasets/rabianaz22/3e-tabular-stacking-3rd-paper/stacking_results/checkpoints,Stacking
UNKNOWN,Stacking,,asymmetric,0.2,2.0,80000.0,19.92625,0.8182100871633,0.8772,stacking_results_intermediate.csv,/kaggle/input/datasets/rabianaz22/3e-tabular-stacking-3rd-paper/stacking_results/checkpoints,Stacking
UNKNOWN,Stacking,,asymmetric,0.2,3.0,80000.0,20.09,0.8239648211281402,0.8793,stacking_results_intermediate.csv,/kaggle/input/datasets/rabianaz22/3e-tabular-stacking-3rd-paper/stacking_results/checkpoints,Stacking
UNKNOWN,Stacking,,asymmetric,0.2,4.0,80000.0,20.01875,0.8247189707651386,0.8819,stacking_results_intermediate.csv,/kaggle/input/datasets/rabianaz22/3e-tabular-stacking-3rd-paper/stacking_results/checkpoints,Stacking
UNKNOWN,Stacking,,asymmetric,0.3,0.0,80000.0,29.898750000000003,0.7742193644211653,0.84415,stacking_results_intermediate.csv,/kaggle/input/datasets/rabianaz22/3e-tabular-stacking-3rd-paper/stacking_results/checkpoints,Stacking
UNKNOWN,Stacking,,asymmetric,0.3,1.0,80000.0,30.05625,0.7859997918001354,0.84965,stacking_results_intermediate.csv,/kaggle/input/datasets/rabianaz22/3e-tabular-stacking-3rd-paper/stacking_results/checkpoints,Stacking
UNKNOWN,Stacking,,asymmetric,0.3,2.0,80000.0,30.03125,0.7866693553881828,0.8441,stacking_results_intermediate.csv,/kaggle/input/datasets/rabianaz22/3e-tabular-stacking-3rd-paper/stacking_results/checkpoints,Stacking
UNKNOWN,Stacking,,asymmetric,0.3,3.0,80000.0,29.98375,0.7641827419712569,0.84285,stacking_results_intermediate.csv,/kaggle/input/datasets/rabianaz22/3e-tabular-stacking-3rd-paper/stacking_results/checkpoints,Stacking
UNKNOWN,Stacking,,asymmetric,0.3,4.0,80000.0,30.051250000000003,0.7824696655790613,0.8456,stacking_results_intermediate.csv,/kaggle/input/datasets/rabianaz22/3e-tabular-stacking-3rd-paper/stacking_results/checkpoints,Stacking
UNKNOWN,Stacking,,asymmetric,0.4,0.0,80000.0,40.0825,0.6966043666508753,0.7921,stacking_results_intermediate.csv,/kaggle/input/datasets/rabianaz22/3e-tabular-stacking-3rd-paper/stacking_results/checkpoints,Stacking
UNKNOWN,Stacking,,asymmetric,0.4,1.0,80000.0,39.9325,0.669822441435677,0.7971,stacking_results_intermediate.csv,/kaggle/input/datasets/rabianaz22/3e-tabular-stacking-3rd-paper/stacking_results/checkpoints,Stacking
UNKNOWN,Stacking,,asymmetric,0.4,2.0,80000.0,40.21125,0.6812125261860054,0.79275,stacking_results_intermediate.csv,/kaggle/input/datasets/rabianaz22/3e-tabular-stacking-3rd-paper/stacking_results/checkpoints,Stacking
UNKNOWN,Stacking,,asymmetric,0.4,3.0,80000.0,40.08875,0.693306275540597,0.79305,stacking_results_intermediate.csv,/kaggle/input/datasets/rabianaz22/3e-tabular-stacking-3rd-paper/stacking_results/checkpoints,Stacking
UNKNOWN,Stacking,,asymmetric,0.4,4.0,80000.0,39.975,0.6743694969354685,0.7921,stacking_results_intermediate.csv,/kaggle/input/datasets/rabianaz22/3e-tabular-stacking-3rd-paper/stacking_results/checkpoints,Stacking
UNKNOWN,Stacking,,symmetric,0.0,0.0,80000.0,0.0,0.8883991441620723,0.92555,stacking_results_full.csv,/kaggle/input/datasets/rabianaz22/3e-tabular-stacking-3rd-paper/stacking_results,Stacking
UNKNOWN,Stacking,,symmetric,0.0,1.0,80000.0,0.0,0.8889650753418392,0.92845,stacking_results_full.csv,/kaggle/input/datasets/rabianaz22/3e-tabular-stacking-3rd-paper/stacking_results,Stacking
UNKNOWN,Stacking,,symmetric,0.0,2.0,80000.0,0.0,0.8835323747350419,0.9261,stacking_results_full.csv,/kaggle/input/datasets/rabianaz22/3e-tabular-stacking-3rd-paper/stacking_results,Stacking
UNKNOWN,Stacking,,symmetric,0.0,3.0,80000.0,0.0,0.8875133811503207,0.92635,stacking_results_full.csv,/kaggle/input/datasets/rabianaz22/3e-tabular-stacking-3rd-paper/stacking_results,Stacking
UNKNOWN,Stacking,,symmetric,0.0,4.0,80000.0,0.0,0.8988543711610585,0.92925,stacking_results_full.csv,/kaggle/input/datasets/rabianaz22/3e-tabular-stacking-3rd-paper/stacking_results,Stacking
UNKNOWN,Stacking,,symmetric,0.1,0.0,80000.0,10.13875,0.8615318965249305,0.912,stacking_results_full.csv,/kaggle/input/datasets/rabianaz22/3e-tabular-stacking-3rd-paper/stacking_results,Stacking
UNKNOWN,Stacking,,symmetric,0.1,1.0,80000.0,9.93625,0.8550878582159865,0.91455,stacking_results_full.csv,/kaggle/input/datasets/rabianaz22/3e-tabular-stacking-3rd-paper/stacking_results,Stacking
UNKNOWN,Stacking,,symmetric,0.1,2.0,80000.0,10.19375,0.8501084729339075,0.9107,stacking_results_full.csv,/kaggle/input/datasets/rabianaz22/3e-tabular-stacking-3rd-paper/stacking_results,Stacking
UNKNOWN,Stacking,,symmetric,0.1,3.0,80000.0,10.08375,0.8545722155572972,0.911,stacking_results_full.csv,/kaggle/input/datasets/rabianaz22/3e-tabular-stacking-3rd-paper/stacking_results,Stacking
UNKNOWN,Stacking,,symmetric,0.1,4.0,80000.0,10.10875,0.8586943813745024,0.91325,stacking_results_full.csv,/kaggle/input/datasets/rabianaz22/3e-tabular-stacking-3rd-paper/stacking_results,Stacking
UNKNOWN,Stacking,,symmetric,0.2,0.0,80000.0,19.885,0.8234866241022419,0.8979,stacking_results_full.csv,/kaggle/input/datasets/rabianaz22/3e-tabular-stacking-3rd-paper/stacking_results,Stacking
UNKNOWN,Stacking,,symmetric,0.2,1.0,80000.0,20.07125,0.8329570234674998,0.90085,stacking_results_full.csv,/kaggle/input/datasets/rabianaz22/3e-tabular-stacking-3rd-paper/stacking_results,Stacking
UNKNOWN,Stacking,,symmetric,0.2,2.0,80000.0,19.92625,0.822826110883825,0.8966,stacking_results_full.csv,/kaggle/input/datasets/rabianaz22/3e-tabular-stacking-3rd-paper/stacking_results,Stacking
UNKNOWN,Stacking,,symmetric,0.2,3.0,80000.0,20.09,0.8325428013451649,0.8987,stacking_results_full.csv,/kaggle/input/datasets/rabianaz22/3e-tabular-stacking-3rd-paper/stacking_results,Stacking
UNKNOWN,Stacking,,symmetric,0.2,4.0,80000.0,20.01875,0.830562320186678,0.90025,stacking_results_full.csv,/kaggle/input/datasets/rabianaz22/3e-tabular-stacking-3rd-paper/stacking_results,Stacking
UNKNOWN,Stacking,,symmetric,0.3,0.0,80000.0,29.898750000000003,0.7873828614822898,0.8815,stacking_results_full.csv,/kaggle/input/datasets/rabianaz22/3e-tabular-stacking-3rd-paper/stacking_results,Stacking
UNKNOWN,Stacking,,symmetric,0.3,1.0,80000.0,30.05625,0.7834927724859736,0.8814,stacking_results_full.csv,/kaggle/input/datasets/rabianaz22/3e-tabular-stacking-3rd-paper/stacking_results,Stacking
UNKNOWN,Stacking,,symmetric,0.3,2.0,80000.0,30.03125,0.7797788055219572,0.8811,stacking_results_full.csv,/kaggle/input/datasets/rabianaz22/3e-tabular-stacking-3rd-paper/stacking_results,Stacking
UNKNOWN,Stacking,,symmetric,0.3,3.0,80000.0,29.98375,0.7661683563000995,0.8791,stacking_results_full.csv,/kaggle/input/datasets/rabianaz22/3e-tabular-stacking-3rd-paper/stacking_results,Stacking
UNKNOWN,Stacking,,symmetric,0.3,4.0,80000.0,30.051250000000003,0.7853175444201447,0.8815,stacking_results_full.csv,/kaggle/input/datasets/rabianaz22/3e-tabular-stacking-3rd-paper/stacking_results,Stacking
UNKNOWN,Stacking,,symmetric,0.4,0.0,80000.0,40.0825,0.6836463224983075,0.86005,stacking_results_full.csv,/kaggle/input/datasets/rabianaz22/3e-tabular-stacking-3rd-paper/stacking_results,Stacking
UNKNOWN,Stacking,,symmetric,0.4,1.0,80000.0,39.9325,0.6967336241904357,0.86125,stacking_results_full.csv,/kaggle/input/datasets/rabianaz22/3e-tabular-stacking-3rd-paper/stacking_results,Stacking
UNKNOWN,Stacking,,symmetric,0.4,2.0,80000.0,40.21125,0.665835763966763,0.8571,stacking_results_full.csv,/kaggle/input/datasets/rabianaz22/3e-tabular-stacking-3rd-paper/stacking_results,Stacking
UNKNOWN,Stacking,,symmetric,0.4,3.0,80000.0,40.08875,0.6767351142402102,0.86095,stacking_results_full.csv,/kaggle/input/datasets/rabianaz22/3e-tabular-stacking-3rd-paper/stacking_results,Stacking
UNKNOWN,Stacking,,symmetric,0.4,4.0,80000.0,39.975,0.6649316449560688,0.8598,stacking_results_full.csv,/kaggle/input/datasets/rabianaz22/3e-tabular-stacking-3rd-paper/stacking_results,Stacking
UNKNOWN,Stacking,,asymmetric,0.0,0.0,80000.0,0.0,0.8883991441620723,0.92555,stacking_results_full.csv,/kaggle/input/datasets/rabianaz22/3e-tabular-stacking-3rd-paper/stacking_results,Stacking
UNKNOWN,Stacking,,asymmetric,0.0,1.0,80000.0,0.0,0.8889650753418392,0.92845,stacking_results_full.csv,/kaggle/input/datasets/rabianaz22/3e-tabular-stacking-3rd-paper/stacking_results,Stacking
UNKNOWN,Stacking,,asymmetric,0.0,2.0,80000.0,0.0,0.8835323747350419,0.9261,stacking_results_full.csv,/kaggle/input/datasets/rabianaz22/3e-tabular-stacking-3rd-paper/stacking_results,Stacking
UNKNOWN,Stacking,,asymmetric,0.0,3.0,80000.0,0.0,0.8875133811503207,0.92635,stacking_results_full.csv,/kaggle/input/datasets/rabianaz22/3e-tabular-stacking-3rd-paper/stacking_results,Stacking
UNKNOWN,Stacking,,asymmetric,0.0,4.0,80000.0,0.0,0.8988543711610585,0.92925,stacking_results_full.csv,/kaggle/input/datasets/rabianaz22/3e-tabular-stacking-3rd-paper/stacking_results,Stacking
UNKNOWN,Stacking,,asymmetric,0.1,0.0,80000.0,10.13875,0.8593311536486181,0.90485,stacking_results_full.csv,/kaggle/input/datasets/rabianaz22/3e-tabular-stacking-3rd-paper/stacking_results,Stacking
UNKNOWN,Stacking,,asymmetric,0.1,1.0,80000.0,9.93625,0.854423677405908,0.9087,stacking_results_full.csv,/kaggle/input/datasets/rabianaz22/3e-tabular-stacking-3rd-paper/stacking_results,Stacking
UNKNOWN,Stacking,,asymmetric,0.1,2.0,80000.0,10.19375,0.8555510732056618,0.9041,stacking_results_full.csv,/kaggle/input/datasets/rabianaz22/3e-tabular-stacking-3rd-paper/stacking_results,Stacking
UNKNOWN,Stacking,,asymmetric,0.1,3.0,80000.0,10.08375,0.8556929647565477,0.90545,stacking_results_full.csv,/kaggle/input/datasets/rabianaz22/3e-tabular-stacking-3rd-paper/stacking_results,Stacking
UNKNOWN,Stacking,,asymmetric,0.1,4.0,80000.0,10.10875,0.8669738829748617,0.90925,stacking_results_full.csv,/kaggle/input/datasets/rabianaz22/3e-tabular-stacking-3rd-paper/stacking_results,Stacking
UNKNOWN,Stacking,,asymmetric,0.2,0.0,80000.0,19.885,0.8232927908391189,0.88055,stacking_results_full.csv,/kaggle/input/datasets/rabianaz22/3e-tabular-stacking-3rd-paper/stacking_results,Stacking
UNKNOWN,Stacking,,asymmetric,0.2,1.0,80000.0,20.07125,0.8276320939658569,0.88125,stacking_results_full.csv,/kaggle/input/datasets/rabianaz22/3e-tabular-stacking-3rd-paper/stacking_results,Stacking
UNKNOWN,Stacking,,asymmetric,0.2,2.0,80000.0,19.92625,0.8182100871633,0.8772,stacking_results_full.csv,/kaggle/input/datasets/rabianaz22/3e-tabular-stacking-3rd-paper/stacking_results,Stacking
UNKNOWN,Stacking,,asymmetric,0.2,3.0,80000.0,20.09,0.8239648211281402,0.8793,stacking_results_full.csv,/kaggle/input/datasets/rabianaz22/3e-tabular-stacking-3rd-paper/stacking_results,Stacking
UNKNOWN,Stacking,,asymmetric,0.2,4.0,80000.0,20.01875,0.8247189707651386,0.8819,stacking_results_full.csv,/kaggle/input/datasets/rabianaz22/3e-tabular-stacking-3rd-paper/stacking_results,Stacking
UNKNOWN,Stacking,,asymmetric,0.3,0.0,80000.0,29.898750000000003,0.7742193644211653,0.84415,stacking_results_full.csv,/kaggle/input/datasets/rabianaz22/3e-tabular-stacking-3rd-paper/stacking_results,Stacking
UNKNOWN,Stacking,,asymmetric,0.3,1.0,80000.0,30.05625,0.7859997918001354,0.84965,stacking_results_full.csv,/kaggle/input/datasets/rabianaz22/3e-tabular-stacking-3rd-paper/stacking_results,Stacking
UNKNOWN,Stacking,,asymmetric,0.3,2.0,80000.0,30.03125,0.7866693553881828,0.8441,stacking_results_full.csv,/kaggle/input/datasets/rabianaz22/3e-tabular-stacking-3rd-paper/stacking_results,Stacking
UNKNOWN,Stacking,,asymmetric,0.3,3.0,80000.0,29.98375,0.7641827419712569,0.84285,stacking_results_full.csv,/kaggle/input/datasets/rabianaz22/3e-tabular-stacking-3rd-paper/stacking_results,Stacking
UNKNOWN,Stacking,,asymmetric,0.3,4.0,80000.0,30.051250000000003,0.7824696655790613,0.8456,stacking_results_full.csv,/kaggle/input/datasets/rabianaz22/3e-tabular-stacking-3rd-paper/stacking_results,Stacking
UNKNOWN,Stacking,,asymmetric,0.4,0.0,80000.0,40.0825,0.6966043666508753,0.7921,stacking_results_full.csv,/kaggle/input/datasets/rabianaz22/3e-tabular-stacking-3rd-paper/stacking_results,Stacking
UNKNOWN,Stacking,,asymmetric,0.4,1.0,80000.0,39.9325,0.669822441435677,0.7971,stacking_results_full.csv,/kaggle/input/datasets/rabianaz22/3e-tabular-stacking-3rd-paper/stacking_results,Stacking
UNKNOWN,Stacking,,asymmetric,0.4,2.0,80000.0,40.21125,0.6812125261860054,0.79275,stacking_results_full.csv,/kaggle/input/datasets/rabianaz22/3e-tabular-stacking-3rd-paper/stacking_results,Stacking
UNKNOWN,Stacking,,asymmetric,0.4,3.0,80000.0,40.08875,0.693306275540597,0.79305,stacking_results_full.csv,/kaggle/input/datasets/rabianaz22/3e-tabular-stacking-3rd-paper/stacking_results,Stacking
UNKNOWN,Stacking,,asymmetric,0.4,4.0,80000.0,39.975,0.6743694969354685,0.7921,stacking_results_full.csv,/kaggle/input/datasets/rabianaz22/3e-tabular-stacking-3rd-paper/stacking_results,Stacking
UNKNOWN,Stacking,,,,,100000.0,,0.8947255363081819,0.9362494944192492,stacking_test_results.csv,/kaggle/input/datasets/rabianaz22/3e-tabular-stacking-3rd-paper/stacking_results,Stacking
Image,RandomForest_Image,,symmetric,0.0,0.0,12960.0,0.0,0.9037211471257974,0.907716049382716,rf_image_results_intermediate.csv,/kaggle/input/datasets/rabianaz22/4c-image-rf-3rd-paper/rf_image_results/checkpoints,RandomForest_Image
Image,RandomForest_Image,,symmetric,0.0,1.0,12960.0,0.0,0.9107144278188934,0.9148148148148147,rf_image_results_intermediate.csv,/kaggle/input/datasets/rabianaz22/4c-image-rf-3rd-paper/rf_image_results/checkpoints,RandomForest_Image
Image,RandomForest_Image,,symmetric,0.0,2.0,12960.0,0.0,0.9098141499402914,0.9132716049382716,rf_image_results_intermediate.csv,/kaggle/input/datasets/rabianaz22/4c-image-rf-3rd-paper/rf_image_results/checkpoints,RandomForest_Image
Image,RandomForest_Image,,symmetric,0.0,3.0,12960.0,0.0,0.8920407741588887,0.8975308641975308,rf_image_results_intermediate.csv,/kaggle/input/datasets/rabianaz22/4c-image-rf-3rd-paper/rf_image_results/checkpoints,RandomForest_Image
Image,RandomForest_Image,,symmetric,0.0,4.0,12960.0,0.0,0.8954820501867667,0.8993827160493827,rf_image_results_intermediate.csv,/kaggle/input/datasets/rabianaz22/4c-image-rf-3rd-paper/rf_image_results/checkpoints,RandomForest_Image
Image,RandomForest_Image,,symmetric,0.1,0.0,12960.0,10.339506172839506,0.9022961018477188,0.9064814814814814,rf_image_results_intermediate.csv,/kaggle/input/datasets/rabianaz22/4c-image-rf-3rd-paper/rf_image_results/checkpoints,RandomForest_Image
Image,RandomForest_Image,,symmetric,0.1,1.0,12960.0,10.501543209876544,0.9102094853954812,0.9141975308641976,rf_image_results_intermediate.csv,/kaggle/input/datasets/rabianaz22/4c-image-rf-3rd-paper/rf_image_results/checkpoints,RandomForest_Image
Image,RandomForest_Image,,symmetric,0.1,2.0,12960.0,10.123456790123456,0.9062203684620812,0.9101851851851852,rf_image_results_intermediate.csv,/kaggle/input/datasets/rabianaz22/4c-image-rf-3rd-paper/rf_image_results/checkpoints,RandomForest_Image
Image,RandomForest_Image,,symmetric,0.1,3.0,12960.0,9.62962962962963,0.8917735991370339,0.8975308641975308,rf_image_results_intermediate.csv,/kaggle/input/datasets/rabianaz22/4c-image-rf-3rd-paper/rf_image_results/checkpoints,RandomForest_Image
Image,RandomForest_Image,,symmetric,0.1,4.0,12960.0,10.15432098765432,0.8966231531533216,0.9006172839506172,rf_image_results_intermediate.csv,/kaggle/input/datasets/rabianaz22/4c-image-rf-3rd-paper/rf_image_results/checkpoints,RandomForest_Image
Image,RandomForest_Image,,symmetric,0.2,0.0,12960.0,20.66358024691358,0.9046447703411123,0.908641975308642,rf_image_results_intermediate.csv,/kaggle/input/datasets/rabianaz22/4c-image-rf-3rd-paper/rf_image_results/checkpoints,RandomForest_Image
Image,RandomForest_Image,,symmetric,0.2,1.0,12960.0,20.2391975308642,0.9059553425858884,0.9101851851851852,rf_image_results_intermediate.csv,/kaggle/input/datasets/rabianaz22/4c-image-rf-3rd-paper/rf_image_results/checkpoints,RandomForest_Image
Image,RandomForest_Image,,symmetric,0.2,2.0,12960.0,19.405864197530864,0.9088805853223072,0.9123456790123456,rf_image_results_intermediate.csv,/kaggle/input/datasets/rabianaz22/4c-image-rf-3rd-paper/rf_image_results/checkpoints,RandomForest_Image
Image,RandomForest_Image,,symmetric,0.2,3.0,12960.0,19.945987654320987,0.8929368351309235,0.8981481481481481,rf_image_results_intermediate.csv,/kaggle/input/datasets/rabianaz22/4c-image-rf-3rd-paper/rf_image_results/checkpoints,RandomForest_Image
Image,RandomForest_Image,,symmetric,0.2,4.0,12960.0,19.33641975308642,0.8986694953203,0.9027777777777778,rf_image_results_intermediate.csv,/kaggle/input/datasets/rabianaz22/4c-image-rf-3rd-paper/rf_image_results/checkpoints,RandomForest_Image
Image,RandomForest_Image,,symmetric,0.3,0.0,12960.0,30.10030864197531,0.8991067039738162,0.9030864197530863,rf_image_results_intermediate.csv,/kaggle/input/datasets/rabianaz22/4c-image-rf-3rd-paper/rf_image_results/checkpoints,RandomForest_Image
Image,RandomForest_Image,,symmetric,0.3,1.0,12960.0,29.390432098765437,0.902964843257148,0.9070987654320988,rf_image_results_intermediate.csv,/kaggle/input/datasets/rabianaz22/4c-image-rf-3rd-paper/rf_image_results/checkpoints,RandomForest_Image
Image,RandomForest_Image,,symmetric,0.3,2.0,12960.0,29.791666666666668,0.9026186719152924,0.9064814814814814,rf_image_results_intermediate.csv,/kaggle/input/datasets/rabianaz22/4c-image-rf-3rd-paper/rf_image_results/checkpoints,RandomForest_Image
Image,RandomForest_Image,,symmetric,0.3,3.0,12960.0,29.28240740740741,0.8961918014750074,0.9015432098765432,rf_image_results_intermediate.csv,/kaggle/input/datasets/rabianaz22/4c-image-rf-3rd-paper/rf_image_results/checkpoints,RandomForest_Image
Image,RandomForest_Image,,symmetric,0.3,4.0,12960.0,30.27777777777777,0.8993632933638557,0.9030864197530863,rf_image_results_intermediate.csv,/kaggle/input/datasets/rabianaz22/4c-image-rf-3rd-paper/rf_image_results/checkpoints,RandomForest_Image
Image,RandomForest_Image,,symmetric,0.4,0.0,12960.0,39.513888888888886,0.8985318503830557,0.9027777777777778,rf_image_results_intermediate.csv,/kaggle/input/datasets/rabianaz22/4c-image-rf-3rd-paper/rf_image_results/checkpoints,RandomForest_Image
Image,RandomForest_Image,,symmetric,0.4,1.0,12960.0,40.08487654320987,0.8974427661212083,0.9015432098765432,rf_image_results_intermediate.csv,/kaggle/input/datasets/rabianaz22/4c-image-rf-3rd-paper/rf_image_results/checkpoints,RandomForest_Image
Image,RandomForest_Image,,symmetric,0.4,2.0,12960.0,39.41358024691358,0.9031750506540764,0.90679012345679,rf_image_results_intermediate.csv,/kaggle/input/datasets/rabianaz22/4c-image-rf-3rd-paper/rf_image_results/checkpoints,RandomForest_Image
Image,RandomForest_Image,,symmetric,0.4,3.0,12960.0,39.96141975308642,0.886699187598345,0.8922839506172839,rf_image_results_intermediate.csv,/kaggle/input/datasets/rabianaz22/4c-image-rf-3rd-paper/rf_image_results/checkpoints,RandomForest_Image
Image,RandomForest_Image,,symmetric,0.4,4.0,12960.0,40.223765432098766,0.8911344661707125,0.8950617283950617,rf_image_results_intermediate.csv,/kaggle/input/datasets/rabianaz22/4c-image-rf-3rd-paper/rf_image_results/checkpoints,RandomForest_Image
Image,RandomForest_Image,,asymmetric,0.0,0.0,12960.0,0.0,0.9037211471257974,0.907716049382716,rf_image_results_intermediate.csv,/kaggle/input/datasets/rabianaz22/4c-image-rf-3rd-paper/rf_image_results/checkpoints,RandomForest_Image
Image,RandomForest_Image,,asymmetric,0.0,1.0,12960.0,0.0,0.9107144278188934,0.9148148148148147,rf_image_results_intermediate.csv,/kaggle/input/datasets/rabianaz22/4c-image-rf-3rd-paper/rf_image_results/checkpoints,RandomForest_Image
Image,RandomForest_Image,,asymmetric,0.0,2.0,12960.0,0.0,0.9098141499402914,0.9132716049382716,rf_image_results_intermediate.csv,/kaggle/input/datasets/rabianaz22/4c-image-rf-3rd-paper/rf_image_results/checkpoints,RandomForest_Image
Image,RandomForest_Image,,asymmetric,0.0,3.0,12960.0,0.0,0.8920407741588887,0.8975308641975308,rf_image_results_intermediate.csv,/kaggle/input/datasets/rabianaz22/4c-image-rf-3rd-paper/rf_image_results/checkpoints,RandomForest_Image
Image,RandomForest_Image,,asymmetric,0.0,4.0,12960.0,0.0,0.8954820501867667,0.8993827160493827,rf_image_results_intermediate.csv,/kaggle/input/datasets/rabianaz22/4c-image-rf-3rd-paper/rf_image_results/checkpoints,RandomForest_Image
Image,RandomForest_Image,,asymmetric,0.1,0.0,12960.0,10.339506172839506,0.9001195438161067,0.904320987654321,rf_image_results_intermediate.csv,/kaggle/input/datasets/rabianaz22/4c-image-rf-3rd-paper/rf_image_results/checkpoints,RandomForest_Image
Image,RandomForest_Image,,asymmetric,0.1,1.0,12960.0,10.501543209876544,0.9069589415728332,0.9114197530864198,rf_image_results_intermediate.csv,/kaggle/input/datasets/rabianaz22/4c-image-rf-3rd-paper/rf_image_results/checkpoints,RandomForest_Image
Image,RandomForest_Image,,asymmetric,0.1,2.0,12960.0,10.123456790123456,0.9104146053530756,0.9141975308641976,rf_image_results_intermediate.csv,/kaggle/input/datasets/rabianaz22/4c-image-rf-3rd-paper/rf_image_results/checkpoints,RandomForest_Image
Image,RandomForest_Image,,asymmetric,0.1,3.0,12960.0,9.62962962962963,0.8918008114866709,0.8969135802469136,rf_image_results_intermediate.csv,/kaggle/input/datasets/rabianaz22/4c-image-rf-3rd-paper/rf_image_results/checkpoints,RandomForest_Image
Image,RandomForest_Image,,asymmetric,0.1,4.0,12960.0,10.15432098765432,0.8951646603664413,0.899074074074074,rf_image_results_intermediate.csv,/kaggle/input/datasets/rabianaz22/4c-image-rf-3rd-paper/rf_image_results/checkpoints,RandomForest_Image
Image,RandomForest_Image,,asymmetric,0.2,0.0,12960.0,20.66358024691358,0.8928688337798644,0.8978395061728395,rf_image_results_intermediate.csv,/kaggle/input/datasets/rabianaz22/4c-image-rf-3rd-paper/rf_image_results/checkpoints,RandomForest_Image
Image,RandomForest_Image,,asymmetric,0.2,1.0,12960.0,20.2391975308642,0.8933371474683401,0.8978395061728395,rf_image_results_intermediate.csv,/kaggle/input/datasets/rabianaz22/4c-image-rf-3rd-paper/rf_image_results/checkpoints,RandomForest_Image
Image,RandomForest_Image,,asymmetric,0.2,2.0,12960.0,19.405864197530864,0.9065233801463954,0.910493827160494,rf_image_results_intermediate.csv,/kaggle/input/datasets/rabianaz22/4c-image-rf-3rd-paper/rf_image_results/checkpoints,RandomForest_Image
Image,RandomForest_Image,,asymmetric,0.2,3.0,12960.0,19.945987654320987,0.8869648394769097,0.8922839506172839,rf_image_results_intermediate.csv,/kaggle/input/datasets/rabianaz22/4c-image-rf-3rd-paper/rf_image_results/checkpoints,RandomForest_Image
Image,RandomForest_Image,,asymmetric,0.2,4.0,12960.0,19.33641975308642,0.8894438226147778,0.8941358024691358,rf_image_results_intermediate.csv,/kaggle/input/datasets/rabianaz22/4c-image-rf-3rd-paper/rf_image_results/checkpoints,RandomForest_Image
Image,RandomForest_Image,,asymmetric,0.3,0.0,12960.0,30.10030864197531,0.8811052249309433,0.8854938271604939,rf_image_results_intermediate.csv,/kaggle/input/datasets/rabianaz22/4c-image-rf-3rd-paper/rf_image_results/checkpoints,RandomForest_Image
Image,RandomForest_Image,,asymmetric,0.3,1.0,12960.0,29.390432098765437,0.8791707411214464,0.8845679012345679,rf_image_results_intermediate.csv,/kaggle/input/datasets/rabianaz22/4c-image-rf-3rd-paper/rf_image_results/checkpoints,RandomForest_Image
Image,RandomForest_Image,,asymmetric,0.3,2.0,12960.0,29.791666666666668,0.8880036104450383,0.8929012345679013,rf_image_results_intermediate.csv,/kaggle/input/datasets/rabianaz22/4c-image-rf-3rd-paper/rf_image_results/checkpoints,RandomForest_Image
Image,RandomForest_Image,,asymmetric,0.3,3.0,12960.0,29.28240740740741,0.8768076818159157,0.8824074074074074,rf_image_results_intermediate.csv,/kaggle/input/datasets/rabianaz22/4c-image-rf-3rd-paper/rf_image_results/checkpoints,RandomForest_Image
Image,RandomForest_Image,,asymmetric,0.3,4.0,12960.0,30.27777777777777,0.8792600839150968,0.883641975308642,rf_image_results_intermediate.csv,/kaggle/input/datasets/rabianaz22/4c-image-rf-3rd-paper/rf_image_results/checkpoints,RandomForest_Image
Image,RandomForest_Image,,asymmetric,0.4,0.0,12960.0,39.513888888888886,0.8174776643549351,0.8240740740740741,rf_image_results_intermediate.csv,/kaggle/input/datasets/rabianaz22/4c-image-rf-3rd-paper/rf_image_results/checkpoints,RandomForest_Image
Image,RandomForest_Image,,asymmetric,0.4,1.0,12960.0,40.08487654320987,0.7876295191328312,0.7950617283950617,rf_image_results_intermediate.csv,/kaggle/input/datasets/rabianaz22/4c-image-rf-3rd-paper/rf_image_results/checkpoints,RandomForest_Image
Image,RandomForest_Image,,asymmetric,0.4,2.0,12960.0,39.41358024691358,0.8061073488337392,0.8141975308641975,rf_image_results_intermediate.csv,/kaggle/input/datasets/rabianaz22/4c-image-rf-3rd-paper/rf_image_results/checkpoints,RandomForest_Image
Image,RandomForest_Image,,asymmetric,0.4,3.0,12960.0,39.96141975308642,0.7998601069919442,0.8095679012345679,rf_image_results_intermediate.csv,/kaggle/input/datasets/rabianaz22/4c-image-rf-3rd-paper/rf_image_results/checkpoints,RandomForest_Image
Image,RandomForest_Image,,asymmetric,0.4,4.0,12960.0,40.223765432098766,0.8064333188883624,0.812962962962963,rf_image_results_intermediate.csv,/kaggle/input/datasets/rabianaz22/4c-image-rf-3rd-paper/rf_image_results/checkpoints,RandomForest_Image
Image,RandomForest_Image,,symmetric,0.0,0.0,12960.0,0.0,0.9037211471257974,0.907716049382716,rf_image_results_full.csv,/kaggle/input/datasets/rabianaz22/4c-image-rf-3rd-paper/rf_image_results,RandomForest_Image
Image,RandomForest_Image,,symmetric,0.0,1.0,12960.0,0.0,0.9107144278188934,0.9148148148148147,rf_image_results_full.csv,/kaggle/input/datasets/rabianaz22/4c-image-rf-3rd-paper/rf_image_results,RandomForest_Image
Image,RandomForest_Image,,symmetric,0.0,2.0,12960.0,0.0,0.9098141499402914,0.9132716049382716,rf_image_results_full.csv,/kaggle/input/datasets/rabianaz22/4c-image-rf-3rd-paper/rf_image_results,RandomForest_Image
Image,RandomForest_Image,,symmetric,0.0,3.0,12960.0,0.0,0.8920407741588887,0.8975308641975308,rf_image_results_full.csv,/kaggle/input/datasets/rabianaz22/4c-image-rf-3rd-paper/rf_image_results,RandomForest_Image
Image,RandomForest_Image,,symmetric,0.0,4.0,12960.0,0.0,0.8954820501867667,0.8993827160493827,rf_image_results_full.csv,/kaggle/input/datasets/rabianaz22/4c-image-rf-3rd-paper/rf_image_results,RandomForest_Image
Image,RandomForest_Image,,symmetric,0.1,0.0,12960.0,10.339506172839506,0.9022961018477188,0.9064814814814814,rf_image_results_full.csv,/kaggle/input/datasets/rabianaz22/4c-image-rf-3rd-paper/rf_image_results,RandomForest_Image
Image,RandomForest_Image,,symmetric,0.1,1.0,12960.0,10.501543209876544,0.9102094853954812,0.9141975308641976,rf_image_results_full.csv,/kaggle/input/datasets/rabianaz22/4c-image-rf-3rd-paper/rf_image_results,RandomForest_Image
Image,RandomForest_Image,,symmetric,0.1,2.0,12960.0,10.123456790123456,0.9062203684620812,0.9101851851851852,rf_image_results_full.csv,/kaggle/input/datasets/rabianaz22/4c-image-rf-3rd-paper/rf_image_results,RandomForest_Image
Image,RandomForest_Image,,symmetric,0.1,3.0,12960.0,9.62962962962963,0.8917735991370339,0.8975308641975308,rf_image_results_full.csv,/kaggle/input/datasets/rabianaz22/4c-image-rf-3rd-paper/rf_image_results,RandomForest_Image
Image,RandomForest_Image,,symmetric,0.1,4.0,12960.0,10.15432098765432,0.8966231531533216,0.9006172839506172,rf_image_results_full.csv,/kaggle/input/datasets/rabianaz22/4c-image-rf-3rd-paper/rf_image_results,RandomForest_Image
Image,RandomForest_Image,,symmetric,0.2,0.0,12960.0,20.66358024691358,0.9046447703411123,0.908641975308642,rf_image_results_full.csv,/kaggle/input/datasets/rabianaz22/4c-image-rf-3rd-paper/rf_image_results,RandomForest_Image
Image,RandomForest_Image,,symmetric,0.2,1.0,12960.0,20.2391975308642,0.9059553425858884,0.9101851851851852,rf_image_results_full.csv,/kaggle/input/datasets/rabianaz22/4c-image-rf-3rd-paper/rf_image_results,RandomForest_Image
Image,RandomForest_Image,,symmetric,0.2,2.0,12960.0,19.405864197530864,0.9088805853223072,0.9123456790123456,rf_image_results_full.csv,/kaggle/input/datasets/rabianaz22/4c-image-rf-3rd-paper/rf_image_results,RandomForest_Image
Image,RandomForest_Image,,symmetric,0.2,3.0,12960.0,19.945987654320987,0.8929368351309235,0.8981481481481481,rf_image_results_full.csv,/kaggle/input/datasets/rabianaz22/4c-image-rf-3rd-paper/rf_image_results,RandomForest_Image
Image,RandomForest_Image,,symmetric,0.2,4.0,12960.0,19.33641975308642,0.8986694953203,0.9027777777777778,rf_image_results_full.csv,/kaggle/input/datasets/rabianaz22/4c-image-rf-3rd-paper/rf_image_results,RandomForest_Image
Image,RandomForest_Image,,symmetric,0.3,0.0,12960.0,30.10030864197531,0.8991067039738162,0.9030864197530863,rf_image_results_full.csv,/kaggle/input/datasets/rabianaz22/4c-image-rf-3rd-paper/rf_image_results,RandomForest_Image
Image,RandomForest_Image,,symmetric,0.3,1.0,12960.0,29.390432098765437,0.902964843257148,0.9070987654320988,rf_image_results_full.csv,/kaggle/input/datasets/rabianaz22/4c-image-rf-3rd-paper/rf_image_results,RandomForest_Image
Image,RandomForest_Image,,symmetric,0.3,2.0,12960.0,29.791666666666668,0.9026186719152924,0.9064814814814814,rf_image_results_full.csv,/kaggle/input/datasets/rabianaz22/4c-image-rf-3rd-paper/rf_image_results,RandomForest_Image
Image,RandomForest_Image,,symmetric,0.3,3.0,12960.0,29.28240740740741,0.8961918014750074,0.9015432098765432,rf_image_results_full.csv,/kaggle/input/datasets/rabianaz22/4c-image-rf-3rd-paper/rf_image_results,RandomForest_Image
Image,RandomForest_Image,,symmetric,0.3,4.0,12960.0,30.27777777777777,0.8993632933638557,0.9030864197530863,rf_image_results_full.csv,/kaggle/input/datasets/rabianaz22/4c-image-rf-3rd-paper/rf_image_results,RandomForest_Image
Image,RandomForest_Image,,symmetric,0.4,0.0,12960.0,39.513888888888886,0.8985318503830557,0.9027777777777778,rf_image_results_full.csv,/kaggle/input/datasets/rabianaz22/4c-image-rf-3rd-paper/rf_image_results,RandomForest_Image
Image,RandomForest_Image,,symmetric,0.4,1.0,12960.0,40.08487654320987,0.8974427661212083,0.9015432098765432,rf_image_results_full.csv,/kaggle/input/datasets/rabianaz22/4c-image-rf-3rd-paper/rf_image_results,RandomForest_Image
Image,RandomForest_Image,,symmetric,0.4,2.0,12960.0,39.41358024691358,0.9031750506540764,0.90679012345679,rf_image_results_full.csv,/kaggle/input/datasets/rabianaz22/4c-image-rf-3rd-paper/rf_image_results,RandomForest_Image
Image,RandomForest_Image,,symmetric,0.4,3.0,12960.0,39.96141975308642,0.886699187598345,0.8922839506172839,rf_image_results_full.csv,/kaggle/input/datasets/rabianaz22/4c-image-rf-3rd-paper/rf_image_results,RandomForest_Image
Image,RandomForest_Image,,symmetric,0.4,4.0,12960.0,40.223765432098766,0.8911344661707125,0.8950617283950617,rf_image_results_full.csv,/kaggle/input/datasets/rabianaz22/4c-image-rf-3rd-paper/rf_image_results,RandomForest_Image
Image,RandomForest_Image,,asymmetric,0.0,0.0,12960.0,0.0,0.9037211471257974,0.907716049382716,rf_image_results_full.csv,/kaggle/input/datasets/rabianaz22/4c-image-rf-3rd-paper/rf_image_results,RandomForest_Image
Image,RandomForest_Image,,asymmetric,0.0,1.0,12960.0,0.0,0.9107144278188934,0.9148148148148147,rf_image_results_full.csv,/kaggle/input/datasets/rabianaz22/4c-image-rf-3rd-paper/rf_image_results,RandomForest_Image
Image,RandomForest_Image,,asymmetric,0.0,2.0,12960.0,0.0,0.9098141499402914,0.9132716049382716,rf_image_results_full.csv,/kaggle/input/datasets/rabianaz22/4c-image-rf-3rd-paper/rf_image_results,RandomForest_Image
Image,RandomForest_Image,,asymmetric,0.0,3.0,12960.0,0.0,0.8920407741588887,0.8975308641975308,rf_image_results_full.csv,/kaggle/input/datasets/rabianaz22/4c-image-rf-3rd-paper/rf_image_results,RandomForest_Image
Image,RandomForest_Image,,asymmetric,0.0,4.0,12960.0,0.0,0.8954820501867667,0.8993827160493827,rf_image_results_full.csv,/kaggle/input/datasets/rabianaz22/4c-image-rf-3rd-paper/rf_image_results,RandomForest_Image
Image,RandomForest_Image,,asymmetric,0.1,0.0,12960.0,10.339506172839506,0.9001195438161067,0.904320987654321,rf_image_results_full.csv,/kaggle/input/datasets/rabianaz22/4c-image-rf-3rd-paper/rf_image_results,RandomForest_Image
Image,RandomForest_Image,,asymmetric,0.1,1.0,12960.0,10.501543209876544,0.9069589415728332,0.9114197530864198,rf_image_results_full.csv,/kaggle/input/datasets/rabianaz22/4c-image-rf-3rd-paper/rf_image_results,RandomForest_Image
Image,RandomForest_Image,,asymmetric,0.1,2.0,12960.0,10.123456790123456,0.9104146053530756,0.9141975308641976,rf_image_results_full.csv,/kaggle/input/datasets/rabianaz22/4c-image-rf-3rd-paper/rf_image_results,RandomForest_Image
Image,RandomForest_Image,,asymmetric,0.1,3.0,12960.0,9.62962962962963,0.8918008114866709,0.8969135802469136,rf_image_results_full.csv,/kaggle/input/datasets/rabianaz22/4c-image-rf-3rd-paper/rf_image_results,RandomForest_Image
Image,RandomForest_Image,,asymmetric,0.1,4.0,12960.0,10.15432098765432,0.8951646603664413,0.899074074074074,rf_image_results_full.csv,/kaggle/input/datasets/rabianaz22/4c-image-rf-3rd-paper/rf_image_results,RandomForest_Image
Image,RandomForest_Image,,asymmetric,0.2,0.0,12960.0,20.66358024691358,0.8928688337798644,0.8978395061728395,rf_image_results_full.csv,/kaggle/input/datasets/rabianaz22/4c-image-rf-3rd-paper/rf_image_results,RandomForest_Image
Image,RandomForest_Image,,asymmetric,0.2,1.0,12960.0,20.2391975308642,0.8933371474683401,0.8978395061728395,rf_image_results_full.csv,/kaggle/input/datasets/rabianaz22/4c-image-rf-3rd-paper/rf_image_results,RandomForest_Image
Image,RandomForest_Image,,asymmetric,0.2,2.0,12960.0,19.405864197530864,0.9065233801463954,0.910493827160494,rf_image_results_full.csv,/kaggle/input/datasets/rabianaz22/4c-image-rf-3rd-paper/rf_image_results,RandomForest_Image
Image,RandomForest_Image,,asymmetric,0.2,3.0,12960.0,19.945987654320987,0.8869648394769097,0.8922839506172839,rf_image_results_full.csv,/kaggle/input/datasets/rabianaz22/4c-image-rf-3rd-paper/rf_image_results,RandomForest_Image
Image,RandomForest_Image,,asymmetric,0.2,4.0,12960.0,19.33641975308642,0.8894438226147778,0.8941358024691358,rf_image_results_full.csv,/kaggle/input/datasets/rabianaz22/4c-image-rf-3rd-paper/rf_image_results,RandomForest_Image
Image,RandomForest_Image,,asymmetric,0.3,0.0,12960.0,30.10030864197531,0.8811052249309433,0.8854938271604939,rf_image_results_full.csv,/kaggle/input/datasets/rabianaz22/4c-image-rf-3rd-paper/rf_image_results,RandomForest_Image
Image,RandomForest_Image,,asymmetric,0.3,1.0,12960.0,29.390432098765437,0.8791707411214464,0.8845679012345679,rf_image_results_full.csv,/kaggle/input/datasets/rabianaz22/4c-image-rf-3rd-paper/rf_image_results,RandomForest_Image
Image,RandomForest_Image,,asymmetric,0.3,2.0,12960.0,29.791666666666668,0.8880036104450383,0.8929012345679013,rf_image_results_full.csv,/kaggle/input/datasets/rabianaz22/4c-image-rf-3rd-paper/rf_image_results,RandomForest_Image
Image,RandomForest_Image,,asymmetric,0.3,3.0,12960.0,29.28240740740741,0.8768076818159157,0.8824074074074074,rf_image_results_full.csv,/kaggle/input/datasets/rabianaz22/4c-image-rf-3rd-paper/rf_image_results,RandomForest_Image
Image,RandomForest_Image,,asymmetric,0.3,4.0,12960.0,30.27777777777777,0.8792600839150968,0.883641975308642,rf_image_results_full.csv,/kaggle/input/datasets/rabianaz22/4c-image-rf-3rd-paper/rf_image_results,RandomForest_Image
Image,RandomForest_Image,,asymmetric,0.4,0.0,12960.0,39.513888888888886,0.8174776643549351,0.8240740740740741,rf_image_results_full.csv,/kaggle/input/datasets/rabianaz22/4c-image-rf-3rd-paper/rf_image_results,RandomForest_Image
Image,RandomForest_Image,,asymmetric,0.4,1.0,12960.0,40.08487654320987,0.7876295191328312,0.7950617283950617,rf_image_results_full.csv,/kaggle/input/datasets/rabianaz22/4c-image-rf-3rd-paper/rf_image_results,RandomForest_Image
Image,RandomForest_Image,,asymmetric,0.4,2.0,12960.0,39.41358024691358,0.8061073488337392,0.8141975308641975,rf_image_results_full.csv,/kaggle/input/datasets/rabianaz22/4c-image-rf-3rd-paper/rf_image_results,RandomForest_Image
Image,RandomForest_Image,,asymmetric,0.4,3.0,12960.0,39.96141975308642,0.7998601069919442,0.8095679012345679,rf_image_results_full.csv,/kaggle/input/datasets/rabianaz22/4c-image-rf-3rd-paper/rf_image_results,RandomForest_Image
Image,RandomForest_Image,,asymmetric,0.4,4.0,12960.0,40.223765432098766,0.8064333188883624,0.812962962962963,rf_image_results_full.csv,/kaggle/input/datasets/rabianaz22/4c-image-rf-3rd-paper/rf_image_results,RandomForest_Image
Image,RandomForest_Image,,,,,,,0.9038082014644068,0.9075925925925926,rf_image_test_results.csv,/kaggle/input/datasets/rabianaz22/4c-image-rf-3rd-paper/rf_image_results,RandomForest_Image
Image,XGBoost_Image,,symmetric,0.0,0.0,12960.0,0.0,0.935658654021686,0.9382716049382716,xgb_image_results_intermediate.csv,/kaggle/input/datasets/rabianaz22/4d-image-xgb-3rd-paper/xgb_image_results/checkpoints,XGBoost_Image
Image,XGBoost_Image,,symmetric,0.0,1.0,12960.0,0.0,0.9381876533583078,0.9407407407407408,xgb_image_results_intermediate.csv,/kaggle/input/datasets/rabianaz22/4d-image-xgb-3rd-paper/xgb_image_results/checkpoints,XGBoost_Image
Image,XGBoost_Image,,symmetric,0.0,2.0,12960.0,0.0,0.9394035667132836,0.9410493827160494,xgb_image_results_intermediate.csv,/kaggle/input/datasets/rabianaz22/4d-image-xgb-3rd-paper/xgb_image_results/checkpoints,XGBoost_Image
Image,XGBoost_Image,,symmetric,0.0,3.0,12960.0,0.0,0.9280885584118452,0.9314814814814816,xgb_image_results_intermediate.csv,/kaggle/input/datasets/rabianaz22/4d-image-xgb-3rd-paper/xgb_image_results/checkpoints,XGBoost_Image
Image,XGBoost_Image,,symmetric,0.0,4.0,12960.0,0.0,0.9329371477785688,0.9354938271604938,xgb_image_results_intermediate.csv,/kaggle/input/datasets/rabianaz22/4d-image-xgb-3rd-paper/xgb_image_results/checkpoints,XGBoost_Image
Image,XGBoost_Image,,symmetric,0.1,0.0,12960.0,10.339506172839506,0.935482975333579,0.937962962962963,xgb_image_results_intermediate.csv,/kaggle/input/datasets/rabianaz22/4d-image-xgb-3rd-paper/xgb_image_results/checkpoints,XGBoost_Image
Image,XGBoost_Image,,symmetric,0.1,1.0,12960.0,10.501543209876544,0.9343657330278144,0.937037037037037,xgb_image_results_intermediate.csv,/kaggle/input/datasets/rabianaz22/4d-image-xgb-3rd-paper/xgb_image_results/checkpoints,XGBoost_Image
Image,XGBoost_Image,,symmetric,0.1,2.0,12960.0,10.123456790123456,0.9392334562742684,0.941358024691358,xgb_image_results_intermediate.csv,/kaggle/input/datasets/rabianaz22/4d-image-xgb-3rd-paper/xgb_image_results/checkpoints,XGBoost_Image
Image,XGBoost_Image,,symmetric,0.1,3.0,12960.0,9.62962962962963,0.923697939144382,0.9274691358024691,xgb_image_results_intermediate.csv,/kaggle/input/datasets/rabianaz22/4d-image-xgb-3rd-paper/xgb_image_results/checkpoints,XGBoost_Image
Image,XGBoost_Image,,symmetric,0.1,4.0,12960.0,10.15432098765432,0.9370021706039946,0.9388888888888888,xgb_image_results_intermediate.csv,/kaggle/input/datasets/rabianaz22/4d-image-xgb-3rd-paper/xgb_image_results/checkpoints,XGBoost_Image
Image,XGBoost_Image,,symmetric,0.2,0.0,12960.0,20.66358024691358,0.9286147044283036,0.93179012345679,xgb_image_results_intermediate.csv,/kaggle/input/datasets/rabianaz22/4d-image-xgb-3rd-paper/xgb_image_results/checkpoints,XGBoost_Image
Image,XGBoost_Image,,symmetric,0.2,1.0,12960.0,20.2391975308642,0.9348524054760006,0.9373456790123456,xgb_image_results_intermediate.csv,/kaggle/input/datasets/rabianaz22/4d-image-xgb-3rd-paper/xgb_image_results/checkpoints,XGBoost_Image
Image,XGBoost_Image,,symmetric,0.2,2.0,12960.0,19.405864197530864,0.9341209612967968,0.9361111111111112,xgb_image_results_intermediate.csv,/kaggle/input/datasets/rabianaz22/4d-image-xgb-3rd-paper/xgb_image_results/checkpoints,XGBoost_Image
Image,XGBoost_Image,,symmetric,0.2,3.0,12960.0,19.945987654320987,0.9145231715525356,0.9188271604938272,xgb_image_results_intermediate.csv,/kaggle/input/datasets/rabianaz22/4d-image-xgb-3rd-paper/xgb_image_results/checkpoints,XGBoost_Image
Image,XGBoost_Image,,symmetric,0.2,4.0,12960.0,19.33641975308642,0.9266694611260956,0.9296296296296296,xgb_image_results_intermediate.csv,/kaggle/input/datasets/rabianaz22/4d-image-xgb-3rd-paper/xgb_image_results/checkpoints,XGBoost_Image
Image,XGBoost_Image,,symmetric,0.3,0.0,12960.0,30.10030864197531,0.9255335195259944,0.928395061728395,xgb_image_results_intermediate.csv,/kaggle/input/datasets/rabianaz22/4d-image-xgb-3rd-paper/xgb_image_results/checkpoints,XGBoost_Image
Image,XGBoost_Image,,symmetric,0.3,1.0,12960.0,29.390432098765437,0.9225299739037784,0.9256172839506172,xgb_image_results_intermediate.csv,/kaggle/input/datasets/rabianaz22/4d-image-xgb-3rd-paper/xgb_image_results/checkpoints,XGBoost_Image
Image,XGBoost_Image,,symmetric,0.3,2.0,12960.0,29.791666666666668,0.9281122802478552,0.9302469135802468,xgb_image_results_intermediate.csv,/kaggle/input/datasets/rabianaz22/4d-image-xgb-3rd-paper/xgb_image_results/checkpoints,XGBoost_Image
Image,XGBoost_Image,,symmetric,0.3,3.0,12960.0,29.28240740740741,0.9221621317665882,0.9262345679012346,xgb_image_results_intermediate.csv,/kaggle/input/datasets/rabianaz22/4d-image-xgb-3rd-paper/xgb_image_results/checkpoints,XGBoost_Image
Image,XGBoost_Image,,symmetric,0.3,4.0,12960.0,30.27777777777777,0.9152125464817832,0.9185185185185184,xgb_image_results_intermediate.csv,/kaggle/input/datasets/rabianaz22/4d-image-xgb-3rd-paper/xgb_image_results/checkpoints,XGBoost_Image
Image,XGBoost_Image,,symmetric,0.4,0.0,12960.0,39.513888888888886,0.9116538155752332,0.915432098765432,xgb_image_results_intermediate.csv,/kaggle/input/datasets/rabianaz22/4d-image-xgb-3rd-paper/xgb_image_results/checkpoints,XGBoost_Image
Image,XGBoost_Image,,symmetric,0.4,1.0,12960.0,40.08487654320987,0.9072770502175416,0.910493827160494,xgb_image_results_intermediate.csv,/kaggle/input/datasets/rabianaz22/4d-image-xgb-3rd-paper/xgb_image_results/checkpoints,XGBoost_Image
Image,XGBoost_Image,,symmetric,0.4,2.0,12960.0,39.41358024691358,0.9182188974237292,0.9212962962962964,xgb_image_results_intermediate.csv,/kaggle/input/datasets/rabianaz22/4d-image-xgb-3rd-paper/xgb_image_results/checkpoints,XGBoost_Image
Image,XGBoost_Image,,symmetric,0.4,3.0,12960.0,39.96141975308642,0.9040162750642956,0.9089506172839508,xgb_image_results_intermediate.csv,/kaggle/input/datasets/rabianaz22/4d-image-xgb-3rd-paper/xgb_image_results/checkpoints,XGBoost_Image
Image,XGBoost_Image,,symmetric,0.4,4.0,12960.0,40.223765432098766,0.9058339913389032,0.909567901234568,xgb_image_results_intermediate.csv,/kaggle/input/datasets/rabianaz22/4d-image-xgb-3rd-paper/xgb_image_results/checkpoints,XGBoost_Image
Image,XGBoost_Image,,asymmetric,0.0,0.0,12960.0,0.0,0.935658654021686,0.9382716049382716,xgb_image_results_intermediate.csv,/kaggle/input/datasets/rabianaz22/4d-image-xgb-3rd-paper/xgb_image_results/checkpoints,XGBoost_Image
Image,XGBoost_Image,,asymmetric,0.0,1.0,12960.0,0.0,0.9381876533583078,0.9407407407407408,xgb_image_results_intermediate.csv,/kaggle/input/datasets/rabianaz22/4d-image-xgb-3rd-paper/xgb_image_results/checkpoints,XGBoost_Image
Image,XGBoost_Image,,asymmetric,0.0,2.0,12960.0,0.0,0.9394035667132836,0.9410493827160494,xgb_image_results_intermediate.csv,/kaggle/input/datasets/rabianaz22/4d-image-xgb-3rd-paper/xgb_image_results/checkpoints,XGBoost_Image
Image,XGBoost_Image,,asymmetric,0.0,3.0,12960.0,0.0,0.9280885584118452,0.9314814814814816,xgb_image_results_intermediate.csv,/kaggle/input/datasets/rabianaz22/4d-image-xgb-3rd-paper/xgb_image_results/checkpoints,XGBoost_Image
Image,XGBoost_Image,,asymmetric,0.0,4.0,12960.0,0.0,0.9329371477785688,0.9354938271604938,xgb_image_results_intermediate.csv,/kaggle/input/datasets/rabianaz22/4d-image-xgb-3rd-paper/xgb_image_results/checkpoints,XGBoost_Image
Image,XGBoost_Image,,asymmetric,0.1,0.0,12960.0,10.339506172839506,0.931733263946522,0.9348765432098766,xgb_image_results_intermediate.csv,/kaggle/input/datasets/rabianaz22/4d-image-xgb-3rd-paper/xgb_image_results/checkpoints,XGBoost_Image
Image,XGBoost_Image,,asymmetric,0.1,1.0,12960.0,10.501543209876544,0.9284583082739332,0.9314814814814816,xgb_image_results_intermediate.csv,/kaggle/input/datasets/rabianaz22/4d-image-xgb-3rd-paper/xgb_image_results/checkpoints,XGBoost_Image
Image,XGBoost_Image,,asymmetric,0.1,2.0,12960.0,10.123456790123456,0.9316261110193388,0.934567901234568,xgb_image_results_intermediate.csv,/kaggle/input/datasets/rabianaz22/4d-image-xgb-3rd-paper/xgb_image_results/checkpoints,XGBoost_Image
Image,XGBoost_Image,,asymmetric,0.1,3.0,12960.0,9.62962962962963,0.921784611645943,0.9256172839506172,xgb_image_results_intermediate.csv,/kaggle/input/datasets/rabianaz22/4d-image-xgb-3rd-paper/xgb_image_results/checkpoints,XGBoost_Image
Image,XGBoost_Image,,asymmetric,0.1,4.0,12960.0,10.15432098765432,0.937504878180054,0.9395061728395062,xgb_image_results_intermediate.csv,/kaggle/input/datasets/rabianaz22/4d-image-xgb-3rd-paper/xgb_image_results/checkpoints,XGBoost_Image
Image,XGBoost_Image,,asymmetric,0.2,0.0,12960.0,20.66358024691358,0.9180865550842816,0.9209876543209876,xgb_image_results_intermediate.csv,/kaggle/input/datasets/rabianaz22/4d-image-xgb-3rd-paper/xgb_image_results/checkpoints,XGBoost_Image
Image,XGBoost_Image,,asymmetric,0.2,1.0,12960.0,20.2391975308642,0.9116878991034708,0.9151234567901234,xgb_image_results_intermediate.csv,/kaggle/input/datasets/rabianaz22/4d-image-xgb-3rd-paper/xgb_image_results/checkpoints,XGBoost_Image
Image,XGBoost_Image,,asymmetric,0.2,2.0,12960.0,19.405864197530864,0.9284503885279468,0.9308641975308642,xgb_image_results_intermediate.csv,/kaggle/input/datasets/rabianaz22/4d-image-xgb-3rd-paper/xgb_image_results/checkpoints,XGBoost_Image
Image,XGBoost_Image,,asymmetric,0.2,3.0,12960.0,19.945987654320987,0.9011595071060584,0.9052469135802468,xgb_image_results_intermediate.csv,/kaggle/input/datasets/rabianaz22/4d-image-xgb-3rd-paper/xgb_image_results/checkpoints,XGBoost_Image
Image,XGBoost_Image,,asymmetric,0.2,4.0,12960.0,19.33641975308642,0.9123571252525998,0.9157407407407409,xgb_image_results_intermediate.csv,/kaggle/input/datasets/rabianaz22/4d-image-xgb-3rd-paper/xgb_image_results/checkpoints,XGBoost_Image
Image,XGBoost_Image,,asymmetric,0.3,0.0,12960.0,30.10030864197531,0.8695173465947231,0.8716049382716049,xgb_image_results_intermediate.csv,/kaggle/input/datasets/rabianaz22/4d-image-xgb-3rd-paper/xgb_image_results/checkpoints,XGBoost_Image
Image,XGBoost_Image,,asymmetric,0.3,1.0,12960.0,29.390432098765437,0.8706672860305311,0.875,xgb_image_results_intermediate.csv,/kaggle/input/datasets/rabianaz22/4d-image-xgb-3rd-paper/xgb_image_results/checkpoints,XGBoost_Image
Image,XGBoost_Image,,asymmetric,0.3,2.0,12960.0,29.791666666666668,0.8751747234668483,0.8790123456790123,xgb_image_results_intermediate.csv,/kaggle/input/datasets/rabianaz22/4d-image-xgb-3rd-paper/xgb_image_results/checkpoints,XGBoost_Image
Image,XGBoost_Image,,asymmetric,0.3,3.0,12960.0,29.28240740740741,0.8620334454620473,0.8672839506172839,xgb_image_results_intermediate.csv,/kaggle/input/datasets/rabianaz22/4d-image-xgb-3rd-paper/xgb_image_results/checkpoints,XGBoost_Image
Image,XGBoost_Image,,asymmetric,0.3,4.0,12960.0,30.27777777777777,0.8507664630972812,0.8555555555555555,xgb_image_results_intermediate.csv,/kaggle/input/datasets/rabianaz22/4d-image-xgb-3rd-paper/xgb_image_results/checkpoints,XGBoost_Image
Image,XGBoost_Image,,asymmetric,0.4,0.0,12960.0,39.513888888888886,0.7378274057460339,0.7419753086419754,xgb_image_results_intermediate.csv,/kaggle/input/datasets/rabianaz22/4d-image-xgb-3rd-paper/xgb_image_results/checkpoints,XGBoost_Image
Image,XGBoost_Image,,asymmetric,0.4,1.0,12960.0,40.08487654320987,0.7099766567744444,0.7148148148148148,xgb_image_results_intermediate.csv,/kaggle/input/datasets/rabianaz22/4d-image-xgb-3rd-paper/xgb_image_results/checkpoints,XGBoost_Image
Image,XGBoost_Image,,asymmetric,0.4,2.0,12960.0,39.41358024691358,0.7397603807062669,0.7441358024691358,xgb_image_results_intermediate.csv,/kaggle/input/datasets/rabianaz22/4d-image-xgb-3rd-paper/xgb_image_results/checkpoints,XGBoost_Image
Image,XGBoost_Image,,asymmetric,0.4,3.0,12960.0,39.96141975308642,0.7047052281150441,0.7126543209876544,xgb_image_results_intermediate.csv,/kaggle/input/datasets/rabianaz22/4d-image-xgb-3rd-paper/xgb_image_results/checkpoints,XGBoost_Image
Image,XGBoost_Image,,asymmetric,0.4,4.0,12960.0,40.223765432098766,0.7100100876822241,0.7157407407407408,xgb_image_results_intermediate.csv,/kaggle/input/datasets/rabianaz22/4d-image-xgb-3rd-paper/xgb_image_results/checkpoints,XGBoost_Image
Image,XGBoost_Image,,symmetric,0.0,0.0,12960.0,0.0,0.935658654021686,0.9382716049382716,xgb_image_results_full.csv,/kaggle/input/datasets/rabianaz22/4d-image-xgb-3rd-paper/xgb_image_results,XGBoost_Image
Image,XGBoost_Image,,symmetric,0.0,1.0,12960.0,0.0,0.9381876533583078,0.9407407407407408,xgb_image_results_full.csv,/kaggle/input/datasets/rabianaz22/4d-image-xgb-3rd-paper/xgb_image_results,XGBoost_Image
Image,XGBoost_Image,,symmetric,0.0,2.0,12960.0,0.0,0.9394035667132836,0.9410493827160494,xgb_image_results_full.csv,/kaggle/input/datasets/rabianaz22/4d-image-xgb-3rd-paper/xgb_image_results,XGBoost_Image
Image,XGBoost_Image,,symmetric,0.0,3.0,12960.0,0.0,0.9280885584118452,0.9314814814814816,xgb_image_results_full.csv,/kaggle/input/datasets/rabianaz22/4d-image-xgb-3rd-paper/xgb_image_results,XGBoost_Image
Image,XGBoost_Image,,symmetric,0.0,4.0,12960.0,0.0,0.9329371477785688,0.9354938271604938,xgb_image_results_full.csv,/kaggle/input/datasets/rabianaz22/4d-image-xgb-3rd-paper/xgb_image_results,XGBoost_Image
Image,XGBoost_Image,,symmetric,0.1,0.0,12960.0,10.339506172839506,0.935482975333579,0.937962962962963,xgb_image_results_full.csv,/kaggle/input/datasets/rabianaz22/4d-image-xgb-3rd-paper/xgb_image_results,XGBoost_Image
Image,XGBoost_Image,,symmetric,0.1,1.0,12960.0,10.501543209876544,0.9343657330278144,0.937037037037037,xgb_image_results_full.csv,/kaggle/input/datasets/rabianaz22/4d-image-xgb-3rd-paper/xgb_image_results,XGBoost_Image
Image,XGBoost_Image,,symmetric,0.1,2.0,12960.0,10.123456790123456,0.9392334562742684,0.941358024691358,xgb_image_results_full.csv,/kaggle/input/datasets/rabianaz22/4d-image-xgb-3rd-paper/xgb_image_results,XGBoost_Image
Image,XGBoost_Image,,symmetric,0.1,3.0,12960.0,9.62962962962963,0.923697939144382,0.9274691358024691,xgb_image_results_full.csv,/kaggle/input/datasets/rabianaz22/4d-image-xgb-3rd-paper/xgb_image_results,XGBoost_Image
Image,XGBoost_Image,,symmetric,0.1,4.0,12960.0,10.15432098765432,0.9370021706039946,0.9388888888888888,xgb_image_results_full.csv,/kaggle/input/datasets/rabianaz22/4d-image-xgb-3rd-paper/xgb_image_results,XGBoost_Image
Image,XGBoost_Image,,symmetric,0.2,0.0,12960.0,20.66358024691358,0.9286147044283036,0.93179012345679,xgb_image_results_full.csv,/kaggle/input/datasets/rabianaz22/4d-image-xgb-3rd-paper/xgb_image_results,XGBoost_Image
Image,XGBoost_Image,,symmetric,0.2,1.0,12960.0,20.2391975308642,0.9348524054760006,0.9373456790123456,xgb_image_results_full.csv,/kaggle/input/datasets/rabianaz22/4d-image-xgb-3rd-paper/xgb_image_results,XGBoost_Image
Image,XGBoost_Image,,symmetric,0.2,2.0,12960.0,19.405864197530864,0.9341209612967968,0.9361111111111112,xgb_image_results_full.csv,/kaggle/input/datasets/rabianaz22/4d-image-xgb-3rd-paper/xgb_image_results,XGBoost_Image
Image,XGBoost_Image,,symmetric,0.2,3.0,12960.0,19.945987654320987,0.9145231715525356,0.9188271604938272,xgb_image_results_full.csv,/kaggle/input/datasets/rabianaz22/4d-image-xgb-3rd-paper/xgb_image_results,XGBoost_Image
Image,XGBoost_Image,,symmetric,0.2,4.0,12960.0,19.33641975308642,0.9266694611260956,0.9296296296296296,xgb_image_results_full.csv,/kaggle/input/datasets/rabianaz22/4d-image-xgb-3rd-paper/xgb_image_results,XGBoost_Image
Image,XGBoost_Image,,symmetric,0.3,0.0,12960.0,30.10030864197531,0.9255335195259944,0.928395061728395,xgb_image_results_full.csv,/kaggle/input/datasets/rabianaz22/4d-image-xgb-3rd-paper/xgb_image_results,XGBoost_Image
Image,XGBoost_Image,,symmetric,0.3,1.0,12960.0,29.390432098765437,0.9225299739037784,0.9256172839506172,xgb_image_results_full.csv,/kaggle/input/datasets/rabianaz22/4d-image-xgb-3rd-paper/xgb_image_results,XGBoost_Image
Image,XGBoost_Image,,symmetric,0.3,2.0,12960.0,29.791666666666668,0.9281122802478552,0.9302469135802468,xgb_image_results_full.csv,/kaggle/input/datasets/rabianaz22/4d-image-xgb-3rd-paper/xgb_image_results,XGBoost_Image
Image,XGBoost_Image,,symmetric,0.3,3.0,12960.0,29.28240740740741,0.9221621317665882,0.9262345679012346,xgb_image_results_full.csv,/kaggle/input/datasets/rabianaz22/4d-image-xgb-3rd-paper/xgb_image_results,XGBoost_Image
Image,XGBoost_Image,,symmetric,0.3,4.0,12960.0,30.27777777777777,0.9152125464817832,0.9185185185185184,xgb_image_results_full.csv,/kaggle/input/datasets/rabianaz22/4d-image-xgb-3rd-paper/xgb_image_results,XGBoost_Image
Image,XGBoost_Image,,symmetric,0.4,0.0,12960.0,39.513888888888886,0.9116538155752332,0.915432098765432,xgb_image_results_full.csv,/kaggle/input/datasets/rabianaz22/4d-image-xgb-3rd-paper/xgb_image_results,XGBoost_Image
Image,XGBoost_Image,,symmetric,0.4,1.0,12960.0,40.08487654320987,0.9072770502175416,0.910493827160494,xgb_image_results_full.csv,/kaggle/input/datasets/rabianaz22/4d-image-xgb-3rd-paper/xgb_image_results,XGBoost_Image
Image,XGBoost_Image,,symmetric,0.4,2.0,12960.0,39.41358024691358,0.9182188974237292,0.9212962962962964,xgb_image_results_full.csv,/kaggle/input/datasets/rabianaz22/4d-image-xgb-3rd-paper/xgb_image_results,XGBoost_Image
Image,XGBoost_Image,,symmetric,0.4,3.0,12960.0,39.96141975308642,0.9040162750642956,0.9089506172839508,xgb_image_results_full.csv,/kaggle/input/datasets/rabianaz22/4d-image-xgb-3rd-paper/xgb_image_results,XGBoost_Image
Image,XGBoost_Image,,symmetric,0.4,4.0,12960.0,40.223765432098766,0.9058339913389032,0.909567901234568,xgb_image_results_full.csv,/kaggle/input/datasets/rabianaz22/4d-image-xgb-3rd-paper/xgb_image_results,XGBoost_Image
Image,XGBoost_Image,,asymmetric,0.0,0.0,12960.0,0.0,0.935658654021686,0.9382716049382716,xgb_image_results_full.csv,/kaggle/input/datasets/rabianaz22/4d-image-xgb-3rd-paper/xgb_image_results,XGBoost_Image
Image,XGBoost_Image,,asymmetric,0.0,1.0,12960.0,0.0,0.9381876533583078,0.9407407407407408,xgb_image_results_full.csv,/kaggle/input/datasets/rabianaz22/4d-image-xgb-3rd-paper/xgb_image_results,XGBoost_Image
Image,XGBoost_Image,,asymmetric,0.0,2.0,12960.0,0.0,0.9394035667132836,0.9410493827160494,xgb_image_results_full.csv,/kaggle/input/datasets/rabianaz22/4d-image-xgb-3rd-paper/xgb_image_results,XGBoost_Image
Image,XGBoost_Image,,asymmetric,0.0,3.0,12960.0,0.0,0.9280885584118452,0.9314814814814816,xgb_image_results_full.csv,/kaggle/input/datasets/rabianaz22/4d-image-xgb-3rd-paper/xgb_image_results,XGBoost_Image
Image,XGBoost_Image,,asymmetric,0.0,4.0,12960.0,0.0,0.9329371477785688,0.9354938271604938,xgb_image_results_full.csv,/kaggle/input/datasets/rabianaz22/4d-image-xgb-3rd-paper/xgb_image_results,XGBoost_Image
Image,XGBoost_Image,,asymmetric,0.1,0.0,12960.0,10.339506172839506,0.931733263946522,0.9348765432098766,xgb_image_results_full.csv,/kaggle/input/datasets/rabianaz22/4d-image-xgb-3rd-paper/xgb_image_results,XGBoost_Image
Image,XGBoost_Image,,asymmetric,0.1,1.0,12960.0,10.501543209876544,0.9284583082739332,0.9314814814814816,xgb_image_results_full.csv,/kaggle/input/datasets/rabianaz22/4d-image-xgb-3rd-paper/xgb_image_results,XGBoost_Image
Image,XGBoost_Image,,asymmetric,0.1,2.0,12960.0,10.123456790123456,0.9316261110193388,0.934567901234568,xgb_image_results_full.csv,/kaggle/input/datasets/rabianaz22/4d-image-xgb-3rd-paper/xgb_image_results,XGBoost_Image
Image,XGBoost_Image,,asymmetric,0.1,3.0,12960.0,9.62962962962963,0.921784611645943,0.9256172839506172,xgb_image_results_full.csv,/kaggle/input/datasets/rabianaz22/4d-image-xgb-3rd-paper/xgb_image_results,XGBoost_Image
Image,XGBoost_Image,,asymmetric,0.1,4.0,12960.0,10.15432098765432,0.937504878180054,0.9395061728395062,xgb_image_results_full.csv,/kaggle/input/datasets/rabianaz22/4d-image-xgb-3rd-paper/xgb_image_results,XGBoost_Image
Image,XGBoost_Image,,asymmetric,0.2,0.0,12960.0,20.66358024691358,0.9180865550842816,0.9209876543209876,xgb_image_results_full.csv,/kaggle/input/datasets/rabianaz22/4d-image-xgb-3rd-paper/xgb_image_results,XGBoost_Image
Image,XGBoost_Image,,asymmetric,0.2,1.0,12960.0,20.2391975308642,0.9116878991034708,0.9151234567901234,xgb_image_results_full.csv,/kaggle/input/datasets/rabianaz22/4d-image-xgb-3rd-paper/xgb_image_results,XGBoost_Image
Image,XGBoost_Image,,asymmetric,0.2,2.0,12960.0,19.405864197530864,0.9284503885279468,0.9308641975308642,xgb_image_results_full.csv,/kaggle/input/datasets/rabianaz22/4d-image-xgb-3rd-paper/xgb_image_results,XGBoost_Image
Image,XGBoost_Image,,asymmetric,0.2,3.0,12960.0,19.945987654320987,0.9011595071060584,0.9052469135802468,xgb_image_results_full.csv,/kaggle/input/datasets/rabianaz22/4d-image-xgb-3rd-paper/xgb_image_results,XGBoost_Image
Image,XGBoost_Image,,asymmetric,0.2,4.0,12960.0,19.33641975308642,0.9123571252525998,0.9157407407407409,xgb_image_results_full.csv,/kaggle/input/datasets/rabianaz22/4d-image-xgb-3rd-paper/xgb_image_results,XGBoost_Image
Image,XGBoost_Image,,asymmetric,0.3,0.0,12960.0,30.10030864197531,0.8695173465947231,0.8716049382716049,xgb_image_results_full.csv,/kaggle/input/datasets/rabianaz22/4d-image-xgb-3rd-paper/xgb_image_results,XGBoost_Image
Image,XGBoost_Image,,asymmetric,0.3,1.0,12960.0,29.390432098765437,0.8706672860305311,0.875,xgb_image_results_full.csv,/kaggle/input/datasets/rabianaz22/4d-image-xgb-3rd-paper/xgb_image_results,XGBoost_Image
Image,XGBoost_Image,,asymmetric,0.3,2.0,12960.0,29.791666666666668,0.8751747234668483,0.8790123456790123,xgb_image_results_full.csv,/kaggle/input/datasets/rabianaz22/4d-image-xgb-3rd-paper/xgb_image_results,XGBoost_Image
Image,XGBoost_Image,,asymmetric,0.3,3.0,12960.0,29.28240740740741,0.8620334454620473,0.8672839506172839,xgb_image_results_full.csv,/kaggle/input/datasets/rabianaz22/4d-image-xgb-3rd-paper/xgb_image_results,XGBoost_Image
Image,XGBoost_Image,,asymmetric,0.3,4.0,12960.0,30.27777777777777,0.8507664630972812,0.8555555555555555,xgb_image_results_full.csv,/kaggle/input/datasets/rabianaz22/4d-image-xgb-3rd-paper/xgb_image_results,XGBoost_Image
Image,XGBoost_Image,,asymmetric,0.4,0.0,12960.0,39.513888888888886,0.7378274057460339,0.7419753086419754,xgb_image_results_full.csv,/kaggle/input/datasets/rabianaz22/4d-image-xgb-3rd-paper/xgb_image_results,XGBoost_Image
Image,XGBoost_Image,,asymmetric,0.4,1.0,12960.0,40.08487654320987,0.7099766567744444,0.7148148148148148,xgb_image_results_full.csv,/kaggle/input/datasets/rabianaz22/4d-image-xgb-3rd-paper/xgb_image_results,XGBoost_Image
Image,XGBoost_Image,,asymmetric,0.4,2.0,12960.0,39.41358024691358,0.7397603807062669,0.7441358024691358,xgb_image_results_full.csv,/kaggle/input/datasets/rabianaz22/4d-image-xgb-3rd-paper/xgb_image_results,XGBoost_Image
Image,XGBoost_Image,,asymmetric,0.4,3.0,12960.0,39.96141975308642,0.7047052281150441,0.7126543209876544,xgb_image_results_full.csv,/kaggle/input/datasets/rabianaz22/4d-image-xgb-3rd-paper/xgb_image_results,XGBoost_Image
Image,XGBoost_Image,,asymmetric,0.4,4.0,12960.0,40.223765432098766,0.7100100876822241,0.7157407407407408,xgb_image_results_full.csv,/kaggle/input/datasets/rabianaz22/4d-image-xgb-3rd-paper/xgb_image_results,XGBoost_Image
Image,XGBoost_Image,,,,,,,0.9391465391836028,0.9412962962962964,xgb_image_test_results.csv,/kaggle/input/datasets/rabianaz22/4d-image-xgb-3rd-paper/xgb_image_results,XGBoost_Image
Image,Voting_Image,,symmetric,0.0,0.0,12960.0,0.0,0.9342662348388652,0.937037037037037,voting_image_results_intermediate.csv,/kaggle/input/datasets/rabianaz22/4e-image-voting-3rd-paper/voting_image_results/checkpoints,Voting_Image
Image,Voting_Image,,symmetric,0.0,1.0,12960.0,0.0,0.9370250121796448,0.9395061728395062,voting_image_results_intermediate.csv,/kaggle/input/datasets/rabianaz22/4e-image-voting-3rd-paper/voting_image_results/checkpoints,Voting_Image
Image,Voting_Image,,symmetric,0.0,2.0,12960.0,0.0,0.9390544941037808,0.9407407407407408,voting_image_results_intermediate.csv,/kaggle/input/datasets/rabianaz22/4e-image-voting-3rd-paper/voting_image_results/checkpoints,Voting_Image
Image,Voting_Image,,symmetric,0.0,3.0,12960.0,0.0,0.9248767923898574,0.9287037037037036,voting_image_results_intermediate.csv,/kaggle/input/datasets/rabianaz22/4e-image-voting-3rd-paper/voting_image_results/checkpoints,Voting_Image
Image,Voting_Image,,symmetric,0.0,4.0,12960.0,0.0,0.9317304567341976,0.9342592592592592,voting_image_results_intermediate.csv,/kaggle/input/datasets/rabianaz22/4e-image-voting-3rd-paper/voting_image_results/checkpoints,Voting_Image
Image,Voting_Image,,symmetric,0.1,0.0,12960.0,10.339506172839506,0.9338437585687702,0.9367283950617284,voting_image_results_intermediate.csv,/kaggle/input/datasets/rabianaz22/4e-image-voting-3rd-paper/voting_image_results/checkpoints,Voting_Image
Image,Voting_Image,,symmetric,0.1,1.0,12960.0,10.501543209876544,0.9368734437908732,0.9395061728395062,voting_image_results_intermediate.csv,/kaggle/input/datasets/rabianaz22/4e-image-voting-3rd-paper/voting_image_results/checkpoints,Voting_Image
Image,Voting_Image,,symmetric,0.1,2.0,12960.0,10.123456790123456,0.936949026113935,0.9388888888888888,voting_image_results_intermediate.csv,/kaggle/input/datasets/rabianaz22/4e-image-voting-3rd-paper/voting_image_results/checkpoints,Voting_Image
Image,Voting_Image,,symmetric,0.1,3.0,12960.0,9.62962962962963,0.9235908796149632,0.9274691358024691,voting_image_results_intermediate.csv,/kaggle/input/datasets/rabianaz22/4e-image-voting-3rd-paper/voting_image_results/checkpoints,Voting_Image
Image,Voting_Image,,symmetric,0.1,4.0,12960.0,10.15432098765432,0.9329369853736847,0.9351851851851852,voting_image_results_intermediate.csv,/kaggle/input/datasets/rabianaz22/4e-image-voting-3rd-paper/voting_image_results/checkpoints,Voting_Image
Image,Voting_Image,,symmetric,0.2,0.0,12960.0,20.66358024691358,0.9292107634260772,0.9320987654320988,voting_image_results_intermediate.csv,/kaggle/input/datasets/rabianaz22/4e-image-voting-3rd-paper/voting_image_results/checkpoints,Voting_Image
Image,Voting_Image,,symmetric,0.2,1.0,12960.0,20.2391975308642,0.9308027103541034,0.933641975308642,voting_image_results_intermediate.csv,/kaggle/input/datasets/rabianaz22/4e-image-voting-3rd-paper/voting_image_results/checkpoints,Voting_Image
Image,Voting_Image,,symmetric,0.2,2.0,12960.0,19.405864197530864,0.9351304634102264,0.937037037037037,voting_image_results_intermediate.csv,/kaggle/input/datasets/rabianaz22/4e-image-voting-3rd-paper/voting_image_results/checkpoints,Voting_Image
Image,Voting_Image,,symmetric,0.2,3.0,12960.0,19.945987654320987,0.91926438901937,0.9234567901234568,voting_image_results_intermediate.csv,/kaggle/input/datasets/rabianaz22/4e-image-voting-3rd-paper/voting_image_results/checkpoints,Voting_Image
Image,Voting_Image,,symmetric,0.2,4.0,12960.0,19.33641975308642,0.9280665928350256,0.9305555555555556,voting_image_results_intermediate.csv,/kaggle/input/datasets/rabianaz22/4e-image-voting-3rd-paper/voting_image_results/checkpoints,Voting_Image
Image,Voting_Image,,symmetric,0.3,0.0,12960.0,30.10030864197531,0.9264060577220424,0.9290123456790124,voting_image_results_intermediate.csv,/kaggle/input/datasets/rabianaz22/4e-image-voting-3rd-paper/voting_image_results/checkpoints,Voting_Image
Image,Voting_Image,,symmetric,0.3,1.0,12960.0,29.390432098765437,0.9265532487858849,0.9296296296296296,voting_image_results_intermediate.csv,/kaggle/input/datasets/rabianaz22/4e-image-voting-3rd-paper/voting_image_results/checkpoints,Voting_Image
Image,Voting_Image,,symmetric,0.3,2.0,12960.0,29.791666666666668,0.9337985343694868,0.9358024691358025,voting_image_results_intermediate.csv,/kaggle/input/datasets/rabianaz22/4e-image-voting-3rd-paper/voting_image_results/checkpoints,Voting_Image
Image,Voting_Image,,symmetric,0.3,3.0,12960.0,29.28240740740741,0.9205581741406214,0.9246913580246914,voting_image_results_intermediate.csv,/kaggle/input/datasets/rabianaz22/4e-image-voting-3rd-paper/voting_image_results/checkpoints,Voting_Image
Image,Voting_Image,,symmetric,0.3,4.0,12960.0,30.27777777777777,0.9185016346325876,0.921604938271605,voting_image_results_intermediate.csv,/kaggle/input/datasets/rabianaz22/4e-image-voting-3rd-paper/voting_image_results/checkpoints,Voting_Image
Image,Voting_Image,,symmetric,0.4,0.0,12960.0,39.513888888888886,0.9169414172376508,0.9206790123456792,voting_image_results_intermediate.csv,/kaggle/input/datasets/rabianaz22/4e-image-voting-3rd-paper/voting_image_results/checkpoints,Voting_Image
Image,Voting_Image,,symmetric,0.4,1.0,12960.0,40.08487654320987,0.9216537862056892,0.9243827160493828,voting_image_results_intermediate.csv,/kaggle/input/datasets/rabianaz22/4e-image-voting-3rd-paper/voting_image_results/checkpoints,Voting_Image
Image,Voting_Image,,symmetric,0.4,2.0,12960.0,39.41358024691358,0.9279017515735573,0.9302469135802468,voting_image_results_intermediate.csv,/kaggle/input/datasets/rabianaz22/4e-image-voting-3rd-paper/voting_image_results/checkpoints,Voting_Image
Image,Voting_Image,,symmetric,0.4,3.0,12960.0,39.96141975308642,0.9125243586878932,0.9169753086419752,voting_image_results_intermediate.csv,/kaggle/input/datasets/rabianaz22/4e-image-voting-3rd-paper/voting_image_results/checkpoints,Voting_Image
Image,Voting_Image,,symmetric,0.4,4.0,12960.0,40.223765432098766,0.9167659698313472,0.9197530864197532,voting_image_results_intermediate.csv,/kaggle/input/datasets/rabianaz22/4e-image-voting-3rd-paper/voting_image_results/checkpoints,Voting_Image
Image,Voting_Image,,asymmetric,0.0,0.0,12960.0,0.0,0.9342662348388652,0.937037037037037,voting_image_results_intermediate.csv,/kaggle/input/datasets/rabianaz22/4e-image-voting-3rd-paper/voting_image_results/checkpoints,Voting_Image
Image,Voting_Image,,asymmetric,0.0,1.0,12960.0,0.0,0.9370250121796448,0.9395061728395062,voting_image_results_intermediate.csv,/kaggle/input/datasets/rabianaz22/4e-image-voting-3rd-paper/voting_image_results/checkpoints,Voting_Image
Image,Voting_Image,,asymmetric,0.0,2.0,12960.0,0.0,0.9390544941037808,0.9407407407407408,voting_image_results_intermediate.csv,/kaggle/input/datasets/rabianaz22/4e-image-voting-3rd-paper/voting_image_results/checkpoints,Voting_Image
Image,Voting_Image,,asymmetric,0.0,3.0,12960.0,0.0,0.9248767923898574,0.9287037037037036,voting_image_results_intermediate.csv,/kaggle/input/datasets/rabianaz22/4e-image-voting-3rd-paper/voting_image_results/checkpoints,Voting_Image
Image,Voting_Image,,asymmetric,0.0,4.0,12960.0,0.0,0.9317304567341976,0.9342592592592592,voting_image_results_intermediate.csv,/kaggle/input/datasets/rabianaz22/4e-image-voting-3rd-paper/voting_image_results/checkpoints,Voting_Image
Image,Voting_Image,,asymmetric,0.1,0.0,12960.0,10.339506172839506,0.9312499625176496,0.934567901234568,voting_image_results_intermediate.csv,/kaggle/input/datasets/rabianaz22/4e-image-voting-3rd-paper/voting_image_results/checkpoints,Voting_Image
Image,Voting_Image,,asymmetric,0.1,1.0,12960.0,10.501543209876544,0.9293784327578372,0.9324074074074076,voting_image_results_intermediate.csv,/kaggle/input/datasets/rabianaz22/4e-image-voting-3rd-paper/voting_image_results/checkpoints,Voting_Image
Image,Voting_Image,,asymmetric,0.1,2.0,12960.0,10.123456790123456,0.9315555095481776,0.9342592592592592,voting_image_results_intermediate.csv,/kaggle/input/datasets/rabianaz22/4e-image-voting-3rd-paper/voting_image_results/checkpoints,Voting_Image
Image,Voting_Image,,asymmetric,0.1,3.0,12960.0,9.62962962962963,0.9195307228166552,0.9234567901234568,voting_image_results_intermediate.csv,/kaggle/input/datasets/rabianaz22/4e-image-voting-3rd-paper/voting_image_results/checkpoints,Voting_Image
Image,Voting_Image,,asymmetric,0.1,4.0,12960.0,10.15432098765432,0.93417421711287,0.9361111111111112,voting_image_results_intermediate.csv,/kaggle/input/datasets/rabianaz22/4e-image-voting-3rd-paper/voting_image_results/checkpoints,Voting_Image
Image,Voting_Image,,asymmetric,0.2,0.0,12960.0,20.66358024691358,0.9219611805636015,0.925,voting_image_results_intermediate.csv,/kaggle/input/datasets/rabianaz22/4e-image-voting-3rd-paper/voting_image_results/checkpoints,Voting_Image
Image,Voting_Image,,asymmetric,0.2,1.0,12960.0,20.2391975308642,0.9145934676593026,0.9182098765432098,voting_image_results_intermediate.csv,/kaggle/input/datasets/rabianaz22/4e-image-voting-3rd-paper/voting_image_results/checkpoints,Voting_Image
Image,Voting_Image,,asymmetric,0.2,2.0,12960.0,19.405864197530864,0.9332250045468268,0.9351851851851852,voting_image_results_intermediate.csv,/kaggle/input/datasets/rabianaz22/4e-image-voting-3rd-paper/voting_image_results/checkpoints,Voting_Image
Image,Voting_Image,,asymmetric,0.2,3.0,12960.0,19.945987654320987,0.9056590421487402,0.9098765432098764,voting_image_results_intermediate.csv,/kaggle/input/datasets/rabianaz22/4e-image-voting-3rd-paper/voting_image_results/checkpoints,Voting_Image
Image,Voting_Image,,asymmetric,0.2,4.0,12960.0,19.33641975308642,0.9184094117916536,0.9212962962962964,voting_image_results_intermediate.csv,/kaggle/input/datasets/rabianaz22/4e-image-voting-3rd-paper/voting_image_results/checkpoints,Voting_Image
Image,Voting_Image,,asymmetric,0.3,0.0,12960.0,30.10030864197531,0.8891008925999925,0.8916666666666667,voting_image_results_intermediate.csv,/kaggle/input/datasets/rabianaz22/4e-image-voting-3rd-paper/voting_image_results/checkpoints,Voting_Image
Image,Voting_Image,,asymmetric,0.3,1.0,12960.0,29.390432098765437,0.887695284860253,0.8922839506172839,voting_image_results_intermediate.csv,/kaggle/input/datasets/rabianaz22/4e-image-voting-3rd-paper/voting_image_results/checkpoints,Voting_Image
Image,Voting_Image,,asymmetric,0.3,2.0,12960.0,29.791666666666668,0.8949358956689627,0.8987654320987655,voting_image_results_intermediate.csv,/kaggle/input/datasets/rabianaz22/4e-image-voting-3rd-paper/voting_image_results/checkpoints,Voting_Image
Image,Voting_Image,,asymmetric,0.3,3.0,12960.0,29.28240740740741,0.8837450186016053,0.8891975308641975,voting_image_results_intermediate.csv,/kaggle/input/datasets/rabianaz22/4e-image-voting-3rd-paper/voting_image_results/checkpoints,Voting_Image
Image,Voting_Image,,asymmetric,0.3,4.0,12960.0,30.27777777777777,0.8782083889464033,0.8827160493827161,voting_image_results_intermediate.csv,/kaggle/input/datasets/rabianaz22/4e-image-voting-3rd-paper/voting_image_results/checkpoints,Voting_Image
Image,Voting_Image,,asymmetric,0.4,0.0,12960.0,39.513888888888886,0.7857113840158186,0.7916666666666666,voting_image_results_intermediate.csv,/kaggle/input/datasets/rabianaz22/4e-image-voting-3rd-paper/voting_image_results/checkpoints,Voting_Image
Image,Voting_Image,,asymmetric,0.4,1.0,12960.0,40.08487654320987,0.7549925045885776,0.7611111111111111,voting_image_results_intermediate.csv,/kaggle/input/datasets/rabianaz22/4e-image-voting-3rd-paper/voting_image_results/checkpoints,Voting_Image
Image,Voting_Image,,asymmetric,0.4,2.0,12960.0,39.41358024691358,0.7910468037712082,0.7969135802469136,voting_image_results_intermediate.csv,/kaggle/input/datasets/rabianaz22/4e-image-voting-3rd-paper/voting_image_results/checkpoints,Voting_Image
Image,Voting_Image,,asymmetric,0.4,3.0,12960.0,39.96141975308642,0.7483793556109027,0.7570987654320988,voting_image_results_intermediate.csv,/kaggle/input/datasets/rabianaz22/4e-image-voting-3rd-paper/voting_image_results/checkpoints,Voting_Image
Image,Voting_Image,,asymmetric,0.4,4.0,12960.0,40.223765432098766,0.7646194748784086,0.7712962962962963,voting_image_results_intermediate.csv,/kaggle/input/datasets/rabianaz22/4e-image-voting-3rd-paper/voting_image_results/checkpoints,Voting_Image
Image,Voting_Image,,symmetric,0.0,0.0,12960.0,0.0,0.9342662348388652,0.937037037037037,voting_image_results_full.csv,/kaggle/input/datasets/rabianaz22/4e-image-voting-3rd-paper/voting_image_results,Voting_Image
Image,Voting_Image,,symmetric,0.0,1.0,12960.0,0.0,0.9370250121796448,0.9395061728395062,voting_image_results_full.csv,/kaggle/input/datasets/rabianaz22/4e-image-voting-3rd-paper/voting_image_results,Voting_Image
Image,Voting_Image,,symmetric,0.0,2.0,12960.0,0.0,0.9390544941037808,0.9407407407407408,voting_image_results_full.csv,/kaggle/input/datasets/rabianaz22/4e-image-voting-3rd-paper/voting_image_results,Voting_Image
Image,Voting_Image,,symmetric,0.0,3.0,12960.0,0.0,0.9248767923898574,0.9287037037037036,voting_image_results_full.csv,/kaggle/input/datasets/rabianaz22/4e-image-voting-3rd-paper/voting_image_results,Voting_Image
Image,Voting_Image,,symmetric,0.0,4.0,12960.0,0.0,0.9317304567341976,0.9342592592592592,voting_image_results_full.csv,/kaggle/input/datasets/rabianaz22/4e-image-voting-3rd-paper/voting_image_results,Voting_Image
Image,Voting_Image,,symmetric,0.1,0.0,12960.0,10.339506172839506,0.9338437585687702,0.9367283950617284,voting_image_results_full.csv,/kaggle/input/datasets/rabianaz22/4e-image-voting-3rd-paper/voting_image_results,Voting_Image
Image,Voting_Image,,symmetric,0.1,1.0,12960.0,10.501543209876544,0.9368734437908732,0.9395061728395062,voting_image_results_full.csv,/kaggle/input/datasets/rabianaz22/4e-image-voting-3rd-paper/voting_image_results,Voting_Image
Image,Voting_Image,,symmetric,0.1,2.0,12960.0,10.123456790123456,0.936949026113935,0.9388888888888888,voting_image_results_full.csv,/kaggle/input/datasets/rabianaz22/4e-image-voting-3rd-paper/voting_image_results,Voting_Image
Image,Voting_Image,,symmetric,0.1,3.0,12960.0,9.62962962962963,0.9235908796149632,0.9274691358024691,voting_image_results_full.csv,/kaggle/input/datasets/rabianaz22/4e-image-voting-3rd-paper/voting_image_results,Voting_Image
Image,Voting_Image,,symmetric,0.1,4.0,12960.0,10.15432098765432,0.9329369853736847,0.9351851851851852,voting_image_results_full.csv,/kaggle/input/datasets/rabianaz22/4e-image-voting-3rd-paper/voting_image_results,Voting_Image
Image,Voting_Image,,symmetric,0.2,0.0,12960.0,20.66358024691358,0.9292107634260772,0.9320987654320988,voting_image_results_full.csv,/kaggle/input/datasets/rabianaz22/4e-image-voting-3rd-paper/voting_image_results,Voting_Image
Image,Voting_Image,,symmetric,0.2,1.0,12960.0,20.2391975308642,0.9308027103541034,0.933641975308642,voting_image_results_full.csv,/kaggle/input/datasets/rabianaz22/4e-image-voting-3rd-paper/voting_image_results,Voting_Image
Image,Voting_Image,,symmetric,0.2,2.0,12960.0,19.405864197530864,0.9351304634102264,0.937037037037037,voting_image_results_full.csv,/kaggle/input/datasets/rabianaz22/4e-image-voting-3rd-paper/voting_image_results,Voting_Image
Image,Voting_Image,,symmetric,0.2,3.0,12960.0,19.945987654320987,0.91926438901937,0.9234567901234568,voting_image_results_full.csv,/kaggle/input/datasets/rabianaz22/4e-image-voting-3rd-paper/voting_image_results,Voting_Image
Image,Voting_Image,,symmetric,0.2,4.0,12960.0,19.33641975308642,0.9280665928350256,0.9305555555555556,voting_image_results_full.csv,/kaggle/input/datasets/rabianaz22/4e-image-voting-3rd-paper/voting_image_results,Voting_Image
Image,Voting_Image,,symmetric,0.3,0.0,12960.0,30.10030864197531,0.9264060577220424,0.9290123456790124,voting_image_results_full.csv,/kaggle/input/datasets/rabianaz22/4e-image-voting-3rd-paper/voting_image_results,Voting_Image
Image,Voting_Image,,symmetric,0.3,1.0,12960.0,29.390432098765437,0.9265532487858849,0.9296296296296296,voting_image_results_full.csv,/kaggle/input/datasets/rabianaz22/4e-image-voting-3rd-paper/voting_image_results,Voting_Image
Image,Voting_Image,,symmetric,0.3,2.0,12960.0,29.791666666666668,0.9337985343694868,0.9358024691358025,voting_image_results_full.csv,/kaggle/input/datasets/rabianaz22/4e-image-voting-3rd-paper/voting_image_results,Voting_Image
Image,Voting_Image,,symmetric,0.3,3.0,12960.0,29.28240740740741,0.9205581741406214,0.9246913580246914,voting_image_results_full.csv,/kaggle/input/datasets/rabianaz22/4e-image-voting-3rd-paper/voting_image_results,Voting_Image
Image,Voting_Image,,symmetric,0.3,4.0,12960.0,30.27777777777777,0.9185016346325876,0.921604938271605,voting_image_results_full.csv,/kaggle/input/datasets/rabianaz22/4e-image-voting-3rd-paper/voting_image_results,Voting_Image
Image,Voting_Image,,symmetric,0.4,0.0,12960.0,39.513888888888886,0.9169414172376508,0.9206790123456792,voting_image_results_full.csv,/kaggle/input/datasets/rabianaz22/4e-image-voting-3rd-paper/voting_image_results,Voting_Image
Image,Voting_Image,,symmetric,0.4,1.0,12960.0,40.08487654320987,0.9216537862056892,0.9243827160493828,voting_image_results_full.csv,/kaggle/input/datasets/rabianaz22/4e-image-voting-3rd-paper/voting_image_results,Voting_Image
Image,Voting_Image,,symmetric,0.4,2.0,12960.0,39.41358024691358,0.9279017515735573,0.9302469135802468,voting_image_results_full.csv,/kaggle/input/datasets/rabianaz22/4e-image-voting-3rd-paper/voting_image_results,Voting_Image
Image,Voting_Image,,symmetric,0.4,3.0,12960.0,39.96141975308642,0.9125243586878932,0.9169753086419752,voting_image_results_full.csv,/kaggle/input/datasets/rabianaz22/4e-image-voting-3rd-paper/voting_image_results,Voting_Image
Image,Voting_Image,,symmetric,0.4,4.0,12960.0,40.223765432098766,0.9167659698313472,0.9197530864197532,voting_image_results_full.csv,/kaggle/input/datasets/rabianaz22/4e-image-voting-3rd-paper/voting_image_results,Voting_Image
Image,Voting_Image,,asymmetric,0.0,0.0,12960.0,0.0,0.9342662348388652,0.937037037037037,voting_image_results_full.csv,/kaggle/input/datasets/rabianaz22/4e-image-voting-3rd-paper/voting_image_results,Voting_Image
Image,Voting_Image,,asymmetric,0.0,1.0,12960.0,0.0,0.9370250121796448,0.9395061728395062,voting_image_results_full.csv,/kaggle/input/datasets/rabianaz22/4e-image-voting-3rd-paper/voting_image_results,Voting_Image
Image,Voting_Image,,asymmetric,0.0,2.0,12960.0,0.0,0.9390544941037808,0.9407407407407408,voting_image_results_full.csv,/kaggle/input/datasets/rabianaz22/4e-image-voting-3rd-paper/voting_image_results,Voting_Image
Image,Voting_Image,,asymmetric,0.0,3.0,12960.0,0.0,0.9248767923898574,0.9287037037037036,voting_image_results_full.csv,/kaggle/input/datasets/rabianaz22/4e-image-voting-3rd-paper/voting_image_results,Voting_Image
Image,Voting_Image,,asymmetric,0.0,4.0,12960.0,0.0,0.9317304567341976,0.9342592592592592,voting_image_results_full.csv,/kaggle/input/datasets/rabianaz22/4e-image-voting-3rd-paper/voting_image_results,Voting_Image
Image,Voting_Image,,asymmetric,0.1,0.0,12960.0,10.339506172839506,0.9312499625176496,0.934567901234568,voting_image_results_full.csv,/kaggle/input/datasets/rabianaz22/4e-image-voting-3rd-paper/voting_image_results,Voting_Image
Image,Voting_Image,,asymmetric,0.1,1.0,12960.0,10.501543209876544,0.9293784327578372,0.9324074074074076,voting_image_results_full.csv,/kaggle/input/datasets/rabianaz22/4e-image-voting-3rd-paper/voting_image_results,Voting_Image
Image,Voting_Image,,asymmetric,0.1,2.0,12960.0,10.123456790123456,0.9315555095481776,0.9342592592592592,voting_image_results_full.csv,/kaggle/input/datasets/rabianaz22/4e-image-voting-3rd-paper/voting_image_results,Voting_Image
Image,Voting_Image,,asymmetric,0.1,3.0,12960.0,9.62962962962963,0.9195307228166552,0.9234567901234568,voting_image_results_full.csv,/kaggle/input/datasets/rabianaz22/4e-image-voting-3rd-paper/voting_image_results,Voting_Image
Image,Voting_Image,,asymmetric,0.1,4.0,12960.0,10.15432098765432,0.93417421711287,0.9361111111111112,voting_image_results_full.csv,/kaggle/input/datasets/rabianaz22/4e-image-voting-3rd-paper/voting_image_results,Voting_Image
Image,Voting_Image,,asymmetric,0.2,0.0,12960.0,20.66358024691358,0.9219611805636015,0.925,voting_image_results_full.csv,/kaggle/input/datasets/rabianaz22/4e-image-voting-3rd-paper/voting_image_results,Voting_Image
Image,Voting_Image,,asymmetric,0.2,1.0,12960.0,20.2391975308642,0.9145934676593026,0.9182098765432098,voting_image_results_full.csv,/kaggle/input/datasets/rabianaz22/4e-image-voting-3rd-paper/voting_image_results,Voting_Image
Image,Voting_Image,,asymmetric,0.2,2.0,12960.0,19.405864197530864,0.9332250045468268,0.9351851851851852,voting_image_results_full.csv,/kaggle/input/datasets/rabianaz22/4e-image-voting-3rd-paper/voting_image_results,Voting_Image
Image,Voting_Image,,asymmetric,0.2,3.0,12960.0,19.945987654320987,0.9056590421487402,0.9098765432098764,voting_image_results_full.csv,/kaggle/input/datasets/rabianaz22/4e-image-voting-3rd-paper/voting_image_results,Voting_Image
Image,Voting_Image,,asymmetric,0.2,4.0,12960.0,19.33641975308642,0.9184094117916536,0.9212962962962964,voting_image_results_full.csv,/kaggle/input/datasets/rabianaz22/4e-image-voting-3rd-paper/voting_image_results,Voting_Image
Image,Voting_Image,,asymmetric,0.3,0.0,12960.0,30.10030864197531,0.8891008925999925,0.8916666666666667,voting_image_results_full.csv,/kaggle/input/datasets/rabianaz22/4e-image-voting-3rd-paper/voting_image_results,Voting_Image
Image,Voting_Image,,asymmetric,0.3,1.0,12960.0,29.390432098765437,0.887695284860253,0.8922839506172839,voting_image_results_full.csv,/kaggle/input/datasets/rabianaz22/4e-image-voting-3rd-paper/voting_image_results,Voting_Image
Image,Voting_Image,,asymmetric,0.3,2.0,12960.0,29.791666666666668,0.8949358956689627,0.8987654320987655,voting_image_results_full.csv,/kaggle/input/datasets/rabianaz22/4e-image-voting-3rd-paper/voting_image_results,Voting_Image
Image,Voting_Image,,asymmetric,0.3,3.0,12960.0,29.28240740740741,0.8837450186016053,0.8891975308641975,voting_image_results_full.csv,/kaggle/input/datasets/rabianaz22/4e-image-voting-3rd-paper/voting_image_results,Voting_Image
Image,Voting_Image,,asymmetric,0.3,4.0,12960.0,30.27777777777777,0.8782083889464033,0.8827160493827161,voting_image_results_full.csv,/kaggle/input/datasets/rabianaz22/4e-image-voting-3rd-paper/voting_image_results,Voting_Image
Image,Voting_Image,,asymmetric,0.4,0.0,12960.0,39.513888888888886,0.7857113840158186,0.7916666666666666,voting_image_results_full.csv,/kaggle/input/datasets/rabianaz22/4e-image-voting-3rd-paper/voting_image_results,Voting_Image
Image,Voting_Image,,asymmetric,0.4,1.0,12960.0,40.08487654320987,0.7549925045885776,0.7611111111111111,voting_image_results_full.csv,/kaggle/input/datasets/rabianaz22/4e-image-voting-3rd-paper/voting_image_results,Voting_Image
Image,Voting_Image,,asymmetric,0.4,2.0,12960.0,39.41358024691358,0.7910468037712082,0.7969135802469136,voting_image_results_full.csv,/kaggle/input/datasets/rabianaz22/4e-image-voting-3rd-paper/voting_image_results,Voting_Image
Image,Voting_Image,,asymmetric,0.4,3.0,12960.0,39.96141975308642,0.7483793556109027,0.7570987654320988,voting_image_results_full.csv,/kaggle/input/datasets/rabianaz22/4e-image-voting-3rd-paper/voting_image_results,Voting_Image
Image,Voting_Image,,asymmetric,0.4,4.0,12960.0,40.223765432098766,0.7646194748784086,0.7712962962962963,voting_image_results_full.csv,/kaggle/input/datasets/rabianaz22/4e-image-voting-3rd-paper/voting_image_results,Voting_Image
Image,Voting_Image,,,,,,,0.9365539922246996,0.9388888888888888,voting_image_test_results.csv,/kaggle/input/datasets/rabianaz22/4e-image-voting-3rd-paper/voting_image_results,Voting_Image
UNKNOWN,Stacking_Image,,symmetric,0.0,0.0,12960.0,0.0,0.9340640027723058,0.9367283950617284,stacking_symmetric_results_intermediate.csv,/kaggle/input/datasets/rabianaz22/4f-parta-image-stacking-symmetric-3rd-paper/stacking_symmetric_results/checkpoints,Stacking_Image
UNKNOWN,Stacking_Image,,symmetric,0.0,1.0,12960.0,0.0,0.9372081352266544,0.9398148148148148,stacking_symmetric_results_intermediate.csv,/kaggle/input/datasets/rabianaz22/4f-parta-image-stacking-symmetric-3rd-paper/stacking_symmetric_results/checkpoints,Stacking_Image
UNKNOWN,Stacking_Image,,symmetric,0.0,2.0,12960.0,0.0,0.9407810616235692,0.9425925925925924,stacking_symmetric_results_intermediate.csv,/kaggle/input/datasets/rabianaz22/4f-parta-image-stacking-symmetric-3rd-paper/stacking_symmetric_results/checkpoints,Stacking_Image
UNKNOWN,Stacking_Image,,symmetric,0.0,3.0,12960.0,0.0,0.9279165872985148,0.9314814814814816,stacking_symmetric_results_intermediate.csv,/kaggle/input/datasets/rabianaz22/4f-parta-image-stacking-symmetric-3rd-paper/stacking_symmetric_results/checkpoints,Stacking_Image
UNKNOWN,Stacking_Image,,symmetric,0.0,4.0,12960.0,0.0,0.9362103693084224,0.9382716049382716,stacking_symmetric_results_intermediate.csv,/kaggle/input/datasets/rabianaz22/4f-parta-image-stacking-symmetric-3rd-paper/stacking_symmetric_results/checkpoints,Stacking_Image
UNKNOWN,Stacking_Image,,symmetric,0.1,0.0,12960.0,10.339506172839506,0.9409622502982632,0.9435185185185184,stacking_symmetric_results_intermediate.csv,/kaggle/input/datasets/rabianaz22/4f-parta-image-stacking-symmetric-3rd-paper/stacking_symmetric_results/checkpoints,Stacking_Image
UNKNOWN,Stacking_Image,,symmetric,0.1,1.0,12960.0,10.501543209876544,0.9350453213656597,0.9376543209876544,stacking_symmetric_results_intermediate.csv,/kaggle/input/datasets/rabianaz22/4f-parta-image-stacking-symmetric-3rd-paper/stacking_symmetric_results/checkpoints,Stacking_Image
UNKNOWN,Stacking_Image,,symmetric,0.1,2.0,12960.0,10.123456790123456,0.9449143671377452,0.946604938271605,stacking_symmetric_results_intermediate.csv,/kaggle/input/datasets/rabianaz22/4f-parta-image-stacking-symmetric-3rd-paper/stacking_symmetric_results/checkpoints,Stacking_Image
UNKNOWN,Stacking_Image,,symmetric,0.1,3.0,12960.0,9.62962962962963,0.9263469642734968,0.9299382716049382,stacking_symmetric_results_intermediate.csv,/kaggle/input/datasets/rabianaz22/4f-parta-image-stacking-symmetric-3rd-paper/stacking_symmetric_results/checkpoints,Stacking_Image
UNKNOWN,Stacking_Image,,symmetric,0.1,4.0,12960.0,10.15432098765432,0.9335133290403326,0.9358024691358025,stacking_symmetric_results_intermediate.csv,/kaggle/input/datasets/rabianaz22/4f-parta-image-stacking-symmetric-3rd-paper/stacking_symmetric_results/checkpoints,Stacking_Image
UNKNOWN,Stacking_Image,,symmetric,0.2,0.0,12960.0,20.66358024691358,0.927178885705178,0.9299382716049382,stacking_symmetric_results_intermediate.csv,/kaggle/input/datasets/rabianaz22/4f-parta-image-stacking-symmetric-3rd-paper/stacking_symmetric_results/checkpoints,Stacking_Image
UNKNOWN,Stacking_Image,,symmetric,0.2,1.0,12960.0,20.2391975308642,0.9314954716599948,0.9342592592592592,stacking_symmetric_results_intermediate.csv,/kaggle/input/datasets/rabianaz22/4f-parta-image-stacking-symmetric-3rd-paper/stacking_symmetric_results/checkpoints,Stacking_Image
UNKNOWN,Stacking_Image,,symmetric,0.2,2.0,12960.0,19.405864197530864,0.935612626493016,0.9376543209876544,stacking_symmetric_results_intermediate.csv,/kaggle/input/datasets/rabianaz22/4f-parta-image-stacking-symmetric-3rd-paper/stacking_symmetric_results/checkpoints,Stacking_Image
UNKNOWN,Stacking_Image,,symmetric,0.2,3.0,12960.0,19.945987654320987,0.92255278846129,0.925925925925926,stacking_symmetric_results_intermediate.csv,/kaggle/input/datasets/rabianaz22/4f-parta-image-stacking-symmetric-3rd-paper/stacking_symmetric_results/checkpoints,Stacking_Image
UNKNOWN,Stacking_Image,,symmetric,0.2,4.0,12960.0,19.33641975308642,0.9273719421927468,0.9299382716049382,stacking_symmetric_results_intermediate.csv,/kaggle/input/datasets/rabianaz22/4f-parta-image-stacking-symmetric-3rd-paper/stacking_symmetric_results/checkpoints,Stacking_Image
UNKNOWN,Stacking_Image,,symmetric,0.3,0.0,12960.0,30.10030864197531,0.9239109029234074,0.9265432098765432,stacking_symmetric_results_intermediate.csv,/kaggle/input/datasets/rabianaz22/4f-parta-image-stacking-symmetric-3rd-paper/stacking_symmetric_results/checkpoints,Stacking_Image
UNKNOWN,Stacking_Image,,symmetric,0.3,1.0,12960.0,29.390432098765437,0.9180162363289336,0.9212962962962964,stacking_symmetric_results_intermediate.csv,/kaggle/input/datasets/rabianaz22/4f-parta-image-stacking-symmetric-3rd-paper/stacking_symmetric_results/checkpoints,Stacking_Image
UNKNOWN,Stacking_Image,,symmetric,0.3,2.0,12960.0,29.791666666666668,0.9289276339992488,0.9311728395061728,stacking_symmetric_results_intermediate.csv,/kaggle/input/datasets/rabianaz22/4f-parta-image-stacking-symmetric-3rd-paper/stacking_symmetric_results/checkpoints,Stacking_Image
UNKNOWN,Stacking_Image,,symmetric,0.3,3.0,12960.0,29.28240740740741,0.9136777544829988,0.9175925925925926,stacking_symmetric_results_intermediate.csv,/kaggle/input/datasets/rabianaz22/4f-parta-image-stacking-symmetric-3rd-paper/stacking_symmetric_results/checkpoints,Stacking_Image
UNKNOWN,Stacking_Image,,symmetric,0.3,4.0,12960.0,30.27777777777777,0.9232038685622138,0.925925925925926,stacking_symmetric_results_intermediate.csv,/kaggle/input/datasets/rabianaz22/4f-parta-image-stacking-symmetric-3rd-paper/stacking_symmetric_results/checkpoints,Stacking_Image
UNKNOWN,Stacking_Image,,symmetric,0.4,0.0,12960.0,39.513888888888886,0.9150486668396228,0.9185185185185184,stacking_symmetric_results_intermediate.csv,/kaggle/input/datasets/rabianaz22/4f-parta-image-stacking-symmetric-3rd-paper/stacking_symmetric_results/checkpoints,Stacking_Image
UNKNOWN,Stacking_Image,,symmetric,0.4,1.0,12960.0,40.08487654320987,0.9116193972652368,0.9151234567901234,stacking_symmetric_results_intermediate.csv,/kaggle/input/datasets/rabianaz22/4f-parta-image-stacking-symmetric-3rd-paper/stacking_symmetric_results/checkpoints,Stacking_Image
UNKNOWN,Stacking_Image,,symmetric,0.4,2.0,12960.0,39.41358024691358,0.9166229724814654,0.9197530864197532,stacking_symmetric_results_intermediate.csv,/kaggle/input/datasets/rabianaz22/4f-parta-image-stacking-symmetric-3rd-paper/stacking_symmetric_results/checkpoints,Stacking_Image
UNKNOWN,Stacking_Image,,symmetric,0.4,3.0,12960.0,39.96141975308642,0.9113556870487948,0.9157407407407409,stacking_symmetric_results_intermediate.csv,/kaggle/input/datasets/rabianaz22/4f-parta-image-stacking-symmetric-3rd-paper/stacking_symmetric_results/checkpoints,Stacking_Image
UNKNOWN,Stacking_Image,,symmetric,0.4,4.0,12960.0,40.223765432098766,0.9158515094006796,0.9191358024691358,stacking_symmetric_results_intermediate.csv,/kaggle/input/datasets/rabianaz22/4f-parta-image-stacking-symmetric-3rd-paper/stacking_symmetric_results/checkpoints,Stacking_Image
UNKNOWN,Stacking_Image,,symmetric,0.0,0.0,12960.0,0.0,0.9340640027723058,0.9367283950617284,stacking_symmetric_results_full.csv,/kaggle/input/datasets/rabianaz22/4f-parta-image-stacking-symmetric-3rd-paper/stacking_symmetric_results,Stacking_Image
UNKNOWN,Stacking_Image,,symmetric,0.0,1.0,12960.0,0.0,0.9372081352266544,0.9398148148148148,stacking_symmetric_results_full.csv,/kaggle/input/datasets/rabianaz22/4f-parta-image-stacking-symmetric-3rd-paper/stacking_symmetric_results,Stacking_Image
UNKNOWN,Stacking_Image,,symmetric,0.0,2.0,12960.0,0.0,0.9407810616235692,0.9425925925925924,stacking_symmetric_results_full.csv,/kaggle/input/datasets/rabianaz22/4f-parta-image-stacking-symmetric-3rd-paper/stacking_symmetric_results,Stacking_Image
UNKNOWN,Stacking_Image,,symmetric,0.0,3.0,12960.0,0.0,0.9279165872985148,0.9314814814814816,stacking_symmetric_results_full.csv,/kaggle/input/datasets/rabianaz22/4f-parta-image-stacking-symmetric-3rd-paper/stacking_symmetric_results,Stacking_Image
UNKNOWN,Stacking_Image,,symmetric,0.0,4.0,12960.0,0.0,0.9362103693084224,0.9382716049382716,stacking_symmetric_results_full.csv,/kaggle/input/datasets/rabianaz22/4f-parta-image-stacking-symmetric-3rd-paper/stacking_symmetric_results,Stacking_Image
UNKNOWN,Stacking_Image,,symmetric,0.1,0.0,12960.0,10.339506172839506,0.9409622502982632,0.9435185185185184,stacking_symmetric_results_full.csv,/kaggle/input/datasets/rabianaz22/4f-parta-image-stacking-symmetric-3rd-paper/stacking_symmetric_results,Stacking_Image
UNKNOWN,Stacking_Image,,symmetric,0.1,1.0,12960.0,10.501543209876544,0.9350453213656597,0.9376543209876544,stacking_symmetric_results_full.csv,/kaggle/input/datasets/rabianaz22/4f-parta-image-stacking-symmetric-3rd-paper/stacking_symmetric_results,Stacking_Image
UNKNOWN,Stacking_Image,,symmetric,0.1,2.0,12960.0,10.123456790123456,0.9449143671377452,0.946604938271605,stacking_symmetric_results_full.csv,/kaggle/input/datasets/rabianaz22/4f-parta-image-stacking-symmetric-3rd-paper/stacking_symmetric_results,Stacking_Image
UNKNOWN,Stacking_Image,,symmetric,0.1,3.0,12960.0,9.62962962962963,0.9263469642734968,0.9299382716049382,stacking_symmetric_results_full.csv,/kaggle/input/datasets/rabianaz22/4f-parta-image-stacking-symmetric-3rd-paper/stacking_symmetric_results,Stacking_Image
UNKNOWN,Stacking_Image,,symmetric,0.1,4.0,12960.0,10.15432098765432,0.9335133290403326,0.9358024691358025,stacking_symmetric_results_full.csv,/kaggle/input/datasets/rabianaz22/4f-parta-image-stacking-symmetric-3rd-paper/stacking_symmetric_results,Stacking_Image
UNKNOWN,Stacking_Image,,symmetric,0.2,0.0,12960.0,20.66358024691358,0.927178885705178,0.9299382716049382,stacking_symmetric_results_full.csv,/kaggle/input/datasets/rabianaz22/4f-parta-image-stacking-symmetric-3rd-paper/stacking_symmetric_results,Stacking_Image
UNKNOWN,Stacking_Image,,symmetric,0.2,1.0,12960.0,20.2391975308642,0.9314954716599948,0.9342592592592592,stacking_symmetric_results_full.csv,/kaggle/input/datasets/rabianaz22/4f-parta-image-stacking-symmetric-3rd-paper/stacking_symmetric_results,Stacking_Image
UNKNOWN,Stacking_Image,,symmetric,0.2,2.0,12960.0,19.405864197530864,0.935612626493016,0.9376543209876544,stacking_symmetric_results_full.csv,/kaggle/input/datasets/rabianaz22/4f-parta-image-stacking-symmetric-3rd-paper/stacking_symmetric_results,Stacking_Image
UNKNOWN,Stacking_Image,,symmetric,0.2,3.0,12960.0,19.945987654320987,0.92255278846129,0.925925925925926,stacking_symmetric_results_full.csv,/kaggle/input/datasets/rabianaz22/4f-parta-image-stacking-symmetric-3rd-paper/stacking_symmetric_results,Stacking_Image
UNKNOWN,Stacking_Image,,symmetric,0.2,4.0,12960.0,19.33641975308642,0.9273719421927468,0.9299382716049382,stacking_symmetric_results_full.csv,/kaggle/input/datasets/rabianaz22/4f-parta-image-stacking-symmetric-3rd-paper/stacking_symmetric_results,Stacking_Image
UNKNOWN,Stacking_Image,,symmetric,0.3,0.0,12960.0,30.10030864197531,0.9239109029234074,0.9265432098765432,stacking_symmetric_results_full.csv,/kaggle/input/datasets/rabianaz22/4f-parta-image-stacking-symmetric-3rd-paper/stacking_symmetric_results,Stacking_Image
UNKNOWN,Stacking_Image,,symmetric,0.3,1.0,12960.0,29.390432098765437,0.9180162363289336,0.9212962962962964,stacking_symmetric_results_full.csv,/kaggle/input/datasets/rabianaz22/4f-parta-image-stacking-symmetric-3rd-paper/stacking_symmetric_results,Stacking_Image
UNKNOWN,Stacking_Image,,symmetric,0.3,2.0,12960.0,29.791666666666668,0.9289276339992488,0.9311728395061728,stacking_symmetric_results_full.csv,/kaggle/input/datasets/rabianaz22/4f-parta-image-stacking-symmetric-3rd-paper/stacking_symmetric_results,Stacking_Image
UNKNOWN,Stacking_Image,,symmetric,0.3,3.0,12960.0,29.28240740740741,0.9136777544829988,0.9175925925925926,stacking_symmetric_results_full.csv,/kaggle/input/datasets/rabianaz22/4f-parta-image-stacking-symmetric-3rd-paper/stacking_symmetric_results,Stacking_Image
UNKNOWN,Stacking_Image,,symmetric,0.3,4.0,12960.0,30.27777777777777,0.9232038685622138,0.925925925925926,stacking_symmetric_results_full.csv,/kaggle/input/datasets/rabianaz22/4f-parta-image-stacking-symmetric-3rd-paper/stacking_symmetric_results,Stacking_Image
UNKNOWN,Stacking_Image,,symmetric,0.4,0.0,12960.0,39.513888888888886,0.9150486668396228,0.9185185185185184,stacking_symmetric_results_full.csv,/kaggle/input/datasets/rabianaz22/4f-parta-image-stacking-symmetric-3rd-paper/stacking_symmetric_results,Stacking_Image
UNKNOWN,Stacking_Image,,symmetric,0.4,1.0,12960.0,40.08487654320987,0.9116193972652368,0.9151234567901234,stacking_symmetric_results_full.csv,/kaggle/input/datasets/rabianaz22/4f-parta-image-stacking-symmetric-3rd-paper/stacking_symmetric_results,Stacking_Image
UNKNOWN,Stacking_Image,,symmetric,0.4,2.0,12960.0,39.41358024691358,0.9166229724814654,0.9197530864197532,stacking_symmetric_results_full.csv,/kaggle/input/datasets/rabianaz22/4f-parta-image-stacking-symmetric-3rd-paper/stacking_symmetric_results,Stacking_Image
UNKNOWN,Stacking_Image,,symmetric,0.4,3.0,12960.0,39.96141975308642,0.9113556870487948,0.9157407407407409,stacking_symmetric_results_full.csv,/kaggle/input/datasets/rabianaz22/4f-parta-image-stacking-symmetric-3rd-paper/stacking_symmetric_results,Stacking_Image
UNKNOWN,Stacking_Image,,symmetric,0.4,4.0,12960.0,40.223765432098766,0.9158515094006796,0.9191358024691358,stacking_symmetric_results_full.csv,/kaggle/input/datasets/rabianaz22/4f-parta-image-stacking-symmetric-3rd-paper/stacking_symmetric_results,Stacking_Image
UNKNOWN,Stacking_Image,,asymmetric,0.0,0.0,12960.0,0.0,0.9340640027723058,0.9367283950617284,stacking_asymmetric_results_intermediate.csv,/kaggle/input/datasets/rabianaz22/4f-partb-image-stacking-asymmetric-3rd-paper/stacking_asymmetric_results/checkpoints,Stacking_Image
UNKNOWN,Stacking_Image,,asymmetric,0.0,1.0,12960.0,0.0,0.9372081352266544,0.9398148148148148,stacking_asymmetric_results_intermediate.csv,/kaggle/input/datasets/rabianaz22/4f-partb-image-stacking-asymmetric-3rd-paper/stacking_asymmetric_results/checkpoints,Stacking_Image
UNKNOWN,Stacking_Image,,asymmetric,0.0,2.0,12960.0,0.0,0.9407810616235692,0.9425925925925924,stacking_asymmetric_results_intermediate.csv,/kaggle/input/datasets/rabianaz22/4f-partb-image-stacking-asymmetric-3rd-paper/stacking_asymmetric_results/checkpoints,Stacking_Image
UNKNOWN,Stacking_Image,,asymmetric,0.0,3.0,12960.0,0.0,0.9279165872985148,0.9314814814814816,stacking_asymmetric_results_intermediate.csv,/kaggle/input/datasets/rabianaz22/4f-partb-image-stacking-asymmetric-3rd-paper/stacking_asymmetric_results/checkpoints,Stacking_Image
UNKNOWN,Stacking_Image,,asymmetric,0.0,4.0,12960.0,0.0,0.9362103693084224,0.9382716049382716,stacking_asymmetric_results_intermediate.csv,/kaggle/input/datasets/rabianaz22/4f-partb-image-stacking-asymmetric-3rd-paper/stacking_asymmetric_results/checkpoints,Stacking_Image
UNKNOWN,Stacking_Image,,asymmetric,0.1,0.0,12960.0,10.339506172839506,0.932836557125073,0.9358024691358025,stacking_asymmetric_results_intermediate.csv,/kaggle/input/datasets/rabianaz22/4f-partb-image-stacking-asymmetric-3rd-paper/stacking_asymmetric_results/checkpoints,Stacking_Image
UNKNOWN,Stacking_Image,,asymmetric,0.1,1.0,12960.0,10.501543209876544,0.922698127909609,0.925925925925926,stacking_asymmetric_results_intermediate.csv,/kaggle/input/datasets/rabianaz22/4f-partb-image-stacking-asymmetric-3rd-paper/stacking_asymmetric_results/checkpoints,Stacking_Image
UNKNOWN,Stacking_Image,,asymmetric,0.1,2.0,12960.0,10.123456790123456,0.9329761890333268,0.9351851851851852,stacking_asymmetric_results_intermediate.csv,/kaggle/input/datasets/rabianaz22/4f-partb-image-stacking-asymmetric-3rd-paper/stacking_asymmetric_results/checkpoints,Stacking_Image
UNKNOWN,Stacking_Image,,asymmetric,0.1,3.0,12960.0,9.62962962962963,0.9207357661577336,0.9246913580246914,stacking_asymmetric_results_intermediate.csv,/kaggle/input/datasets/rabianaz22/4f-partb-image-stacking-asymmetric-3rd-paper/stacking_asymmetric_results/checkpoints,Stacking_Image
UNKNOWN,Stacking_Image,,asymmetric,0.1,4.0,12960.0,10.15432098765432,0.9278743707014612,0.9308641975308642,stacking_asymmetric_results_intermediate.csv,/kaggle/input/datasets/rabianaz22/4f-partb-image-stacking-asymmetric-3rd-paper/stacking_asymmetric_results/checkpoints,Stacking_Image
UNKNOWN,Stacking_Image,,asymmetric,0.2,0.0,12960.0,20.66358024691358,0.9063462623819148,0.9089506172839508,stacking_asymmetric_results_intermediate.csv,/kaggle/input/datasets/rabianaz22/4f-partb-image-stacking-asymmetric-3rd-paper/stacking_asymmetric_results/checkpoints,Stacking_Image
UNKNOWN,Stacking_Image,,asymmetric,0.2,1.0,12960.0,20.2391975308642,0.8961101867470767,0.8996913580246914,stacking_asymmetric_results_intermediate.csv,/kaggle/input/datasets/rabianaz22/4f-partb-image-stacking-asymmetric-3rd-paper/stacking_asymmetric_results/checkpoints,Stacking_Image
UNKNOWN,Stacking_Image,,asymmetric,0.2,2.0,12960.0,19.405864197530864,0.913171157464174,0.9157407407407409,stacking_asymmetric_results_intermediate.csv,/kaggle/input/datasets/rabianaz22/4f-partb-image-stacking-asymmetric-3rd-paper/stacking_asymmetric_results/checkpoints,Stacking_Image
UNKNOWN,Stacking_Image,,asymmetric,0.2,3.0,12960.0,19.945987654320987,0.8892116973434139,0.8932098765432098,stacking_asymmetric_results_intermediate.csv,/kaggle/input/datasets/rabianaz22/4f-partb-image-stacking-asymmetric-3rd-paper/stacking_asymmetric_results/checkpoints,Stacking_Image
UNKNOWN,Stacking_Image,,asymmetric,0.2,4.0,12960.0,19.33641975308642,0.8993331235977209,0.9027777777777778,stacking_asymmetric_results_intermediate.csv,/kaggle/input/datasets/rabianaz22/4f-partb-image-stacking-asymmetric-3rd-paper/stacking_asymmetric_results/checkpoints,Stacking_Image
UNKNOWN,Stacking_Image,,asymmetric,0.3,0.0,12960.0,30.10030864197531,0.8655856607180494,0.8688271604938271,stacking_asymmetric_results_intermediate.csv,/kaggle/input/datasets/rabianaz22/4f-partb-image-stacking-asymmetric-3rd-paper/stacking_asymmetric_results/checkpoints,Stacking_Image
UNKNOWN,Stacking_Image,,asymmetric,0.3,1.0,12960.0,29.390432098765437,0.8564476159579938,0.8608024691358025,stacking_asymmetric_results_intermediate.csv,/kaggle/input/datasets/rabianaz22/4f-partb-image-stacking-asymmetric-3rd-paper/stacking_asymmetric_results/checkpoints,Stacking_Image
UNKNOWN,Stacking_Image,,asymmetric,0.3,2.0,12960.0,29.791666666666668,0.8659998748189863,0.870679012345679,stacking_asymmetric_results_intermediate.csv,/kaggle/input/datasets/rabianaz22/4f-partb-image-stacking-asymmetric-3rd-paper/stacking_asymmetric_results/checkpoints,Stacking_Image
UNKNOWN,Stacking_Image,,asymmetric,0.3,3.0,12960.0,29.28240740740741,0.8577462647075084,0.8626543209876543,stacking_asymmetric_results_intermediate.csv,/kaggle/input/datasets/rabianaz22/4f-partb-image-stacking-asymmetric-3rd-paper/stacking_asymmetric_results/checkpoints,Stacking_Image
UNKNOWN,Stacking_Image,,asymmetric,0.3,4.0,12960.0,30.27777777777777,0.8516833271510762,0.8567901234567902,stacking_asymmetric_results_intermediate.csv,/kaggle/input/datasets/rabianaz22/4f-partb-image-stacking-asymmetric-3rd-paper/stacking_asymmetric_results/checkpoints,Stacking_Image
UNKNOWN,Stacking_Image,,asymmetric,0.4,0.0,12960.0,39.513888888888886,0.7937023108096417,0.7987654320987654,stacking_asymmetric_results_intermediate.csv,/kaggle/input/datasets/rabianaz22/4f-partb-image-stacking-asymmetric-3rd-paper/stacking_asymmetric_results/checkpoints,Stacking_Image
UNKNOWN,Stacking_Image,,asymmetric,0.4,1.0,12960.0,40.08487654320987,0.7726811294255689,0.7796296296296297,stacking_asymmetric_results_intermediate.csv,/kaggle/input/datasets/rabianaz22/4f-partb-image-stacking-asymmetric-3rd-paper/stacking_asymmetric_results/checkpoints,Stacking_Image
UNKNOWN,Stacking_Image,,asymmetric,0.4,2.0,12960.0,39.41358024691358,0.7799044192973259,0.7854938271604939,stacking_asymmetric_results_intermediate.csv,/kaggle/input/datasets/rabianaz22/4f-partb-image-stacking-asymmetric-3rd-paper/stacking_asymmetric_results/checkpoints,Stacking_Image
UNKNOWN,Stacking_Image,,asymmetric,0.4,3.0,12960.0,39.96141975308642,0.7604531699816357,0.7694444444444445,stacking_asymmetric_results_intermediate.csv,/kaggle/input/datasets/rabianaz22/4f-partb-image-stacking-asymmetric-3rd-paper/stacking_asymmetric_results/checkpoints,Stacking_Image
UNKNOWN,Stacking_Image,,asymmetric,0.4,4.0,12960.0,40.223765432098766,0.7762069995781811,0.7842592592592592,stacking_asymmetric_results_intermediate.csv,/kaggle/input/datasets/rabianaz22/4f-partb-image-stacking-asymmetric-3rd-paper/stacking_asymmetric_results/checkpoints,Stacking_Image
UNKNOWN,Stacking_Image,,asymmetric,0.0,0.0,12960.0,0.0,0.9340640027723058,0.9367283950617284,stacking_asymmetric_results_full.csv,/kaggle/input/datasets/rabianaz22/4f-partb-image-stacking-asymmetric-3rd-paper/stacking_asymmetric_results,Stacking_Image
UNKNOWN,Stacking_Image,,asymmetric,0.0,1.0,12960.0,0.0,0.9372081352266544,0.9398148148148148,stacking_asymmetric_results_full.csv,/kaggle/input/datasets/rabianaz22/4f-partb-image-stacking-asymmetric-3rd-paper/stacking_asymmetric_results,Stacking_Image
UNKNOWN,Stacking_Image,,asymmetric,0.0,2.0,12960.0,0.0,0.9407810616235692,0.9425925925925924,stacking_asymmetric_results_full.csv,/kaggle/input/datasets/rabianaz22/4f-partb-image-stacking-asymmetric-3rd-paper/stacking_asymmetric_results,Stacking_Image
UNKNOWN,Stacking_Image,,asymmetric,0.0,3.0,12960.0,0.0,0.9279165872985148,0.9314814814814816,stacking_asymmetric_results_full.csv,/kaggle/input/datasets/rabianaz22/4f-partb-image-stacking-asymmetric-3rd-paper/stacking_asymmetric_results,Stacking_Image
UNKNOWN,Stacking_Image,,asymmetric,0.0,4.0,12960.0,0.0,0.9362103693084224,0.9382716049382716,stacking_asymmetric_results_full.csv,/kaggle/input/datasets/rabianaz22/4f-partb-image-stacking-asymmetric-3rd-paper/stacking_asymmetric_results,Stacking_Image
UNKNOWN,Stacking_Image,,asymmetric,0.1,0.0,12960.0,10.339506172839506,0.932836557125073,0.9358024691358025,stacking_asymmetric_results_full.csv,/kaggle/input/datasets/rabianaz22/4f-partb-image-stacking-asymmetric-3rd-paper/stacking_asymmetric_results,Stacking_Image
UNKNOWN,Stacking_Image,,asymmetric,0.1,1.0,12960.0,10.501543209876544,0.922698127909609,0.925925925925926,stacking_asymmetric_results_full.csv,/kaggle/input/datasets/rabianaz22/4f-partb-image-stacking-asymmetric-3rd-paper/stacking_asymmetric_results,Stacking_Image
UNKNOWN,Stacking_Image,,asymmetric,0.1,2.0,12960.0,10.123456790123456,0.9329761890333268,0.9351851851851852,stacking_asymmetric_results_full.csv,/kaggle/input/datasets/rabianaz22/4f-partb-image-stacking-asymmetric-3rd-paper/stacking_asymmetric_results,Stacking_Image
UNKNOWN,Stacking_Image,,asymmetric,0.1,3.0,12960.0,9.62962962962963,0.9207357661577336,0.9246913580246914,stacking_asymmetric_results_full.csv,/kaggle/input/datasets/rabianaz22/4f-partb-image-stacking-asymmetric-3rd-paper/stacking_asymmetric_results,Stacking_Image
UNKNOWN,Stacking_Image,,asymmetric,0.1,4.0,12960.0,10.15432098765432,0.9278743707014612,0.9308641975308642,stacking_asymmetric_results_full.csv,/kaggle/input/datasets/rabianaz22/4f-partb-image-stacking-asymmetric-3rd-paper/stacking_asymmetric_results,Stacking_Image
UNKNOWN,Stacking_Image,,asymmetric,0.2,0.0,12960.0,20.66358024691358,0.9063462623819148,0.9089506172839508,stacking_asymmetric_results_full.csv,/kaggle/input/datasets/rabianaz22/4f-partb-image-stacking-asymmetric-3rd-paper/stacking_asymmetric_results,Stacking_Image
UNKNOWN,Stacking_Image,,asymmetric,0.2,1.0,12960.0,20.2391975308642,0.8961101867470767,0.8996913580246914,stacking_asymmetric_results_full.csv,/kaggle/input/datasets/rabianaz22/4f-partb-image-stacking-asymmetric-3rd-paper/stacking_asymmetric_results,Stacking_Image
UNKNOWN,Stacking_Image,,asymmetric,0.2,2.0,12960.0,19.405864197530864,0.913171157464174,0.9157407407407409,stacking_asymmetric_results_full.csv,/kaggle/input/datasets/rabianaz22/4f-partb-image-stacking-asymmetric-3rd-paper/stacking_asymmetric_results,Stacking_Image
UNKNOWN,Stacking_Image,,asymmetric,0.2,3.0,12960.0,19.945987654320987,0.8892116973434139,0.8932098765432098,stacking_asymmetric_results_full.csv,/kaggle/input/datasets/rabianaz22/4f-partb-image-stacking-asymmetric-3rd-paper/stacking_asymmetric_results,Stacking_Image
UNKNOWN,Stacking_Image,,asymmetric,0.2,4.0,12960.0,19.33641975308642,0.8993331235977209,0.9027777777777778,stacking_asymmetric_results_full.csv,/kaggle/input/datasets/rabianaz22/4f-partb-image-stacking-asymmetric-3rd-paper/stacking_asymmetric_results,Stacking_Image
UNKNOWN,Stacking_Image,,asymmetric,0.3,0.0,12960.0,30.10030864197531,0.8655856607180494,0.8688271604938271,stacking_asymmetric_results_full.csv,/kaggle/input/datasets/rabianaz22/4f-partb-image-stacking-asymmetric-3rd-paper/stacking_asymmetric_results,Stacking_Image
UNKNOWN,Stacking_Image,,asymmetric,0.3,1.0,12960.0,29.390432098765437,0.8564476159579938,0.8608024691358025,stacking_asymmetric_results_full.csv,/kaggle/input/datasets/rabianaz22/4f-partb-image-stacking-asymmetric-3rd-paper/stacking_asymmetric_results,Stacking_Image
UNKNOWN,Stacking_Image,,asymmetric,0.3,2.0,12960.0,29.791666666666668,0.8659998748189863,0.870679012345679,stacking_asymmetric_results_full.csv,/kaggle/input/datasets/rabianaz22/4f-partb-image-stacking-asymmetric-3rd-paper/stacking_asymmetric_results,Stacking_Image
UNKNOWN,Stacking_Image,,asymmetric,0.3,3.0,12960.0,29.28240740740741,0.8577462647075084,0.8626543209876543,stacking_asymmetric_results_full.csv,/kaggle/input/datasets/rabianaz22/4f-partb-image-stacking-asymmetric-3rd-paper/stacking_asymmetric_results,Stacking_Image
UNKNOWN,Stacking_Image,,asymmetric,0.3,4.0,12960.0,30.27777777777777,0.8516833271510762,0.8567901234567902,stacking_asymmetric_results_full.csv,/kaggle/input/datasets/rabianaz22/4f-partb-image-stacking-asymmetric-3rd-paper/stacking_asymmetric_results,Stacking_Image
UNKNOWN,Stacking_Image,,asymmetric,0.4,0.0,12960.0,39.513888888888886,0.7937023108096417,0.7987654320987654,stacking_asymmetric_results_full.csv,/kaggle/input/datasets/rabianaz22/4f-partb-image-stacking-asymmetric-3rd-paper/stacking_asymmetric_results,Stacking_Image
UNKNOWN,Stacking_Image,,asymmetric,0.4,1.0,12960.0,40.08487654320987,0.7726811294255689,0.7796296296296297,stacking_asymmetric_results_full.csv,/kaggle/input/datasets/rabianaz22/4f-partb-image-stacking-asymmetric-3rd-paper/stacking_asymmetric_results,Stacking_Image
UNKNOWN,Stacking_Image,,asymmetric,0.4,2.0,12960.0,39.41358024691358,0.7799044192973259,0.7854938271604939,stacking_asymmetric_results_full.csv,/kaggle/input/datasets/rabianaz22/4f-partb-image-stacking-asymmetric-3rd-paper/stacking_asymmetric_results,Stacking_Image
UNKNOWN,Stacking_Image,,asymmetric,0.4,3.0,12960.0,39.96141975308642,0.7604531699816357,0.7694444444444445,stacking_asymmetric_results_full.csv,/kaggle/input/datasets/rabianaz22/4f-partb-image-stacking-asymmetric-3rd-paper/stacking_asymmetric_results,Stacking_Image
UNKNOWN,Stacking_Image,,asymmetric,0.4,4.0,12960.0,40.223765432098766,0.7762069995781811,0.7842592592592592,stacking_asymmetric_results_full.csv,/kaggle/input/datasets/rabianaz22/4f-partb-image-stacking-asymmetric-3rd-paper/stacking_asymmetric_results,Stacking_Image
Tabular,RF_100k,,symmetric,0.0,0.0,80000.0,0.0,0.8452537395730595,0.9013,equal_n_intermediate.csv,/kaggle/input/datasets/rabianaz22/8-output-3rd-paper/equal_n_results/checkpoints,RF_100k
Tabular,RF_100k,,symmetric,0.0,1.0,80000.0,0.0,0.8509447668577529,0.901,equal_n_intermediate.csv,/kaggle/input/datasets/rabianaz22/8-output-3rd-paper/equal_n_results/checkpoints,RF_100k
Tabular,RF_100k,,symmetric,0.0,2.0,80000.0,0.0,0.8484052926420247,0.901,equal_n_intermediate.csv,/kaggle/input/datasets/rabianaz22/8-output-3rd-paper/equal_n_results/checkpoints,RF_100k
Tabular,RF_100k,,symmetric,0.0,3.0,80000.0,0.0,0.8569060621514389,0.90235,equal_n_intermediate.csv,/kaggle/input/datasets/rabianaz22/8-output-3rd-paper/equal_n_results/checkpoints,RF_100k
Tabular,RF_100k,,symmetric,0.0,4.0,80000.0,0.0,0.8598930829548894,0.90455,equal_n_intermediate.csv,/kaggle/input/datasets/rabianaz22/8-output-3rd-paper/equal_n_results/checkpoints,RF_100k
Tabular,RF_100k,,symmetric,0.1,0.0,80000.0,10.13875,0.8399252944945141,0.8912,equal_n_intermediate.csv,/kaggle/input/datasets/rabianaz22/8-output-3rd-paper/equal_n_results/checkpoints,RF_100k
Tabular,RF_100k,,symmetric,0.1,1.0,80000.0,9.93625,0.8335886601538657,0.89265,equal_n_intermediate.csv,/kaggle/input/datasets/rabianaz22/8-output-3rd-paper/equal_n_results/checkpoints,RF_100k
Tabular,RF_100k,,symmetric,0.1,2.0,80000.0,10.19375,0.8313919045634798,0.8892,equal_n_intermediate.csv,/kaggle/input/datasets/rabianaz22/8-output-3rd-paper/equal_n_results/checkpoints,RF_100k
Tabular,RF_100k,,symmetric,0.1,3.0,80000.0,10.08375,0.8328944758846443,0.89045,equal_n_intermediate.csv,/kaggle/input/datasets/rabianaz22/8-output-3rd-paper/equal_n_results/checkpoints,RF_100k
Tabular,RF_100k,,symmetric,0.1,4.0,80000.0,10.10875,0.8385192873699321,0.8917,equal_n_intermediate.csv,/kaggle/input/datasets/rabianaz22/8-output-3rd-paper/equal_n_results/checkpoints,RF_100k
Tabular,RF_100k,,symmetric,0.2,0.0,80000.0,19.885,0.7916574242204801,0.8764,equal_n_intermediate.csv,/kaggle/input/datasets/rabianaz22/8-output-3rd-paper/equal_n_results/checkpoints,RF_100k
Tabular,RF_100k,,symmetric,0.2,1.0,80000.0,20.07125,0.7946633536250324,0.87785,equal_n_intermediate.csv,/kaggle/input/datasets/rabianaz22/8-output-3rd-paper/equal_n_results/checkpoints,RF_100k
Tabular,RF_100k,,symmetric,0.2,2.0,80000.0,19.92625,0.7878989610314591,0.87415,equal_n_intermediate.csv,/kaggle/input/datasets/rabianaz22/8-output-3rd-paper/equal_n_results/checkpoints,RF_100k
Tabular,RF_100k,,symmetric,0.2,3.0,80000.0,20.09,0.796208696827567,0.8776,equal_n_intermediate.csv,/kaggle/input/datasets/rabianaz22/8-output-3rd-paper/equal_n_results/checkpoints,RF_100k
Tabular,RF_100k,,symmetric,0.2,4.0,80000.0,20.01875,0.7986903785803484,0.8781,equal_n_intermediate.csv,/kaggle/input/datasets/rabianaz22/8-output-3rd-paper/equal_n_results/checkpoints,RF_100k
Tabular,RF_100k,,symmetric,0.3,0.0,80000.0,29.898750000000003,0.7333746097684856,0.8545,equal_n_intermediate.csv,/kaggle/input/datasets/rabianaz22/8-output-3rd-paper/equal_n_results/checkpoints,RF_100k
Tabular,RF_100k,,symmetric,0.3,1.0,80000.0,30.05625,0.7379787785412182,0.8562,equal_n_intermediate.csv,/kaggle/input/datasets/rabianaz22/8-output-3rd-paper/equal_n_results/checkpoints,RF_100k
Tabular,RF_100k,,symmetric,0.3,2.0,80000.0,30.03125,0.7296645919277959,0.8535,equal_n_intermediate.csv,/kaggle/input/datasets/rabianaz22/8-output-3rd-paper/equal_n_results/checkpoints,RF_100k
Tabular,RF_100k,,symmetric,0.3,3.0,80000.0,29.98375,0.721052402149852,0.8548,equal_n_intermediate.csv,/kaggle/input/datasets/rabianaz22/8-output-3rd-paper/equal_n_results/checkpoints,RF_100k
Tabular,RF_100k,,symmetric,0.3,4.0,80000.0,30.051250000000003,0.7235481714883135,0.85465,equal_n_intermediate.csv,/kaggle/input/datasets/rabianaz22/8-output-3rd-paper/equal_n_results/checkpoints,RF_100k
Tabular,RF_100k,,symmetric,0.4,0.0,80000.0,40.0825,0.644497044545132,0.8134,equal_n_intermediate.csv,/kaggle/input/datasets/rabianaz22/8-output-3rd-paper/equal_n_results/checkpoints,RF_100k
Tabular,RF_100k,,symmetric,0.4,1.0,80000.0,39.9325,0.651346331509208,0.8175,equal_n_intermediate.csv,/kaggle/input/datasets/rabianaz22/8-output-3rd-paper/equal_n_results/checkpoints,RF_100k
Tabular,RF_100k,,symmetric,0.4,2.0,80000.0,40.21125,0.646945915567861,0.8129,equal_n_intermediate.csv,/kaggle/input/datasets/rabianaz22/8-output-3rd-paper/equal_n_results/checkpoints,RF_100k
Tabular,RF_100k,,symmetric,0.4,3.0,80000.0,40.08875,0.6525907767970808,0.81945,equal_n_intermediate.csv,/kaggle/input/datasets/rabianaz22/8-output-3rd-paper/equal_n_results/checkpoints,RF_100k
Tabular,RF_100k,,symmetric,0.4,4.0,80000.0,39.975,0.6501230939588127,0.81795,equal_n_intermediate.csv,/kaggle/input/datasets/rabianaz22/8-output-3rd-paper/equal_n_results/checkpoints,RF_100k
Tabular,RF_100k,,asymmetric,0.0,0.0,80000.0,0.0,0.8452537395730595,0.9013,equal_n_intermediate.csv,/kaggle/input/datasets/rabianaz22/8-output-3rd-paper/equal_n_results/checkpoints,RF_100k
Tabular,RF_100k,,asymmetric,0.0,1.0,80000.0,0.0,0.8509447668577529,0.901,equal_n_intermediate.csv,/kaggle/input/datasets/rabianaz22/8-output-3rd-paper/equal_n_results/checkpoints,RF_100k
Tabular,RF_100k,,asymmetric,0.0,2.0,80000.0,0.0,0.8484052926420247,0.901,equal_n_intermediate.csv,/kaggle/input/datasets/rabianaz22/8-output-3rd-paper/equal_n_results/checkpoints,RF_100k
Tabular,RF_100k,,asymmetric,0.0,3.0,80000.0,0.0,0.8569060621514389,0.90235,equal_n_intermediate.csv,/kaggle/input/datasets/rabianaz22/8-output-3rd-paper/equal_n_results/checkpoints,RF_100k
Tabular,RF_100k,,asymmetric,0.0,4.0,80000.0,0.0,0.8598930829548894,0.90455,equal_n_intermediate.csv,/kaggle/input/datasets/rabianaz22/8-output-3rd-paper/equal_n_results/checkpoints,RF_100k
Tabular,RF_100k,,asymmetric,0.1,0.0,80000.0,10.13875,0.8303340270574286,0.88945,equal_n_intermediate.csv,/kaggle/input/datasets/rabianaz22/8-output-3rd-paper/equal_n_results/checkpoints,RF_100k
Tabular,RF_100k,,asymmetric,0.1,1.0,80000.0,9.93625,0.8316079963627706,0.89215,equal_n_intermediate.csv,/kaggle/input/datasets/rabianaz22/8-output-3rd-paper/equal_n_results/checkpoints,RF_100k
Tabular,RF_100k,,asymmetric,0.1,2.0,80000.0,10.19375,0.8343496101794436,0.88815,equal_n_intermediate.csv,/kaggle/input/datasets/rabianaz22/8-output-3rd-paper/equal_n_results/checkpoints,RF_100k
Tabular,RF_100k,,asymmetric,0.1,3.0,80000.0,10.08375,0.8344566529016083,0.89095,equal_n_intermediate.csv,/kaggle/input/datasets/rabianaz22/8-output-3rd-paper/equal_n_results/checkpoints,RF_100k
Tabular,RF_100k,,asymmetric,0.1,4.0,80000.0,10.10875,0.8380924240008474,0.894,equal_n_intermediate.csv,/kaggle/input/datasets/rabianaz22/8-output-3rd-paper/equal_n_results/checkpoints,RF_100k
Tabular,RF_100k,,asymmetric,0.2,0.0,80000.0,19.885,0.7776634028646018,0.86285,equal_n_intermediate.csv,/kaggle/input/datasets/rabianaz22/8-output-3rd-paper/equal_n_results/checkpoints,RF_100k
Tabular,RF_100k,,asymmetric,0.2,1.0,80000.0,20.07125,0.7852243874226897,0.8662,equal_n_intermediate.csv,/kaggle/input/datasets/rabianaz22/8-output-3rd-paper/equal_n_results/checkpoints,RF_100k
Tabular,RF_100k,,asymmetric,0.2,2.0,80000.0,19.92625,0.7688675706301863,0.8619,equal_n_intermediate.csv,/kaggle/input/datasets/rabianaz22/8-output-3rd-paper/equal_n_results/checkpoints,RF_100k
Tabular,RF_100k,,asymmetric,0.2,3.0,80000.0,20.09,0.7780220023803306,0.86235,equal_n_intermediate.csv,/kaggle/input/datasets/rabianaz22/8-output-3rd-paper/equal_n_results/checkpoints,RF_100k
Tabular,RF_100k,,asymmetric,0.2,4.0,80000.0,20.01875,0.787778552085851,0.86825,equal_n_intermediate.csv,/kaggle/input/datasets/rabianaz22/8-output-3rd-paper/equal_n_results/checkpoints,RF_100k
Tabular,RF_100k,,asymmetric,0.3,0.0,80000.0,29.898750000000003,0.671301854411214,0.79475,equal_n_intermediate.csv,/kaggle/input/datasets/rabianaz22/8-output-3rd-paper/equal_n_results/checkpoints,RF_100k
Tabular,RF_100k,,asymmetric,0.3,1.0,80000.0,30.05625,0.6875944642363884,0.80075,equal_n_intermediate.csv,/kaggle/input/datasets/rabianaz22/8-output-3rd-paper/equal_n_results/checkpoints,RF_100k
Tabular,RF_100k,,asymmetric,0.3,2.0,80000.0,30.03125,0.6767694731117484,0.79575,equal_n_intermediate.csv,/kaggle/input/datasets/rabianaz22/8-output-3rd-paper/equal_n_results/checkpoints,RF_100k
Tabular,RF_100k,,asymmetric,0.3,3.0,80000.0,29.98375,0.6611908366554571,0.7945,equal_n_intermediate.csv,/kaggle/input/datasets/rabianaz22/8-output-3rd-paper/equal_n_results/checkpoints,RF_100k
Tabular,RF_100k,,asymmetric,0.3,4.0,80000.0,30.051250000000003,0.6744831446686729,0.79935,equal_n_intermediate.csv,/kaggle/input/datasets/rabianaz22/8-output-3rd-paper/equal_n_results/checkpoints,RF_100k
Tabular,RF_100k,,asymmetric,0.4,0.0,80000.0,40.0825,0.5449397855730371,0.6636,equal_n_intermediate.csv,/kaggle/input/datasets/rabianaz22/8-output-3rd-paper/equal_n_results/checkpoints,RF_100k
Tabular,RF_100k,,asymmetric,0.4,1.0,80000.0,39.9325,0.5304333466063726,0.6682,equal_n_intermediate.csv,/kaggle/input/datasets/rabianaz22/8-output-3rd-paper/equal_n_results/checkpoints,RF_100k
Tabular,RF_100k,,asymmetric,0.4,2.0,80000.0,40.21125,0.5535487198752017,0.66285,equal_n_intermediate.csv,/kaggle/input/datasets/rabianaz22/8-output-3rd-paper/equal_n_results/checkpoints,RF_100k
Tabular,RF_100k,,asymmetric,0.4,3.0,80000.0,40.08875,0.5476709358048378,0.6661,equal_n_intermediate.csv,/kaggle/input/datasets/rabianaz22/8-output-3rd-paper/equal_n_results/checkpoints,RF_100k
Tabular,RF_100k,,asymmetric,0.4,4.0,80000.0,39.975,0.5373010496640217,0.6602,equal_n_intermediate.csv,/kaggle/input/datasets/rabianaz22/8-output-3rd-paper/equal_n_results/checkpoints,RF_100k
Tabular,RF_100k,,pairflip,0.4,0.0,80000.0,24.610000000000003,0.6911676428212282,0.75675,equal_n_intermediate.csv,/kaggle/input/datasets/rabianaz22/8-output-3rd-paper/equal_n_results/checkpoints,RF_100k
Tabular,RF_100k,,pairflip,0.4,1.0,80000.0,24.45625,0.6869145411073231,0.75775,equal_n_intermediate.csv,/kaggle/input/datasets/rabianaz22/8-output-3rd-paper/equal_n_results/checkpoints,RF_100k
Tabular,RF_100k,,pairflip,0.4,2.0,80000.0,24.77,0.692254053274174,0.7538,equal_n_intermediate.csv,/kaggle/input/datasets/rabianaz22/8-output-3rd-paper/equal_n_results/checkpoints,RF_100k
Tabular,RF_100k,,pairflip,0.4,3.0,80000.0,24.54,0.6994360182433726,0.7604,equal_n_intermediate.csv,/kaggle/input/datasets/rabianaz22/8-output-3rd-paper/equal_n_results/checkpoints,RF_100k
Tabular,RF_100k,,pairflip,0.4,4.0,80000.0,24.52875,0.6900858245734077,0.75635,equal_n_intermediate.csv,/kaggle/input/datasets/rabianaz22/8-output-3rd-paper/equal_n_results/checkpoints,RF_100k
Tabular,XGBoost_100k,,symmetric,0.0,0.0,80000.0,0.0,0.8877325141516378,0.92565,equal_n_intermediate.csv,/kaggle/input/datasets/rabianaz22/8-output-3rd-paper/equal_n_results/checkpoints,XGBoost_100k
Tabular,XGBoost_100k,,symmetric,0.0,1.0,80000.0,0.0,0.8849035583492019,0.9299,equal_n_intermediate.csv,/kaggle/input/datasets/rabianaz22/8-output-3rd-paper/equal_n_results/checkpoints,XGBoost_100k
Tabular,XGBoost_100k,,symmetric,0.0,2.0,80000.0,0.0,0.8782810157697228,0.9258,equal_n_intermediate.csv,/kaggle/input/datasets/rabianaz22/8-output-3rd-paper/equal_n_results/checkpoints,XGBoost_100k
Tabular,XGBoost_100k,,symmetric,0.0,3.0,80000.0,0.0,0.8911370692030793,0.9289,equal_n_intermediate.csv,/kaggle/input/datasets/rabianaz22/8-output-3rd-paper/equal_n_results/checkpoints,XGBoost_100k
Tabular,XGBoost_100k,,symmetric,0.0,4.0,80000.0,0.0,0.8952825411862282,0.93045,equal_n_intermediate.csv,/kaggle/input/datasets/rabianaz22/8-output-3rd-paper/equal_n_results/checkpoints,XGBoost_100k
Tabular,XGBoost_100k,,symmetric,0.1,0.0,80000.0,10.13875,0.8506438357001207,0.9093,equal_n_intermediate.csv,/kaggle/input/datasets/rabianaz22/8-output-3rd-paper/equal_n_results/checkpoints,XGBoost_100k
Tabular,XGBoost_100k,,symmetric,0.1,1.0,80000.0,9.93625,0.8493762439098297,0.9134,equal_n_intermediate.csv,/kaggle/input/datasets/rabianaz22/8-output-3rd-paper/equal_n_results/checkpoints,XGBoost_100k
Tabular,XGBoost_100k,,symmetric,0.1,2.0,80000.0,10.19375,0.8483266845555749,0.9087,equal_n_intermediate.csv,/kaggle/input/datasets/rabianaz22/8-output-3rd-paper/equal_n_results/checkpoints,XGBoost_100k
Tabular,XGBoost_100k,,symmetric,0.1,3.0,80000.0,10.08375,0.8503349984425604,0.91205,equal_n_intermediate.csv,/kaggle/input/datasets/rabianaz22/8-output-3rd-paper/equal_n_results/checkpoints,XGBoost_100k
Tabular,XGBoost_100k,,symmetric,0.1,4.0,80000.0,10.10875,0.8461229996216352,0.91095,equal_n_intermediate.csv,/kaggle/input/datasets/rabianaz22/8-output-3rd-paper/equal_n_results/checkpoints,XGBoost_100k
Tabular,XGBoost_100k,,symmetric,0.2,0.0,80000.0,19.885,0.8093230355973482,0.8934,equal_n_intermediate.csv,/kaggle/input/datasets/rabianaz22/8-output-3rd-paper/equal_n_results/checkpoints,XGBoost_100k
Tabular,XGBoost_100k,,symmetric,0.2,1.0,80000.0,20.07125,0.805622467231001,0.8941,equal_n_intermediate.csv,/kaggle/input/datasets/rabianaz22/8-output-3rd-paper/equal_n_results/checkpoints,XGBoost_100k
Tabular,XGBoost_100k,,symmetric,0.2,2.0,80000.0,19.92625,0.7979525532188434,0.89295,equal_n_intermediate.csv,/kaggle/input/datasets/rabianaz22/8-output-3rd-paper/equal_n_results/checkpoints,XGBoost_100k
Tabular,XGBoost_100k,,symmetric,0.2,3.0,80000.0,20.09,0.8062576106687824,0.89305,equal_n_intermediate.csv,/kaggle/input/datasets/rabianaz22/8-output-3rd-paper/equal_n_results/checkpoints,XGBoost_100k
Tabular,XGBoost_100k,,symmetric,0.2,4.0,80000.0,20.01875,0.8157095923146561,0.89375,equal_n_intermediate.csv,/kaggle/input/datasets/rabianaz22/8-output-3rd-paper/equal_n_results/checkpoints,XGBoost_100k
Tabular,XGBoost_100k,,symmetric,0.3,0.0,80000.0,29.898750000000003,0.7591665024598545,0.8704,equal_n_intermediate.csv,/kaggle/input/datasets/rabianaz22/8-output-3rd-paper/equal_n_results/checkpoints,XGBoost_100k
Tabular,XGBoost_100k,,symmetric,0.3,1.0,80000.0,30.05625,0.7506485664520727,0.8728,equal_n_intermediate.csv,/kaggle/input/datasets/rabianaz22/8-output-3rd-paper/equal_n_results/checkpoints,XGBoost_100k
Tabular,XGBoost_100k,,symmetric,0.3,2.0,80000.0,30.03125,0.7436419851659605,0.86735,equal_n_intermediate.csv,/kaggle/input/datasets/rabianaz22/8-output-3rd-paper/equal_n_results/checkpoints,XGBoost_100k
Tabular,XGBoost_100k,,symmetric,0.3,3.0,80000.0,29.98375,0.7380834959970575,0.86895,equal_n_intermediate.csv,/kaggle/input/datasets/rabianaz22/8-output-3rd-paper/equal_n_results/checkpoints,XGBoost_100k
Tabular,XGBoost_100k,,symmetric,0.3,4.0,80000.0,30.051250000000003,0.7474185236473655,0.87025,equal_n_intermediate.csv,/kaggle/input/datasets/rabianaz22/8-output-3rd-paper/equal_n_results/checkpoints,XGBoost_100k
Tabular,XGBoost_100k,,symmetric,0.4,0.0,80000.0,40.0825,0.667189781900979,0.8355,equal_n_intermediate.csv,/kaggle/input/datasets/rabianaz22/8-output-3rd-paper/equal_n_results/checkpoints,XGBoost_100k
Tabular,XGBoost_100k,,symmetric,0.4,1.0,80000.0,39.9325,0.6688882382043324,0.83785,equal_n_intermediate.csv,/kaggle/input/datasets/rabianaz22/8-output-3rd-paper/equal_n_results/checkpoints,XGBoost_100k
Tabular,XGBoost_100k,,symmetric,0.4,2.0,80000.0,40.21125,0.6709882868921241,0.83255,equal_n_intermediate.csv,/kaggle/input/datasets/rabianaz22/8-output-3rd-paper/equal_n_results/checkpoints,XGBoost_100k
Tabular,XGBoost_100k,,symmetric,0.4,3.0,80000.0,40.08875,0.6719909630695791,0.83865,equal_n_intermediate.csv,/kaggle/input/datasets/rabianaz22/8-output-3rd-paper/equal_n_results/checkpoints,XGBoost_100k
Tabular,XGBoost_100k,,symmetric,0.4,4.0,80000.0,39.975,0.6580287707498886,0.8313,equal_n_intermediate.csv,/kaggle/input/datasets/rabianaz22/8-output-3rd-paper/equal_n_results/checkpoints,XGBoost_100k
Tabular,XGBoost_100k,,asymmetric,0.0,0.0,80000.0,0.0,0.8877325141516378,0.92565,equal_n_intermediate.csv,/kaggle/input/datasets/rabianaz22/8-output-3rd-paper/equal_n_results/checkpoints,XGBoost_100k
Tabular,XGBoost_100k,,asymmetric,0.0,1.0,80000.0,0.0,0.8849035583492019,0.9299,equal_n_intermediate.csv,/kaggle/input/datasets/rabianaz22/8-output-3rd-paper/equal_n_results/checkpoints,XGBoost_100k
Tabular,XGBoost_100k,,asymmetric,0.0,2.0,80000.0,0.0,0.8782810157697228,0.9258,equal_n_intermediate.csv,/kaggle/input/datasets/rabianaz22/8-output-3rd-paper/equal_n_results/checkpoints,XGBoost_100k
Tabular,XGBoost_100k,,asymmetric,0.0,3.0,80000.0,0.0,0.8911370692030793,0.9289,equal_n_intermediate.csv,/kaggle/input/datasets/rabianaz22/8-output-3rd-paper/equal_n_results/checkpoints,XGBoost_100k
Tabular,XGBoost_100k,,asymmetric,0.0,4.0,80000.0,0.0,0.8952825411862282,0.93045,equal_n_intermediate.csv,/kaggle/input/datasets/rabianaz22/8-output-3rd-paper/equal_n_results/checkpoints,XGBoost_100k
Tabular,XGBoost_100k,,asymmetric,0.1,0.0,80000.0,10.13875,0.8397965746229802,0.90185,equal_n_intermediate.csv,/kaggle/input/datasets/rabianaz22/8-output-3rd-paper/equal_n_results/checkpoints,XGBoost_100k
Tabular,XGBoost_100k,,asymmetric,0.1,1.0,80000.0,9.93625,0.8373779798764146,0.90545,equal_n_intermediate.csv,/kaggle/input/datasets/rabianaz22/8-output-3rd-paper/equal_n_results/checkpoints,XGBoost_100k
Tabular,XGBoost_100k,,asymmetric,0.1,2.0,80000.0,10.19375,0.842049046170881,0.9018,equal_n_intermediate.csv,/kaggle/input/datasets/rabianaz22/8-output-3rd-paper/equal_n_results/checkpoints,XGBoost_100k
Tabular,XGBoost_100k,,asymmetric,0.1,3.0,80000.0,10.08375,0.8437494135719559,0.90365,equal_n_intermediate.csv,/kaggle/input/datasets/rabianaz22/8-output-3rd-paper/equal_n_results/checkpoints,XGBoost_100k
Tabular,XGBoost_100k,,asymmetric,0.1,4.0,80000.0,10.10875,0.853792252635521,0.90505,equal_n_intermediate.csv,/kaggle/input/datasets/rabianaz22/8-output-3rd-paper/equal_n_results/checkpoints,XGBoost_100k
Tabular,XGBoost_100k,,asymmetric,0.2,0.0,80000.0,19.885,0.7737474529304355,0.8653,equal_n_intermediate.csv,/kaggle/input/datasets/rabianaz22/8-output-3rd-paper/equal_n_results/checkpoints,XGBoost_100k
Tabular,XGBoost_100k,,asymmetric,0.2,1.0,80000.0,20.07125,0.7860291248059699,0.86685,equal_n_intermediate.csv,/kaggle/input/datasets/rabianaz22/8-output-3rd-paper/equal_n_results/checkpoints,XGBoost_100k
Tabular,XGBoost_100k,,asymmetric,0.2,2.0,80000.0,19.92625,0.7689508606836333,0.8613,equal_n_intermediate.csv,/kaggle/input/datasets/rabianaz22/8-output-3rd-paper/equal_n_results/checkpoints,XGBoost_100k
Tabular,XGBoost_100k,,asymmetric,0.2,3.0,80000.0,20.09,0.7730024992978662,0.86285,equal_n_intermediate.csv,/kaggle/input/datasets/rabianaz22/8-output-3rd-paper/equal_n_results/checkpoints,XGBoost_100k
Tabular,XGBoost_100k,,asymmetric,0.2,4.0,80000.0,20.01875,0.7815639630596368,0.86485,equal_n_intermediate.csv,/kaggle/input/datasets/rabianaz22/8-output-3rd-paper/equal_n_results/checkpoints,XGBoost_100k
Tabular,XGBoost_100k,,asymmetric,0.3,0.0,80000.0,29.898750000000003,0.6619082887098123,0.78375,equal_n_intermediate.csv,/kaggle/input/datasets/rabianaz22/8-output-3rd-paper/equal_n_results/checkpoints,XGBoost_100k
Tabular,XGBoost_100k,,asymmetric,0.3,1.0,80000.0,30.05625,0.672802309075332,0.78575,equal_n_intermediate.csv,/kaggle/input/datasets/rabianaz22/8-output-3rd-paper/equal_n_results/checkpoints,XGBoost_100k
Tabular,XGBoost_100k,,asymmetric,0.3,2.0,80000.0,30.03125,0.6634495842453579,0.7858,equal_n_intermediate.csv,/kaggle/input/datasets/rabianaz22/8-output-3rd-paper/equal_n_results/checkpoints,XGBoost_100k
Tabular,XGBoost_100k,,asymmetric,0.3,3.0,80000.0,29.98375,0.6487603727767283,0.78545,equal_n_intermediate.csv,/kaggle/input/datasets/rabianaz22/8-output-3rd-paper/equal_n_results/checkpoints,XGBoost_100k
Tabular,XGBoost_100k,,asymmetric,0.3,4.0,80000.0,30.051250000000003,0.6676870731422444,0.78585,equal_n_intermediate.csv,/kaggle/input/datasets/rabianaz22/8-output-3rd-paper/equal_n_results/checkpoints,XGBoost_100k
Tabular,XGBoost_100k,,asymmetric,0.4,0.0,80000.0,40.0825,0.5266695870046195,0.6542,equal_n_intermediate.csv,/kaggle/input/datasets/rabianaz22/8-output-3rd-paper/equal_n_results/checkpoints,XGBoost_100k
Tabular,XGBoost_100k,,asymmetric,0.4,1.0,80000.0,39.9325,0.5248767361284833,0.66725,equal_n_intermediate.csv,/kaggle/input/datasets/rabianaz22/8-output-3rd-paper/equal_n_results/checkpoints,XGBoost_100k
Tabular,XGBoost_100k,,asymmetric,0.4,2.0,80000.0,40.21125,0.5468152995581086,0.6549,equal_n_intermediate.csv,/kaggle/input/datasets/rabianaz22/8-output-3rd-paper/equal_n_results/checkpoints,XGBoost_100k
Tabular,XGBoost_100k,,asymmetric,0.4,3.0,80000.0,40.08875,0.5368652532062924,0.6597,equal_n_intermediate.csv,/kaggle/input/datasets/rabianaz22/8-output-3rd-paper/equal_n_results/checkpoints,XGBoost_100k
Tabular,XGBoost_100k,,asymmetric,0.4,4.0,80000.0,39.975,0.5331747943099441,0.65745,equal_n_intermediate.csv,/kaggle/input/datasets/rabianaz22/8-output-3rd-paper/equal_n_results/checkpoints,XGBoost_100k
Tabular,XGBoost_100k,,pairflip,0.4,0.0,80000.0,24.610000000000003,0.6874203641160325,0.7598,equal_n_intermediate.csv,/kaggle/input/datasets/rabianaz22/8-output-3rd-paper/equal_n_results/checkpoints,XGBoost_100k
Tabular,XGBoost_100k,,pairflip,0.4,1.0,80000.0,24.45625,0.6803468057856276,0.76405,equal_n_intermediate.csv,/kaggle/input/datasets/rabianaz22/8-output-3rd-paper/equal_n_results/checkpoints,XGBoost_100k
Tabular,XGBoost_100k,,pairflip,0.4,2.0,80000.0,24.77,0.6876058378645321,0.75775,equal_n_intermediate.csv,/kaggle/input/datasets/rabianaz22/8-output-3rd-paper/equal_n_results/checkpoints,XGBoost_100k
Tabular,XGBoost_100k,,pairflip,0.4,3.0,80000.0,24.54,0.6874052200243164,0.75925,equal_n_intermediate.csv,/kaggle/input/datasets/rabianaz22/8-output-3rd-paper/equal_n_results/checkpoints,XGBoost_100k
Tabular,XGBoost_100k,,pairflip,0.4,4.0,80000.0,24.52875,0.6949578674901993,0.7619,equal_n_intermediate.csv,/kaggle/input/datasets/rabianaz22/8-output-3rd-paper/equal_n_results/checkpoints,XGBoost_100k
Tabular,Voting_100k,,symmetric,0.0,0.0,80000.0,0.0,0.8887083899967875,0.9212,equal_n_intermediate.csv,/kaggle/input/datasets/rabianaz22/8-output-3rd-paper/equal_n_results/checkpoints,Voting_100k
Tabular,Voting_100k,,symmetric,0.0,1.0,80000.0,0.0,0.8801661309629815,0.92315,equal_n_intermediate.csv,/kaggle/input/datasets/rabianaz22/8-output-3rd-paper/equal_n_results/checkpoints,Voting_100k
Tabular,Voting_100k,,symmetric,0.0,2.0,80000.0,0.0,0.8774230638844581,0.92185,equal_n_intermediate.csv,/kaggle/input/datasets/rabianaz22/8-output-3rd-paper/equal_n_results/checkpoints,Voting_100k
Tabular,Voting_100k,,symmetric,0.0,3.0,80000.0,0.0,0.8884703945550508,0.92315,equal_n_intermediate.csv,/kaggle/input/datasets/rabianaz22/8-output-3rd-paper/equal_n_results/checkpoints,Voting_100k
Tabular,Voting_100k,,symmetric,0.0,4.0,80000.0,0.0,0.895932461912363,0.92745,equal_n_intermediate.csv,/kaggle/input/datasets/rabianaz22/8-output-3rd-paper/equal_n_results/checkpoints,Voting_100k
Tabular,Voting_100k,,symmetric,0.1,0.0,80000.0,10.13875,0.8542851668104472,0.90665,equal_n_intermediate.csv,/kaggle/input/datasets/rabianaz22/8-output-3rd-paper/equal_n_results/checkpoints,Voting_100k
Tabular,Voting_100k,,symmetric,0.1,1.0,80000.0,9.93625,0.8477170268423588,0.909,equal_n_intermediate.csv,/kaggle/input/datasets/rabianaz22/8-output-3rd-paper/equal_n_results/checkpoints,Voting_100k
Tabular,Voting_100k,,symmetric,0.1,2.0,80000.0,10.19375,0.8457545410789523,0.90565,equal_n_intermediate.csv,/kaggle/input/datasets/rabianaz22/8-output-3rd-paper/equal_n_results/checkpoints,Voting_100k
Tabular,Voting_100k,,symmetric,0.1,3.0,80000.0,10.08375,0.8508244887514722,0.9089,equal_n_intermediate.csv,/kaggle/input/datasets/rabianaz22/8-output-3rd-paper/equal_n_results/checkpoints,Voting_100k
Tabular,Voting_100k,,symmetric,0.1,4.0,80000.0,10.10875,0.856305171873163,0.91185,equal_n_intermediate.csv,/kaggle/input/datasets/rabianaz22/8-output-3rd-paper/equal_n_results/checkpoints,Voting_100k
Tabular,Voting_100k,,symmetric,0.2,0.0,80000.0,19.885,0.8104282249827044,0.89125,equal_n_intermediate.csv,/kaggle/input/datasets/rabianaz22/8-output-3rd-paper/equal_n_results/checkpoints,Voting_100k
Tabular,Voting_100k,,symmetric,0.2,1.0,80000.0,20.07125,0.8091748748505838,0.89325,equal_n_intermediate.csv,/kaggle/input/datasets/rabianaz22/8-output-3rd-paper/equal_n_results/checkpoints,Voting_100k
Tabular,Voting_100k,,symmetric,0.2,2.0,80000.0,19.92625,0.800678662505944,0.8905,equal_n_intermediate.csv,/kaggle/input/datasets/rabianaz22/8-output-3rd-paper/equal_n_results/checkpoints,Voting_100k
Tabular,Voting_100k,,symmetric,0.2,3.0,80000.0,20.09,0.8058157993606947,0.8915,equal_n_intermediate.csv,/kaggle/input/datasets/rabianaz22/8-output-3rd-paper/equal_n_results/checkpoints,Voting_100k
Tabular,Voting_100k,,symmetric,0.2,4.0,80000.0,20.01875,0.8088433946980526,0.893,equal_n_intermediate.csv,/kaggle/input/datasets/rabianaz22/8-output-3rd-paper/equal_n_results/checkpoints,Voting_100k
Tabular,Voting_100k,,symmetric,0.3,0.0,80000.0,29.898750000000003,0.7562709656439744,0.86985,equal_n_intermediate.csv,/kaggle/input/datasets/rabianaz22/8-output-3rd-paper/equal_n_results/checkpoints,Voting_100k
Tabular,Voting_100k,,symmetric,0.3,1.0,80000.0,30.05625,0.7510351303447361,0.8712,equal_n_intermediate.csv,/kaggle/input/datasets/rabianaz22/8-output-3rd-paper/equal_n_results/checkpoints,Voting_100k
Tabular,Voting_100k,,symmetric,0.3,2.0,80000.0,30.03125,0.7416235438003947,0.87035,equal_n_intermediate.csv,/kaggle/input/datasets/rabianaz22/8-output-3rd-paper/equal_n_results/checkpoints,Voting_100k
Tabular,Voting_100k,,symmetric,0.3,3.0,80000.0,29.98375,0.7394276433463449,0.86975,equal_n_intermediate.csv,/kaggle/input/datasets/rabianaz22/8-output-3rd-paper/equal_n_results/checkpoints,Voting_100k
Tabular,Voting_100k,,symmetric,0.3,4.0,80000.0,30.051250000000003,0.7510309245086232,0.87185,equal_n_intermediate.csv,/kaggle/input/datasets/rabianaz22/8-output-3rd-paper/equal_n_results/checkpoints,Voting_100k
Tabular,Voting_100k,,symmetric,0.4,0.0,80000.0,40.0825,0.6683396699288817,0.833,equal_n_intermediate.csv,/kaggle/input/datasets/rabianaz22/8-output-3rd-paper/equal_n_results/checkpoints,Voting_100k
Tabular,Voting_100k,,symmetric,0.4,1.0,80000.0,39.9325,0.6627572308021062,0.83435,equal_n_intermediate.csv,/kaggle/input/datasets/rabianaz22/8-output-3rd-paper/equal_n_results/checkpoints,Voting_100k
Tabular,Voting_100k,,symmetric,0.4,2.0,80000.0,40.21125,0.6699069464317493,0.8311,equal_n_intermediate.csv,/kaggle/input/datasets/rabianaz22/8-output-3rd-paper/equal_n_results/checkpoints,Voting_100k
Tabular,Voting_100k,,symmetric,0.4,3.0,80000.0,40.08875,0.6720954214878149,0.8377,equal_n_intermediate.csv,/kaggle/input/datasets/rabianaz22/8-output-3rd-paper/equal_n_results/checkpoints,Voting_100k
Tabular,Voting_100k,,symmetric,0.4,4.0,80000.0,39.975,0.6608427837939531,0.831,equal_n_intermediate.csv,/kaggle/input/datasets/rabianaz22/8-output-3rd-paper/equal_n_results/checkpoints,Voting_100k
Tabular,Voting_100k,,asymmetric,0.0,0.0,80000.0,0.0,0.8887083899967875,0.9212,equal_n_intermediate.csv,/kaggle/input/datasets/rabianaz22/8-output-3rd-paper/equal_n_results/checkpoints,Voting_100k
Tabular,Voting_100k,,asymmetric,0.0,1.0,80000.0,0.0,0.8801661309629815,0.92315,equal_n_intermediate.csv,/kaggle/input/datasets/rabianaz22/8-output-3rd-paper/equal_n_results/checkpoints,Voting_100k
Tabular,Voting_100k,,asymmetric,0.0,2.0,80000.0,0.0,0.8774230638844581,0.92185,equal_n_intermediate.csv,/kaggle/input/datasets/rabianaz22/8-output-3rd-paper/equal_n_results/checkpoints,Voting_100k
Tabular,Voting_100k,,asymmetric,0.0,3.0,80000.0,0.0,0.8884703945550508,0.92315,equal_n_intermediate.csv,/kaggle/input/datasets/rabianaz22/8-output-3rd-paper/equal_n_results/checkpoints,Voting_100k
Tabular,Voting_100k,,asymmetric,0.0,4.0,80000.0,0.0,0.895932461912363,0.92745,equal_n_intermediate.csv,/kaggle/input/datasets/rabianaz22/8-output-3rd-paper/equal_n_results/checkpoints,Voting_100k
Tabular,Voting_100k,,asymmetric,0.1,0.0,80000.0,10.13875,0.8549929769749106,0.90325,equal_n_intermediate.csv,/kaggle/input/datasets/rabianaz22/8-output-3rd-paper/equal_n_results/checkpoints,Voting_100k
Tabular,Voting_100k,,asymmetric,0.1,1.0,80000.0,9.93625,0.8473727660759753,0.90755,equal_n_intermediate.csv,/kaggle/input/datasets/rabianaz22/8-output-3rd-paper/equal_n_results/checkpoints,Voting_100k
Tabular,Voting_100k,,asymmetric,0.1,2.0,80000.0,10.19375,0.8465910380021062,0.90255,equal_n_intermediate.csv,/kaggle/input/datasets/rabianaz22/8-output-3rd-paper/equal_n_results/checkpoints,Voting_100k
Tabular,Voting_100k,,asymmetric,0.1,3.0,80000.0,10.08375,0.8475590868709162,0.9044,equal_n_intermediate.csv,/kaggle/input/datasets/rabianaz22/8-output-3rd-paper/equal_n_results/checkpoints,Voting_100k
Tabular,Voting_100k,,asymmetric,0.1,4.0,80000.0,10.10875,0.8582619452192845,0.90785,equal_n_intermediate.csv,/kaggle/input/datasets/rabianaz22/8-output-3rd-paper/equal_n_results/checkpoints,Voting_100k
Tabular,Voting_100k,,asymmetric,0.2,0.0,80000.0,19.885,0.7885559603433409,0.87255,equal_n_intermediate.csv,/kaggle/input/datasets/rabianaz22/8-output-3rd-paper/equal_n_results/checkpoints,Voting_100k
Tabular,Voting_100k,,asymmetric,0.2,1.0,80000.0,20.07125,0.7978099564499451,0.8737,equal_n_intermediate.csv,/kaggle/input/datasets/rabianaz22/8-output-3rd-paper/equal_n_results/checkpoints,Voting_100k
Tabular,Voting_100k,,asymmetric,0.2,2.0,80000.0,19.92625,0.7804253715912656,0.8703,equal_n_intermediate.csv,/kaggle/input/datasets/rabianaz22/8-output-3rd-paper/equal_n_results/checkpoints,Voting_100k
Tabular,Voting_100k,,asymmetric,0.2,3.0,80000.0,20.09,0.7903199830511731,0.87215,equal_n_intermediate.csv,/kaggle/input/datasets/rabianaz22/8-output-3rd-paper/equal_n_results/checkpoints,Voting_100k
Tabular,Voting_100k,,asymmetric,0.2,4.0,80000.0,20.01875,0.7964533020424874,0.8744,equal_n_intermediate.csv,/kaggle/input/datasets/rabianaz22/8-output-3rd-paper/equal_n_results/checkpoints,Voting_100k
Tabular,Voting_100k,,asymmetric,0.3,0.0,80000.0,29.898750000000003,0.687637672135258,0.80245,equal_n_intermediate.csv,/kaggle/input/datasets/rabianaz22/8-output-3rd-paper/equal_n_results/checkpoints,Voting_100k
Tabular,Voting_100k,,asymmetric,0.3,1.0,80000.0,30.05625,0.6924505449716847,0.8027,equal_n_intermediate.csv,/kaggle/input/datasets/rabianaz22/8-output-3rd-paper/equal_n_results/checkpoints,Voting_100k
Tabular,Voting_100k,,asymmetric,0.3,2.0,80000.0,30.03125,0.6826487535848494,0.80185,equal_n_intermediate.csv,/kaggle/input/datasets/rabianaz22/8-output-3rd-paper/equal_n_results/checkpoints,Voting_100k
Tabular,Voting_100k,,asymmetric,0.3,3.0,80000.0,29.98375,0.6717128159759334,0.8004,equal_n_intermediate.csv,/kaggle/input/datasets/rabianaz22/8-output-3rd-paper/equal_n_results/checkpoints,Voting_100k
Tabular,Voting_100k,,asymmetric,0.3,4.0,80000.0,30.051250000000003,0.6877649792985058,0.8046,equal_n_intermediate.csv,/kaggle/input/datasets/rabianaz22/8-output-3rd-paper/equal_n_results/checkpoints,Voting_100k
Tabular,Voting_100k,,asymmetric,0.4,0.0,80000.0,40.0825,0.5518192318853774,0.6695,equal_n_intermediate.csv,/kaggle/input/datasets/rabianaz22/8-output-3rd-paper/equal_n_results/checkpoints,Voting_100k
Tabular,Voting_100k,,asymmetric,0.4,1.0,80000.0,39.9325,0.5440003887756155,0.6796,equal_n_intermediate.csv,/kaggle/input/datasets/rabianaz22/8-output-3rd-paper/equal_n_results/checkpoints,Voting_100k
Tabular,Voting_100k,,asymmetric,0.4,2.0,80000.0,40.21125,0.5667881966534766,0.66905,equal_n_intermediate.csv,/kaggle/input/datasets/rabianaz22/8-output-3rd-paper/equal_n_results/checkpoints,Voting_100k
Tabular,Voting_100k,,asymmetric,0.4,3.0,80000.0,40.08875,0.5615050571193025,0.6717,equal_n_intermediate.csv,/kaggle/input/datasets/rabianaz22/8-output-3rd-paper/equal_n_results/checkpoints,Voting_100k
Tabular,Voting_100k,,asymmetric,0.4,4.0,80000.0,39.975,0.550915107551943,0.66925,equal_n_intermediate.csv,/kaggle/input/datasets/rabianaz22/8-output-3rd-paper/equal_n_results/checkpoints,Voting_100k
Tabular,Voting_100k,,pairflip,0.4,0.0,80000.0,24.610000000000003,0.6973172473907274,0.7652,equal_n_intermediate.csv,/kaggle/input/datasets/rabianaz22/8-output-3rd-paper/equal_n_results/checkpoints,Voting_100k
Tabular,Voting_100k,,pairflip,0.4,1.0,80000.0,24.45625,0.7001438509202613,0.76895,equal_n_intermediate.csv,/kaggle/input/datasets/rabianaz22/8-output-3rd-paper/equal_n_results/checkpoints,Voting_100k
Tabular,Voting_100k,,pairflip,0.4,2.0,80000.0,24.77,0.7035013379847055,0.7632,equal_n_intermediate.csv,/kaggle/input/datasets/rabianaz22/8-output-3rd-paper/equal_n_results/checkpoints,Voting_100k
Tabular,Voting_100k,,pairflip,0.4,3.0,80000.0,24.54,0.702670647257176,0.76435,equal_n_intermediate.csv,/kaggle/input/datasets/rabianaz22/8-output-3rd-paper/equal_n_results/checkpoints,Voting_100k
Tabular,Voting_100k,,pairflip,0.4,4.0,80000.0,24.52875,0.7073628249298468,0.7679,equal_n_intermediate.csv,/kaggle/input/datasets/rabianaz22/8-output-3rd-paper/equal_n_results/checkpoints,Voting_100k
Tabular,RF_100k,,symmetric,0.0,0.0,80000.0,0.0,0.8452537395730595,0.9013,equal_n_results_full.csv,/kaggle/input/datasets/rabianaz22/8-output-3rd-paper/equal_n_results,RF_100k
Tabular,RF_100k,,symmetric,0.0,1.0,80000.0,0.0,0.8509447668577529,0.901,equal_n_results_full.csv,/kaggle/input/datasets/rabianaz22/8-output-3rd-paper/equal_n_results,RF_100k
Tabular,RF_100k,,symmetric,0.0,2.0,80000.0,0.0,0.8484052926420247,0.901,equal_n_results_full.csv,/kaggle/input/datasets/rabianaz22/8-output-3rd-paper/equal_n_results,RF_100k
Tabular,RF_100k,,symmetric,0.0,3.0,80000.0,0.0,0.8569060621514389,0.90235,equal_n_results_full.csv,/kaggle/input/datasets/rabianaz22/8-output-3rd-paper/equal_n_results,RF_100k
Tabular,RF_100k,,symmetric,0.0,4.0,80000.0,0.0,0.8598930829548894,0.90455,equal_n_results_full.csv,/kaggle/input/datasets/rabianaz22/8-output-3rd-paper/equal_n_results,RF_100k
Tabular,RF_100k,,symmetric,0.1,0.0,80000.0,10.13875,0.8399252944945141,0.8912,equal_n_results_full.csv,/kaggle/input/datasets/rabianaz22/8-output-3rd-paper/equal_n_results,RF_100k
Tabular,RF_100k,,symmetric,0.1,1.0,80000.0,9.93625,0.8335886601538657,0.89265,equal_n_results_full.csv,/kaggle/input/datasets/rabianaz22/8-output-3rd-paper/equal_n_results,RF_100k
Tabular,RF_100k,,symmetric,0.1,2.0,80000.0,10.19375,0.8313919045634798,0.8892,equal_n_results_full.csv,/kaggle/input/datasets/rabianaz22/8-output-3rd-paper/equal_n_results,RF_100k
Tabular,RF_100k,,symmetric,0.1,3.0,80000.0,10.08375,0.8328944758846443,0.89045,equal_n_results_full.csv,/kaggle/input/datasets/rabianaz22/8-output-3rd-paper/equal_n_results,RF_100k
Tabular,RF_100k,,symmetric,0.1,4.0,80000.0,10.10875,0.8385192873699321,0.8917,equal_n_results_full.csv,/kaggle/input/datasets/rabianaz22/8-output-3rd-paper/equal_n_results,RF_100k
Tabular,RF_100k,,symmetric,0.2,0.0,80000.0,19.885,0.7916574242204801,0.8764,equal_n_results_full.csv,/kaggle/input/datasets/rabianaz22/8-output-3rd-paper/equal_n_results,RF_100k
Tabular,RF_100k,,symmetric,0.2,1.0,80000.0,20.07125,0.7946633536250324,0.87785,equal_n_results_full.csv,/kaggle/input/datasets/rabianaz22/8-output-3rd-paper/equal_n_results,RF_100k
Tabular,RF_100k,,symmetric,0.2,2.0,80000.0,19.92625,0.7878989610314591,0.87415,equal_n_results_full.csv,/kaggle/input/datasets/rabianaz22/8-output-3rd-paper/equal_n_results,RF_100k
Tabular,RF_100k,,symmetric,0.2,3.0,80000.0,20.09,0.796208696827567,0.8776,equal_n_results_full.csv,/kaggle/input/datasets/rabianaz22/8-output-3rd-paper/equal_n_results,RF_100k
Tabular,RF_100k,,symmetric,0.2,4.0,80000.0,20.01875,0.7986903785803484,0.8781,equal_n_results_full.csv,/kaggle/input/datasets/rabianaz22/8-output-3rd-paper/equal_n_results,RF_100k
Tabular,RF_100k,,symmetric,0.3,0.0,80000.0,29.898750000000003,0.7333746097684856,0.8545,equal_n_results_full.csv,/kaggle/input/datasets/rabianaz22/8-output-3rd-paper/equal_n_results,RF_100k
Tabular,RF_100k,,symmetric,0.3,1.0,80000.0,30.05625,0.7379787785412182,0.8562,equal_n_results_full.csv,/kaggle/input/datasets/rabianaz22/8-output-3rd-paper/equal_n_results,RF_100k
Tabular,RF_100k,,symmetric,0.3,2.0,80000.0,30.03125,0.7296645919277959,0.8535,equal_n_results_full.csv,/kaggle/input/datasets/rabianaz22/8-output-3rd-paper/equal_n_results,RF_100k
Tabular,RF_100k,,symmetric,0.3,3.0,80000.0,29.98375,0.721052402149852,0.8548,equal_n_results_full.csv,/kaggle/input/datasets/rabianaz22/8-output-3rd-paper/equal_n_results,RF_100k
Tabular,RF_100k,,symmetric,0.3,4.0,80000.0,30.051250000000003,0.7235481714883135,0.85465,equal_n_results_full.csv,/kaggle/input/datasets/rabianaz22/8-output-3rd-paper/equal_n_results,RF_100k
Tabular,RF_100k,,symmetric,0.4,0.0,80000.0,40.0825,0.644497044545132,0.8134,equal_n_results_full.csv,/kaggle/input/datasets/rabianaz22/8-output-3rd-paper/equal_n_results,RF_100k
Tabular,RF_100k,,symmetric,0.4,1.0,80000.0,39.9325,0.651346331509208,0.8175,equal_n_results_full.csv,/kaggle/input/datasets/rabianaz22/8-output-3rd-paper/equal_n_results,RF_100k
Tabular,RF_100k,,symmetric,0.4,2.0,80000.0,40.21125,0.646945915567861,0.8129,equal_n_results_full.csv,/kaggle/input/datasets/rabianaz22/8-output-3rd-paper/equal_n_results,RF_100k
Tabular,RF_100k,,symmetric,0.4,3.0,80000.0,40.08875,0.6525907767970808,0.81945,equal_n_results_full.csv,/kaggle/input/datasets/rabianaz22/8-output-3rd-paper/equal_n_results,RF_100k
Tabular,RF_100k,,symmetric,0.4,4.0,80000.0,39.975,0.6501230939588127,0.81795,equal_n_results_full.csv,/kaggle/input/datasets/rabianaz22/8-output-3rd-paper/equal_n_results,RF_100k
Tabular,RF_100k,,asymmetric,0.0,0.0,80000.0,0.0,0.8452537395730595,0.9013,equal_n_results_full.csv,/kaggle/input/datasets/rabianaz22/8-output-3rd-paper/equal_n_results,RF_100k
Tabular,RF_100k,,asymmetric,0.0,1.0,80000.0,0.0,0.8509447668577529,0.901,equal_n_results_full.csv,/kaggle/input/datasets/rabianaz22/8-output-3rd-paper/equal_n_results,RF_100k
Tabular,RF_100k,,asymmetric,0.0,2.0,80000.0,0.0,0.8484052926420247,0.901,equal_n_results_full.csv,/kaggle/input/datasets/rabianaz22/8-output-3rd-paper/equal_n_results,RF_100k
Tabular,RF_100k,,asymmetric,0.0,3.0,80000.0,0.0,0.8569060621514389,0.90235,equal_n_results_full.csv,/kaggle/input/datasets/rabianaz22/8-output-3rd-paper/equal_n_results,RF_100k
Tabular,RF_100k,,asymmetric,0.0,4.0,80000.0,0.0,0.8598930829548894,0.90455,equal_n_results_full.csv,/kaggle/input/datasets/rabianaz22/8-output-3rd-paper/equal_n_results,RF_100k
Tabular,RF_100k,,asymmetric,0.1,0.0,80000.0,10.13875,0.8303340270574286,0.88945,equal_n_results_full.csv,/kaggle/input/datasets/rabianaz22/8-output-3rd-paper/equal_n_results,RF_100k
Tabular,RF_100k,,asymmetric,0.1,1.0,80000.0,9.93625,0.8316079963627706,0.89215,equal_n_results_full.csv,/kaggle/input/datasets/rabianaz22/8-output-3rd-paper/equal_n_results,RF_100k
Tabular,RF_100k,,asymmetric,0.1,2.0,80000.0,10.19375,0.8343496101794436,0.88815,equal_n_results_full.csv,/kaggle/input/datasets/rabianaz22/8-output-3rd-paper/equal_n_results,RF_100k
Tabular,RF_100k,,asymmetric,0.1,3.0,80000.0,10.08375,0.8344566529016083,0.89095,equal_n_results_full.csv,/kaggle/input/datasets/rabianaz22/8-output-3rd-paper/equal_n_results,RF_100k
Tabular,RF_100k,,asymmetric,0.1,4.0,80000.0,10.10875,0.8380924240008474,0.894,equal_n_results_full.csv,/kaggle/input/datasets/rabianaz22/8-output-3rd-paper/equal_n_results,RF_100k
Tabular,RF_100k,,asymmetric,0.2,0.0,80000.0,19.885,0.7776634028646018,0.86285,equal_n_results_full.csv,/kaggle/input/datasets/rabianaz22/8-output-3rd-paper/equal_n_results,RF_100k
Tabular,RF_100k,,asymmetric,0.2,1.0,80000.0,20.07125,0.7852243874226897,0.8662,equal_n_results_full.csv,/kaggle/input/datasets/rabianaz22/8-output-3rd-paper/equal_n_results,RF_100k
Tabular,RF_100k,,asymmetric,0.2,2.0,80000.0,19.92625,0.7688675706301863,0.8619,equal_n_results_full.csv,/kaggle/input/datasets/rabianaz22/8-output-3rd-paper/equal_n_results,RF_100k
Tabular,RF_100k,,asymmetric,0.2,3.0,80000.0,20.09,0.7780220023803306,0.86235,equal_n_results_full.csv,/kaggle/input/datasets/rabianaz22/8-output-3rd-paper/equal_n_results,RF_100k
Tabular,RF_100k,,asymmetric,0.2,4.0,80000.0,20.01875,0.787778552085851,0.86825,equal_n_results_full.csv,/kaggle/input/datasets/rabianaz22/8-output-3rd-paper/equal_n_results,RF_100k
Tabular,RF_100k,,asymmetric,0.3,0.0,80000.0,29.898750000000003,0.671301854411214,0.79475,equal_n_results_full.csv,/kaggle/input/datasets/rabianaz22/8-output-3rd-paper/equal_n_results,RF_100k
Tabular,RF_100k,,asymmetric,0.3,1.0,80000.0,30.05625,0.6875944642363884,0.80075,equal_n_results_full.csv,/kaggle/input/datasets/rabianaz22/8-output-3rd-paper/equal_n_results,RF_100k
Tabular,RF_100k,,asymmetric,0.3,2.0,80000.0,30.03125,0.6767694731117484,0.79575,equal_n_results_full.csv,/kaggle/input/datasets/rabianaz22/8-output-3rd-paper/equal_n_results,RF_100k
Tabular,RF_100k,,asymmetric,0.3,3.0,80000.0,29.98375,0.6611908366554571,0.7945,equal_n_results_full.csv,/kaggle/input/datasets/rabianaz22/8-output-3rd-paper/equal_n_results,RF_100k
Tabular,RF_100k,,asymmetric,0.3,4.0,80000.0,30.051250000000003,0.6744831446686729,0.79935,equal_n_results_full.csv,/kaggle/input/datasets/rabianaz22/8-output-3rd-paper/equal_n_results,RF_100k
Tabular,RF_100k,,asymmetric,0.4,0.0,80000.0,40.0825,0.5449397855730371,0.6636,equal_n_results_full.csv,/kaggle/input/datasets/rabianaz22/8-output-3rd-paper/equal_n_results,RF_100k
Tabular,RF_100k,,asymmetric,0.4,1.0,80000.0,39.9325,0.5304333466063726,0.6682,equal_n_results_full.csv,/kaggle/input/datasets/rabianaz22/8-output-3rd-paper/equal_n_results,RF_100k
Tabular,RF_100k,,asymmetric,0.4,2.0,80000.0,40.21125,0.5535487198752017,0.66285,equal_n_results_full.csv,/kaggle/input/datasets/rabianaz22/8-output-3rd-paper/equal_n_results,RF_100k
Tabular,RF_100k,,asymmetric,0.4,3.0,80000.0,40.08875,0.5476709358048378,0.6661,equal_n_results_full.csv,/kaggle/input/datasets/rabianaz22/8-output-3rd-paper/equal_n_results,RF_100k
Tabular,RF_100k,,asymmetric,0.4,4.0,80000.0,39.975,0.5373010496640217,0.6602,equal_n_results_full.csv,/kaggle/input/datasets/rabianaz22/8-output-3rd-paper/equal_n_results,RF_100k
Tabular,RF_100k,,pairflip,0.4,0.0,80000.0,24.610000000000003,0.6911676428212282,0.75675,equal_n_results_full.csv,/kaggle/input/datasets/rabianaz22/8-output-3rd-paper/equal_n_results,RF_100k
Tabular,RF_100k,,pairflip,0.4,1.0,80000.0,24.45625,0.6869145411073231,0.75775,equal_n_results_full.csv,/kaggle/input/datasets/rabianaz22/8-output-3rd-paper/equal_n_results,RF_100k
Tabular,RF_100k,,pairflip,0.4,2.0,80000.0,24.77,0.692254053274174,0.7538,equal_n_results_full.csv,/kaggle/input/datasets/rabianaz22/8-output-3rd-paper/equal_n_results,RF_100k
Tabular,RF_100k,,pairflip,0.4,3.0,80000.0,24.54,0.6994360182433726,0.7604,equal_n_results_full.csv,/kaggle/input/datasets/rabianaz22/8-output-3rd-paper/equal_n_results,RF_100k
Tabular,RF_100k,,pairflip,0.4,4.0,80000.0,24.52875,0.6900858245734077,0.75635,equal_n_results_full.csv,/kaggle/input/datasets/rabianaz22/8-output-3rd-paper/equal_n_results,RF_100k
Tabular,XGBoost_100k,,symmetric,0.0,0.0,80000.0,0.0,0.8877325141516378,0.92565,equal_n_results_full.csv,/kaggle/input/datasets/rabianaz22/8-output-3rd-paper/equal_n_results,XGBoost_100k
Tabular,XGBoost_100k,,symmetric,0.0,1.0,80000.0,0.0,0.8849035583492019,0.9299,equal_n_results_full.csv,/kaggle/input/datasets/rabianaz22/8-output-3rd-paper/equal_n_results,XGBoost_100k
Tabular,XGBoost_100k,,symmetric,0.0,2.0,80000.0,0.0,0.8782810157697228,0.9258,equal_n_results_full.csv,/kaggle/input/datasets/rabianaz22/8-output-3rd-paper/equal_n_results,XGBoost_100k
Tabular,XGBoost_100k,,symmetric,0.0,3.0,80000.0,0.0,0.8911370692030793,0.9289,equal_n_results_full.csv,/kaggle/input/datasets/rabianaz22/8-output-3rd-paper/equal_n_results,XGBoost_100k
Tabular,XGBoost_100k,,symmetric,0.0,4.0,80000.0,0.0,0.8952825411862282,0.93045,equal_n_results_full.csv,/kaggle/input/datasets/rabianaz22/8-output-3rd-paper/equal_n_results,XGBoost_100k
Tabular,XGBoost_100k,,symmetric,0.1,0.0,80000.0,10.13875,0.8506438357001207,0.9093,equal_n_results_full.csv,/kaggle/input/datasets/rabianaz22/8-output-3rd-paper/equal_n_results,XGBoost_100k
Tabular,XGBoost_100k,,symmetric,0.1,1.0,80000.0,9.93625,0.8493762439098297,0.9134,equal_n_results_full.csv,/kaggle/input/datasets/rabianaz22/8-output-3rd-paper/equal_n_results,XGBoost_100k
Tabular,XGBoost_100k,,symmetric,0.1,2.0,80000.0,10.19375,0.8483266845555749,0.9087,equal_n_results_full.csv,/kaggle/input/datasets/rabianaz22/8-output-3rd-paper/equal_n_results,XGBoost_100k
Tabular,XGBoost_100k,,symmetric,0.1,3.0,80000.0,10.08375,0.8503349984425604,0.91205,equal_n_results_full.csv,/kaggle/input/datasets/rabianaz22/8-output-3rd-paper/equal_n_results,XGBoost_100k
Tabular,XGBoost_100k,,symmetric,0.1,4.0,80000.0,10.10875,0.8461229996216352,0.91095,equal_n_results_full.csv,/kaggle/input/datasets/rabianaz22/8-output-3rd-paper/equal_n_results,XGBoost_100k
Tabular,XGBoost_100k,,symmetric,0.2,0.0,80000.0,19.885,0.8093230355973482,0.8934,equal_n_results_full.csv,/kaggle/input/datasets/rabianaz22/8-output-3rd-paper/equal_n_results,XGBoost_100k
Tabular,XGBoost_100k,,symmetric,0.2,1.0,80000.0,20.07125,0.805622467231001,0.8941,equal_n_results_full.csv,/kaggle/input/datasets/rabianaz22/8-output-3rd-paper/equal_n_results,XGBoost_100k
Tabular,XGBoost_100k,,symmetric,0.2,2.0,80000.0,19.92625,0.7979525532188434,0.89295,equal_n_results_full.csv,/kaggle/input/datasets/rabianaz22/8-output-3rd-paper/equal_n_results,XGBoost_100k
Tabular,XGBoost_100k,,symmetric,0.2,3.0,80000.0,20.09,0.8062576106687824,0.89305,equal_n_results_full.csv,/kaggle/input/datasets/rabianaz22/8-output-3rd-paper/equal_n_results,XGBoost_100k
Tabular,XGBoost_100k,,symmetric,0.2,4.0,80000.0,20.01875,0.8157095923146561,0.89375,equal_n_results_full.csv,/kaggle/input/datasets/rabianaz22/8-output-3rd-paper/equal_n_results,XGBoost_100k
Tabular,XGBoost_100k,,symmetric,0.3,0.0,80000.0,29.898750000000003,0.7591665024598545,0.8704,equal_n_results_full.csv,/kaggle/input/datasets/rabianaz22/8-output-3rd-paper/equal_n_results,XGBoost_100k
Tabular,XGBoost_100k,,symmetric,0.3,1.0,80000.0,30.05625,0.7506485664520727,0.8728,equal_n_results_full.csv,/kaggle/input/datasets/rabianaz22/8-output-3rd-paper/equal_n_results,XGBoost_100k
Tabular,XGBoost_100k,,symmetric,0.3,2.0,80000.0,30.03125,0.7436419851659605,0.86735,equal_n_results_full.csv,/kaggle/input/datasets/rabianaz22/8-output-3rd-paper/equal_n_results,XGBoost_100k
Tabular,XGBoost_100k,,symmetric,0.3,3.0,80000.0,29.98375,0.7380834959970575,0.86895,equal_n_results_full.csv,/kaggle/input/datasets/rabianaz22/8-output-3rd-paper/equal_n_results,XGBoost_100k
Tabular,XGBoost_100k,,symmetric,0.3,4.0,80000.0,30.051250000000003,0.7474185236473655,0.87025,equal_n_results_full.csv,/kaggle/input/datasets/rabianaz22/8-output-3rd-paper/equal_n_results,XGBoost_100k
Tabular,XGBoost_100k,,symmetric,0.4,0.0,80000.0,40.0825,0.667189781900979,0.8355,equal_n_results_full.csv,/kaggle/input/datasets/rabianaz22/8-output-3rd-paper/equal_n_results,XGBoost_100k
Tabular,XGBoost_100k,,symmetric,0.4,1.0,80000.0,39.9325,0.6688882382043324,0.83785,equal_n_results_full.csv,/kaggle/input/datasets/rabianaz22/8-output-3rd-paper/equal_n_results,XGBoost_100k
Tabular,XGBoost_100k,,symmetric,0.4,2.0,80000.0,40.21125,0.6709882868921241,0.83255,equal_n_results_full.csv,/kaggle/input/datasets/rabianaz22/8-output-3rd-paper/equal_n_results,XGBoost_100k
Tabular,XGBoost_100k,,symmetric,0.4,3.0,80000.0,40.08875,0.6719909630695791,0.83865,equal_n_results_full.csv,/kaggle/input/datasets/rabianaz22/8-output-3rd-paper/equal_n_results,XGBoost_100k
Tabular,XGBoost_100k,,symmetric,0.4,4.0,80000.0,39.975,0.6580287707498886,0.8313,equal_n_results_full.csv,/kaggle/input/datasets/rabianaz22/8-output-3rd-paper/equal_n_results,XGBoost_100k
Tabular,XGBoost_100k,,asymmetric,0.0,0.0,80000.0,0.0,0.8877325141516378,0.92565,equal_n_results_full.csv,/kaggle/input/datasets/rabianaz22/8-output-3rd-paper/equal_n_results,XGBoost_100k
Tabular,XGBoost_100k,,asymmetric,0.0,1.0,80000.0,0.0,0.8849035583492019,0.9299,equal_n_results_full.csv,/kaggle/input/datasets/rabianaz22/8-output-3rd-paper/equal_n_results,XGBoost_100k
Tabular,XGBoost_100k,,asymmetric,0.0,2.0,80000.0,0.0,0.8782810157697228,0.9258,equal_n_results_full.csv,/kaggle/input/datasets/rabianaz22/8-output-3rd-paper/equal_n_results,XGBoost_100k
Tabular,XGBoost_100k,,asymmetric,0.0,3.0,80000.0,0.0,0.8911370692030793,0.9289,equal_n_results_full.csv,/kaggle/input/datasets/rabianaz22/8-output-3rd-paper/equal_n_results,XGBoost_100k
Tabular,XGBoost_100k,,asymmetric,0.0,4.0,80000.0,0.0,0.8952825411862282,0.93045,equal_n_results_full.csv,/kaggle/input/datasets/rabianaz22/8-output-3rd-paper/equal_n_results,XGBoost_100k
Tabular,XGBoost_100k,,asymmetric,0.1,0.0,80000.0,10.13875,0.8397965746229802,0.90185,equal_n_results_full.csv,/kaggle/input/datasets/rabianaz22/8-output-3rd-paper/equal_n_results,XGBoost_100k
Tabular,XGBoost_100k,,asymmetric,0.1,1.0,80000.0,9.93625,0.8373779798764146,0.90545,equal_n_results_full.csv,/kaggle/input/datasets/rabianaz22/8-output-3rd-paper/equal_n_results,XGBoost_100k
Tabular,XGBoost_100k,,asymmetric,0.1,2.0,80000.0,10.19375,0.842049046170881,0.9018,equal_n_results_full.csv,/kaggle/input/datasets/rabianaz22/8-output-3rd-paper/equal_n_results,XGBoost_100k
Tabular,XGBoost_100k,,asymmetric,0.1,3.0,80000.0,10.08375,0.8437494135719559,0.90365,equal_n_results_full.csv,/kaggle/input/datasets/rabianaz22/8-output-3rd-paper/equal_n_results,XGBoost_100k
Tabular,XGBoost_100k,,asymmetric,0.1,4.0,80000.0,10.10875,0.853792252635521,0.90505,equal_n_results_full.csv,/kaggle/input/datasets/rabianaz22/8-output-3rd-paper/equal_n_results,XGBoost_100k
Tabular,XGBoost_100k,,asymmetric,0.2,0.0,80000.0,19.885,0.7737474529304355,0.8653,equal_n_results_full.csv,/kaggle/input/datasets/rabianaz22/8-output-3rd-paper/equal_n_results,XGBoost_100k
Tabular,XGBoost_100k,,asymmetric,0.2,1.0,80000.0,20.07125,0.7860291248059699,0.86685,equal_n_results_full.csv,/kaggle/input/datasets/rabianaz22/8-output-3rd-paper/equal_n_results,XGBoost_100k
Tabular,XGBoost_100k,,asymmetric,0.2,2.0,80000.0,19.92625,0.7689508606836333,0.8613,equal_n_results_full.csv,/kaggle/input/datasets/rabianaz22/8-output-3rd-paper/equal_n_results,XGBoost_100k
Tabular,XGBoost_100k,,asymmetric,0.2,3.0,80000.0,20.09,0.7730024992978662,0.86285,equal_n_results_full.csv,/kaggle/input/datasets/rabianaz22/8-output-3rd-paper/equal_n_results,XGBoost_100k
Tabular,XGBoost_100k,,asymmetric,0.2,4.0,80000.0,20.01875,0.7815639630596368,0.86485,equal_n_results_full.csv,/kaggle/input/datasets/rabianaz22/8-output-3rd-paper/equal_n_results,XGBoost_100k
Tabular,XGBoost_100k,,asymmetric,0.3,0.0,80000.0,29.898750000000003,0.6619082887098123,0.78375,equal_n_results_full.csv,/kaggle/input/datasets/rabianaz22/8-output-3rd-paper/equal_n_results,XGBoost_100k
Tabular,XGBoost_100k,,asymmetric,0.3,1.0,80000.0,30.05625,0.672802309075332,0.78575,equal_n_results_full.csv,/kaggle/input/datasets/rabianaz22/8-output-3rd-paper/equal_n_results,XGBoost_100k
Tabular,XGBoost_100k,,asymmetric,0.3,2.0,80000.0,30.03125,0.6634495842453579,0.7858,equal_n_results_full.csv,/kaggle/input/datasets/rabianaz22/8-output-3rd-paper/equal_n_results,XGBoost_100k
Tabular,XGBoost_100k,,asymmetric,0.3,3.0,80000.0,29.98375,0.6487603727767283,0.78545,equal_n_results_full.csv,/kaggle/input/datasets/rabianaz22/8-output-3rd-paper/equal_n_results,XGBoost_100k
Tabular,XGBoost_100k,,asymmetric,0.3,4.0,80000.0,30.051250000000003,0.6676870731422444,0.78585,equal_n_results_full.csv,/kaggle/input/datasets/rabianaz22/8-output-3rd-paper/equal_n_results,XGBoost_100k
Tabular,XGBoost_100k,,asymmetric,0.4,0.0,80000.0,40.0825,0.5266695870046195,0.6542,equal_n_results_full.csv,/kaggle/input/datasets/rabianaz22/8-output-3rd-paper/equal_n_results,XGBoost_100k
Tabular,XGBoost_100k,,asymmetric,0.4,1.0,80000.0,39.9325,0.5248767361284833,0.66725,equal_n_results_full.csv,/kaggle/input/datasets/rabianaz22/8-output-3rd-paper/equal_n_results,XGBoost_100k
Tabular,XGBoost_100k,,asymmetric,0.4,2.0,80000.0,40.21125,0.5468152995581086,0.6549,equal_n_results_full.csv,/kaggle/input/datasets/rabianaz22/8-output-3rd-paper/equal_n_results,XGBoost_100k
Tabular,XGBoost_100k,,asymmetric,0.4,3.0,80000.0,40.08875,0.5368652532062924,0.6597,equal_n_results_full.csv,/kaggle/input/datasets/rabianaz22/8-output-3rd-paper/equal_n_results,XGBoost_100k
Tabular,XGBoost_100k,,asymmetric,0.4,4.0,80000.0,39.975,0.5331747943099441,0.65745,equal_n_results_full.csv,/kaggle/input/datasets/rabianaz22/8-output-3rd-paper/equal_n_results,XGBoost_100k
Tabular,XGBoost_100k,,pairflip,0.4,0.0,80000.0,24.610000000000003,0.6874203641160325,0.7598,equal_n_results_full.csv,/kaggle/input/datasets/rabianaz22/8-output-3rd-paper/equal_n_results,XGBoost_100k
Tabular,XGBoost_100k,,pairflip,0.4,1.0,80000.0,24.45625,0.6803468057856276,0.76405,equal_n_results_full.csv,/kaggle/input/datasets/rabianaz22/8-output-3rd-paper/equal_n_results,XGBoost_100k
Tabular,XGBoost_100k,,pairflip,0.4,2.0,80000.0,24.77,0.6876058378645321,0.75775,equal_n_results_full.csv,/kaggle/input/datasets/rabianaz22/8-output-3rd-paper/equal_n_results,XGBoost_100k
Tabular,XGBoost_100k,,pairflip,0.4,3.0,80000.0,24.54,0.6874052200243164,0.75925,equal_n_results_full.csv,/kaggle/input/datasets/rabianaz22/8-output-3rd-paper/equal_n_results,XGBoost_100k
Tabular,XGBoost_100k,,pairflip,0.4,4.0,80000.0,24.52875,0.6949578674901993,0.7619,equal_n_results_full.csv,/kaggle/input/datasets/rabianaz22/8-output-3rd-paper/equal_n_results,XGBoost_100k
Tabular,Voting_100k,,symmetric,0.0,0.0,80000.0,0.0,0.8887083899967875,0.9212,equal_n_results_full.csv,/kaggle/input/datasets/rabianaz22/8-output-3rd-paper/equal_n_results,Voting_100k
Tabular,Voting_100k,,symmetric,0.0,1.0,80000.0,0.0,0.8801661309629815,0.92315,equal_n_results_full.csv,/kaggle/input/datasets/rabianaz22/8-output-3rd-paper/equal_n_results,Voting_100k
Tabular,Voting_100k,,symmetric,0.0,2.0,80000.0,0.0,0.8774230638844581,0.92185,equal_n_results_full.csv,/kaggle/input/datasets/rabianaz22/8-output-3rd-paper/equal_n_results,Voting_100k
Tabular,Voting_100k,,symmetric,0.0,3.0,80000.0,0.0,0.8884703945550508,0.92315,equal_n_results_full.csv,/kaggle/input/datasets/rabianaz22/8-output-3rd-paper/equal_n_results,Voting_100k
Tabular,Voting_100k,,symmetric,0.0,4.0,80000.0,0.0,0.895932461912363,0.92745,equal_n_results_full.csv,/kaggle/input/datasets/rabianaz22/8-output-3rd-paper/equal_n_results,Voting_100k
Tabular,Voting_100k,,symmetric,0.1,0.0,80000.0,10.13875,0.8542851668104472,0.90665,equal_n_results_full.csv,/kaggle/input/datasets/rabianaz22/8-output-3rd-paper/equal_n_results,Voting_100k
Tabular,Voting_100k,,symmetric,0.1,1.0,80000.0,9.93625,0.8477170268423588,0.909,equal_n_results_full.csv,/kaggle/input/datasets/rabianaz22/8-output-3rd-paper/equal_n_results,Voting_100k
Tabular,Voting_100k,,symmetric,0.1,2.0,80000.0,10.19375,0.8457545410789523,0.90565,equal_n_results_full.csv,/kaggle/input/datasets/rabianaz22/8-output-3rd-paper/equal_n_results,Voting_100k
Tabular,Voting_100k,,symmetric,0.1,3.0,80000.0,10.08375,0.8508244887514722,0.9089,equal_n_results_full.csv,/kaggle/input/datasets/rabianaz22/8-output-3rd-paper/equal_n_results,Voting_100k
Tabular,Voting_100k,,symmetric,0.1,4.0,80000.0,10.10875,0.856305171873163,0.91185,equal_n_results_full.csv,/kaggle/input/datasets/rabianaz22/8-output-3rd-paper/equal_n_results,Voting_100k
Tabular,Voting_100k,,symmetric,0.2,0.0,80000.0,19.885,0.8104282249827044,0.89125,equal_n_results_full.csv,/kaggle/input/datasets/rabianaz22/8-output-3rd-paper/equal_n_results,Voting_100k
Tabular,Voting_100k,,symmetric,0.2,1.0,80000.0,20.07125,0.8091748748505838,0.89325,equal_n_results_full.csv,/kaggle/input/datasets/rabianaz22/8-output-3rd-paper/equal_n_results,Voting_100k
Tabular,Voting_100k,,symmetric,0.2,2.0,80000.0,19.92625,0.800678662505944,0.8905,equal_n_results_full.csv,/kaggle/input/datasets/rabianaz22/8-output-3rd-paper/equal_n_results,Voting_100k
Tabular,Voting_100k,,symmetric,0.2,3.0,80000.0,20.09,0.8058157993606947,0.8915,equal_n_results_full.csv,/kaggle/input/datasets/rabianaz22/8-output-3rd-paper/equal_n_results,Voting_100k
Tabular,Voting_100k,,symmetric,0.2,4.0,80000.0,20.01875,0.8088433946980526,0.893,equal_n_results_full.csv,/kaggle/input/datasets/rabianaz22/8-output-3rd-paper/equal_n_results,Voting_100k
Tabular,Voting_100k,,symmetric,0.3,0.0,80000.0,29.898750000000003,0.7562709656439744,0.86985,equal_n_results_full.csv,/kaggle/input/datasets/rabianaz22/8-output-3rd-paper/equal_n_results,Voting_100k
Tabular,Voting_100k,,symmetric,0.3,1.0,80000.0,30.05625,0.7510351303447361,0.8712,equal_n_results_full.csv,/kaggle/input/datasets/rabianaz22/8-output-3rd-paper/equal_n_results,Voting_100k
Tabular,Voting_100k,,symmetric,0.3,2.0,80000.0,30.03125,0.7416235438003947,0.87035,equal_n_results_full.csv,/kaggle/input/datasets/rabianaz22/8-output-3rd-paper/equal_n_results,Voting_100k
Tabular,Voting_100k,,symmetric,0.3,3.0,80000.0,29.98375,0.7394276433463449,0.86975,equal_n_results_full.csv,/kaggle/input/datasets/rabianaz22/8-output-3rd-paper/equal_n_results,Voting_100k
Tabular,Voting_100k,,symmetric,0.3,4.0,80000.0,30.051250000000003,0.7510309245086232,0.87185,equal_n_results_full.csv,/kaggle/input/datasets/rabianaz22/8-output-3rd-paper/equal_n_results,Voting_100k
Tabular,Voting_100k,,symmetric,0.4,0.0,80000.0,40.0825,0.6683396699288817,0.833,equal_n_results_full.csv,/kaggle/input/datasets/rabianaz22/8-output-3rd-paper/equal_n_results,Voting_100k
Tabular,Voting_100k,,symmetric,0.4,1.0,80000.0,39.9325,0.6627572308021062,0.83435,equal_n_results_full.csv,/kaggle/input/datasets/rabianaz22/8-output-3rd-paper/equal_n_results,Voting_100k
Tabular,Voting_100k,,symmetric,0.4,2.0,80000.0,40.21125,0.6699069464317493,0.8311,equal_n_results_full.csv,/kaggle/input/datasets/rabianaz22/8-output-3rd-paper/equal_n_results,Voting_100k
Tabular,Voting_100k,,symmetric,0.4,3.0,80000.0,40.08875,0.6720954214878149,0.8377,equal_n_results_full.csv,/kaggle/input/datasets/rabianaz22/8-output-3rd-paper/equal_n_results,Voting_100k
Tabular,Voting_100k,,symmetric,0.4,4.0,80000.0,39.975,0.6608427837939531,0.831,equal_n_results_full.csv,/kaggle/input/datasets/rabianaz22/8-output-3rd-paper/equal_n_results,Voting_100k
Tabular,Voting_100k,,asymmetric,0.0,0.0,80000.0,0.0,0.8887083899967875,0.9212,equal_n_results_full.csv,/kaggle/input/datasets/rabianaz22/8-output-3rd-paper/equal_n_results,Voting_100k
Tabular,Voting_100k,,asymmetric,0.0,1.0,80000.0,0.0,0.8801661309629815,0.92315,equal_n_results_full.csv,/kaggle/input/datasets/rabianaz22/8-output-3rd-paper/equal_n_results,Voting_100k
Tabular,Voting_100k,,asymmetric,0.0,2.0,80000.0,0.0,0.8774230638844581,0.92185,equal_n_results_full.csv,/kaggle/input/datasets/rabianaz22/8-output-3rd-paper/equal_n_results,Voting_100k
Tabular,Voting_100k,,asymmetric,0.0,3.0,80000.0,0.0,0.8884703945550508,0.92315,equal_n_results_full.csv,/kaggle/input/datasets/rabianaz22/8-output-3rd-paper/equal_n_results,Voting_100k
Tabular,Voting_100k,,asymmetric,0.0,4.0,80000.0,0.0,0.895932461912363,0.92745,equal_n_results_full.csv,/kaggle/input/datasets/rabianaz22/8-output-3rd-paper/equal_n_results,Voting_100k
Tabular,Voting_100k,,asymmetric,0.1,0.0,80000.0,10.13875,0.8549929769749106,0.90325,equal_n_results_full.csv,/kaggle/input/datasets/rabianaz22/8-output-3rd-paper/equal_n_results,Voting_100k
Tabular,Voting_100k,,asymmetric,0.1,1.0,80000.0,9.93625,0.8473727660759753,0.90755,equal_n_results_full.csv,/kaggle/input/datasets/rabianaz22/8-output-3rd-paper/equal_n_results,Voting_100k
Tabular,Voting_100k,,asymmetric,0.1,2.0,80000.0,10.19375,0.8465910380021062,0.90255,equal_n_results_full.csv,/kaggle/input/datasets/rabianaz22/8-output-3rd-paper/equal_n_results,Voting_100k
Tabular,Voting_100k,,asymmetric,0.1,3.0,80000.0,10.08375,0.8475590868709162,0.9044,equal_n_results_full.csv,/kaggle/input/datasets/rabianaz22/8-output-3rd-paper/equal_n_results,Voting_100k
Tabular,Voting_100k,,asymmetric,0.1,4.0,80000.0,10.10875,0.8582619452192845,0.90785,equal_n_results_full.csv,/kaggle/input/datasets/rabianaz22/8-output-3rd-paper/equal_n_results,Voting_100k
Tabular,Voting_100k,,asymmetric,0.2,0.0,80000.0,19.885,0.7885559603433409,0.87255,equal_n_results_full.csv,/kaggle/input/datasets/rabianaz22/8-output-3rd-paper/equal_n_results,Voting_100k
Tabular,Voting_100k,,asymmetric,0.2,1.0,80000.0,20.07125,0.7978099564499451,0.8737,equal_n_results_full.csv,/kaggle/input/datasets/rabianaz22/8-output-3rd-paper/equal_n_results,Voting_100k
Tabular,Voting_100k,,asymmetric,0.2,2.0,80000.0,19.92625,0.7804253715912656,0.8703,equal_n_results_full.csv,/kaggle/input/datasets/rabianaz22/8-output-3rd-paper/equal_n_results,Voting_100k
Tabular,Voting_100k,,asymmetric,0.2,3.0,80000.0,20.09,0.7903199830511731,0.87215,equal_n_results_full.csv,/kaggle/input/datasets/rabianaz22/8-output-3rd-paper/equal_n_results,Voting_100k
Tabular,Voting_100k,,asymmetric,0.2,4.0,80000.0,20.01875,0.7964533020424874,0.8744,equal_n_results_full.csv,/kaggle/input/datasets/rabianaz22/8-output-3rd-paper/equal_n_results,Voting_100k
Tabular,Voting_100k,,asymmetric,0.3,0.0,80000.0,29.898750000000003,0.687637672135258,0.80245,equal_n_results_full.csv,/kaggle/input/datasets/rabianaz22/8-output-3rd-paper/equal_n_results,Voting_100k
Tabular,Voting_100k,,asymmetric,0.3,1.0,80000.0,30.05625,0.6924505449716847,0.8027,equal_n_results_full.csv,/kaggle/input/datasets/rabianaz22/8-output-3rd-paper/equal_n_results,Voting_100k
Tabular,Voting_100k,,asymmetric,0.3,2.0,80000.0,30.03125,0.6826487535848494,0.80185,equal_n_results_full.csv,/kaggle/input/datasets/rabianaz22/8-output-3rd-paper/equal_n_results,Voting_100k
Tabular,Voting_100k,,asymmetric,0.3,3.0,80000.0,29.98375,0.6717128159759334,0.8004,equal_n_results_full.csv,/kaggle/input/datasets/rabianaz22/8-output-3rd-paper/equal_n_results,Voting_100k
Tabular,Voting_100k,,asymmetric,0.3,4.0,80000.0,30.051250000000003,0.6877649792985058,0.8046,equal_n_results_full.csv,/kaggle/input/datasets/rabianaz22/8-output-3rd-paper/equal_n_results,Voting_100k
Tabular,Voting_100k,,asymmetric,0.4,0.0,80000.0,40.0825,0.5518192318853774,0.6695,equal_n_results_full.csv,/kaggle/input/datasets/rabianaz22/8-output-3rd-paper/equal_n_results,Voting_100k
Tabular,Voting_100k,,asymmetric,0.4,1.0,80000.0,39.9325,0.5440003887756155,0.6796,equal_n_results_full.csv,/kaggle/input/datasets/rabianaz22/8-output-3rd-paper/equal_n_results,Voting_100k
Tabular,Voting_100k,,asymmetric,0.4,2.0,80000.0,40.21125,0.5667881966534766,0.66905,equal_n_results_full.csv,/kaggle/input/datasets/rabianaz22/8-output-3rd-paper/equal_n_results,Voting_100k
Tabular,Voting_100k,,asymmetric,0.4,3.0,80000.0,40.08875,0.5615050571193025,0.6717,equal_n_results_full.csv,/kaggle/input/datasets/rabianaz22/8-output-3rd-paper/equal_n_results,Voting_100k
Tabular,Voting_100k,,asymmetric,0.4,4.0,80000.0,39.975,0.550915107551943,0.66925,equal_n_results_full.csv,/kaggle/input/datasets/rabianaz22/8-output-3rd-paper/equal_n_results,Voting_100k
Tabular,Voting_100k,,pairflip,0.4,0.0,80000.0,24.610000000000003,0.6973172473907274,0.7652,equal_n_results_full.csv,/kaggle/input/datasets/rabianaz22/8-output-3rd-paper/equal_n_results,Voting_100k
Tabular,Voting_100k,,pairflip,0.4,1.0,80000.0,24.45625,0.7001438509202613,0.76895,equal_n_results_full.csv,/kaggle/input/datasets/rabianaz22/8-output-3rd-paper/equal_n_results,Voting_100k
Tabular,Voting_100k,,pairflip,0.4,2.0,80000.0,24.77,0.7035013379847055,0.7632,equal_n_results_full.csv,/kaggle/input/datasets/rabianaz22/8-output-3rd-paper/equal_n_results,Voting_100k
Tabular,Voting_100k,,pairflip,0.4,3.0,80000.0,24.54,0.702670647257176,0.76435,equal_n_results_full.csv,/kaggle/input/datasets/rabianaz22/8-output-3rd-paper/equal_n_results,Voting_100k
Tabular,Voting_100k,,pairflip,0.4,4.0,80000.0,24.52875,0.7073628249298468,0.7679,equal_n_results_full.csv,/kaggle/input/datasets/rabianaz22/8-output-3rd-paper/equal_n_results,Voting_100k
