dataset,condition,fold,method,f1,noise_type,noise_level
drybean,asymmetric_10,0,RF,0.9283742782196238,asymmetric,10
drybean,asymmetric_10,1,RF,0.9274967194248956,asymmetric,10
drybean,asymmetric_10,2,RF,0.9326184638778426,asymmetric,10
drybean,asymmetric_10,3,RF,0.9283070264956031,asymmetric,10
drybean,asymmetric_10,4,RF,0.933339344358861,asymmetric,10
drybean,asymmetric_20,0,RF,0.915051098441802,asymmetric,20
drybean,asymmetric_20,1,RF,0.9172181643632794,asymmetric,20
drybean,asymmetric_20,2,RF,0.9167622817461754,asymmetric,20
drybean,asymmetric_20,3,RF,0.8961163906527065,asymmetric,20
drybean,asymmetric_20,4,RF,0.922540782974348,asymmetric,20
drybean,asymmetric_30,0,RF,0.8344226172288819,asymmetric,30
drybean,asymmetric_30,1,RF,0.8597765382471768,asymmetric,30
drybean,asymmetric_30,2,RF,0.8494791404194026,asymmetric,30
drybean,asymmetric_30,3,RF,0.8378398535376567,asymmetric,30
drybean,asymmetric_30,4,RF,0.8408998647699883,asymmetric,30
drybean,asymmetric_40,0,RF,0.7113745526522364,asymmetric,40
drybean,asymmetric_40,1,RF,0.6525490546776443,asymmetric,40
drybean,asymmetric_40,2,RF,0.7072176471296086,asymmetric,40
drybean,asymmetric_40,3,RF,0.6760423007995872,asymmetric,40
drybean,asymmetric_40,4,RF,0.6992551579004734,asymmetric,40
drybean,clean_0,0,RF,0.931704388251975,clean,0
drybean,clean_0,1,RF,0.9350232076136492,clean,0
drybean,clean_0,2,RF,0.928183835582868,clean,0
drybean,clean_0,3,RF,0.9311646682608576,clean,0
drybean,clean_0,4,RF,0.9401223284598788,clean,0
drybean,pairflip_40,0,RF,0.8131293245250538,pairflip,40
drybean,pairflip_40,1,RF,0.8121062843003906,pairflip,40
drybean,pairflip_40,2,RF,0.8147180259933872,pairflip,40
drybean,pairflip_40,3,RF,0.8178092910669299,pairflip,40
drybean,pairflip_40,4,RF,0.8122311989758116,pairflip,40
drybean,symmetric_10,0,RF,0.931772828813112,symmetric,10
drybean,symmetric_10,1,RF,0.9354326350283876,symmetric,10
drybean,symmetric_10,2,RF,0.9313646782700618,symmetric,10
drybean,symmetric_10,3,RF,0.924444664633645,symmetric,10
drybean,symmetric_10,4,RF,0.93866059107673,symmetric,10
drybean,symmetric_20,0,RF,0.932776598459414,symmetric,20
drybean,symmetric_20,1,RF,0.933838194647897,symmetric,20
drybean,symmetric_20,2,RF,0.9274607661721184,symmetric,20
drybean,symmetric_20,3,RF,0.9239764937463594,symmetric,20
drybean,symmetric_20,4,RF,0.9355492247789196,symmetric,20
drybean,symmetric_30,0,RF,0.9124895263817436,symmetric,30
drybean,symmetric_30,1,RF,0.9192961835950156,symmetric,30
drybean,symmetric_30,2,RF,0.9158300733113622,symmetric,30
drybean,symmetric_30,3,RF,0.9111698217883,symmetric,30
drybean,symmetric_30,4,RF,0.923581387098288,symmetric,30
drybean,symmetric_40,0,RF,0.8925841345178949,symmetric,40
drybean,symmetric_40,1,RF,0.9099884387126216,symmetric,40
drybean,symmetric_40,2,RF,0.8952423275399318,symmetric,40
drybean,symmetric_40,3,RF,0.8988772630954784,symmetric,40
drybean,symmetric_40,4,RF,0.9134534877205088,symmetric,40
har,asymmetric_10,0,RF,0.9748959295067702,asymmetric,10
har,asymmetric_10,1,RF,0.9766751366361768,asymmetric,10
har,asymmetric_10,2,RF,0.9586825033074614,asymmetric,10
har,asymmetric_10,3,RF,0.967114078320684,asymmetric,10
har,asymmetric_10,4,RF,0.968610960216748,asymmetric,10
har,asymmetric_20,0,RF,0.9634118703458224,asymmetric,20
har,asymmetric_20,1,RF,0.9693715044536212,asymmetric,20
har,asymmetric_20,2,RF,0.9544596632170492,asymmetric,20
har,asymmetric_20,3,RF,0.9569887804396284,asymmetric,20
har,asymmetric_20,4,RF,0.9577896444668084,asymmetric,20
har,asymmetric_30,0,RF,0.9330105080566264,asymmetric,30
har,asymmetric_30,1,RF,0.9304408466296332,asymmetric,30
har,asymmetric_30,2,RF,0.9058733368811368,asymmetric,30
har,asymmetric_30,3,RF,0.9331242269396928,asymmetric,30
har,asymmetric_30,4,RF,0.9288082302264016,asymmetric,30
har,asymmetric_40,0,RF,0.8061485665383734,asymmetric,40
har,asymmetric_40,1,RF,0.7986649953023192,asymmetric,40
har,asymmetric_40,2,RF,0.7961954132391885,asymmetric,40
har,asymmetric_40,3,RF,0.8032821459297207,asymmetric,40
har,asymmetric_40,4,RF,0.8160013181254874,asymmetric,40
har,clean_0,0,RF,0.9699296008783276,clean,0
har,clean_0,1,RF,0.9786240200671372,clean,0
har,clean_0,2,RF,0.9671673491591298,clean,0
har,clean_0,3,RF,0.969647081244678,clean,0
har,clean_0,4,RF,0.9656345701714903,clean,0
har,pairflip_40,0,RF,0.848451895345015,pairflip,40
har,pairflip_40,1,RF,0.8603594548537844,pairflip,40
har,pairflip_40,2,RF,0.8603834729800622,pairflip,40
har,pairflip_40,3,RF,0.8758555826595297,pairflip,40
har,pairflip_40,4,RF,0.8632842931988876,pairflip,40
har,symmetric_10,0,RF,0.9699318331442616,symmetric,10
har,symmetric_10,1,RF,0.9750441430560964,symmetric,10
har,symmetric_10,2,RF,0.9673732089426772,symmetric,10
har,symmetric_10,3,RF,0.9723213467118352,symmetric,10
har,symmetric_10,4,RF,0.969093515750895,symmetric,10
har,symmetric_20,0,RF,0.9667008819104798,symmetric,20
har,symmetric_20,1,RF,0.9782310216536492,symmetric,20
har,symmetric_20,2,RF,0.9628034709755062,symmetric,20
har,symmetric_20,3,RF,0.9680586106196906,symmetric,20
har,symmetric_20,4,RF,0.964986295174226,symmetric,20
har,symmetric_30,0,RF,0.9639962550859827,symmetric,30
har,symmetric_30,1,RF,0.9705970611302108,symmetric,30
har,symmetric_30,2,RF,0.9625832357997882,symmetric,30
har,symmetric_30,3,RF,0.9677062279795108,symmetric,30
har,symmetric_30,4,RF,0.9598025615786135,symmetric,30
har,symmetric_40,0,RF,0.9638345509765148,symmetric,40
har,symmetric_40,1,RF,0.969611654038426,symmetric,40
har,symmetric_40,2,RF,0.9580844452041504,symmetric,40
har,symmetric_40,3,RF,0.9583416985846176,symmetric,40
har,symmetric_40,4,RF,0.9567093675466348,symmetric,40
isolet,asymmetric_10,0,RF,0.9318791835818754,asymmetric,10
isolet,asymmetric_10,1,RF,0.928677488461036,asymmetric,10
isolet,asymmetric_10,2,RF,0.9365065136335436,asymmetric,10
isolet,asymmetric_10,3,RF,0.9471872715963604,asymmetric,10
isolet,asymmetric_10,4,RF,0.9303879649525176,asymmetric,10
isolet,asymmetric_20,0,RF,0.9243758426170058,asymmetric,20
isolet,asymmetric_20,1,RF,0.9284643651259288,asymmetric,20
isolet,asymmetric_20,2,RF,0.9244128124422518,asymmetric,20
isolet,asymmetric_20,3,RF,0.9378209806824238,asymmetric,20
isolet,asymmetric_20,4,RF,0.925851086828782,asymmetric,20
isolet,asymmetric_30,0,RF,0.8770141330260888,asymmetric,30
isolet,asymmetric_30,1,RF,0.8984758964262638,asymmetric,30
isolet,asymmetric_30,2,RF,0.8874790074601671,asymmetric,30
isolet,asymmetric_30,3,RF,0.8999633912380214,asymmetric,30
isolet,asymmetric_30,4,RF,0.8909242736248822,asymmetric,30
isolet,asymmetric_40,0,RF,0.7619959918775913,asymmetric,40
isolet,asymmetric_40,1,RF,0.7520924878631093,asymmetric,40
isolet,asymmetric_40,2,RF,0.7602488073310929,asymmetric,40
isolet,asymmetric_40,3,RF,0.7306633399286357,asymmetric,40
isolet,asymmetric_40,4,RF,0.74778646643897,asymmetric,40
isolet,clean_0,0,RF,0.9243451361661652,clean,0
isolet,clean_0,1,RF,0.9307125252890452,clean,0
isolet,clean_0,2,RF,0.9397026280601328,clean,0
isolet,clean_0,3,RF,0.940974702673834,clean,0
isolet,clean_0,4,RF,0.9410917661231186,clean,0
isolet,pairflip_40,0,RF,0.8455218262838139,pairflip,40
isolet,pairflip_40,1,RF,0.8836800197916156,pairflip,40
isolet,pairflip_40,2,RF,0.8848930867258633,pairflip,40
isolet,pairflip_40,3,RF,0.8629347754927331,pairflip,40
isolet,pairflip_40,4,RF,0.8873339046812918,pairflip,40
isolet,symmetric_10,0,RF,0.9339130862517372,symmetric,10
isolet,symmetric_10,1,RF,0.9266682181107576,symmetric,10
isolet,symmetric_10,2,RF,0.9354377944664763,symmetric,10
isolet,symmetric_10,3,RF,0.9442439362142626,symmetric,10
isolet,symmetric_10,4,RF,0.9381065923941916,symmetric,10
isolet,symmetric_20,0,RF,0.927594818038788,symmetric,20
isolet,symmetric_20,1,RF,0.9305966057662308,symmetric,20
isolet,symmetric_20,2,RF,0.9350564910175442,symmetric,20
isolet,symmetric_20,3,RF,0.940023486298036,symmetric,20
isolet,symmetric_20,4,RF,0.9271305915473144,symmetric,20
isolet,symmetric_30,0,RF,0.9245291330254244,symmetric,30
isolet,symmetric_30,1,RF,0.9190208326465272,symmetric,30
isolet,symmetric_30,2,RF,0.9334591893611214,symmetric,30
isolet,symmetric_30,3,RF,0.93237666817347,symmetric,30
isolet,symmetric_30,4,RF,0.9336945550778186,symmetric,30
isolet,symmetric_40,0,RF,0.9189190719320766,symmetric,40
isolet,symmetric_40,1,RF,0.919108653266237,symmetric,40
isolet,symmetric_40,2,RF,0.9368430374869928,symmetric,40
isolet,symmetric_40,3,RF,0.932522924339204,symmetric,40
isolet,symmetric_40,4,RF,0.9186626421606512,symmetric,40
pendigits,asymmetric_10,0,RF,0.9903171902159076,asymmetric,10
pendigits,asymmetric_10,1,RF,0.9874526683372714,asymmetric,10
pendigits,asymmetric_10,2,RF,0.981946715580803,asymmetric,10
pendigits,asymmetric_10,3,RF,0.9879358701583486,asymmetric,10
pendigits,asymmetric_10,4,RF,0.985781176536044,asymmetric,10
pendigits,asymmetric_20,0,RF,0.9765549775411888,asymmetric,20
pendigits,asymmetric_20,1,RF,0.9728582640789316,asymmetric,20
pendigits,asymmetric_20,2,RF,0.96357603672377,asymmetric,20
pendigits,asymmetric_20,3,RF,0.962741364515466,asymmetric,20
pendigits,asymmetric_20,4,RF,0.9629857776371924,asymmetric,20
pendigits,asymmetric_30,0,RF,0.9092560268672808,asymmetric,30
pendigits,asymmetric_30,1,RF,0.9129067648774792,asymmetric,30
pendigits,asymmetric_30,2,RF,0.8984959388705948,asymmetric,30
pendigits,asymmetric_30,3,RF,0.9059722621107256,asymmetric,30
pendigits,asymmetric_30,4,RF,0.9091176798478868,asymmetric,30
pendigits,asymmetric_40,0,RF,0.758315245232928,asymmetric,40
pendigits,asymmetric_40,1,RF,0.7133033441273879,asymmetric,40
pendigits,asymmetric_40,2,RF,0.748964771497486,asymmetric,40
pendigits,asymmetric_40,3,RF,0.7341227436222603,asymmetric,40
pendigits,asymmetric_40,4,RF,0.7454822214120435,asymmetric,40
pendigits,clean_0,0,RF,0.9940713628491784,clean,0
pendigits,clean_0,1,RF,0.9933345831491612,clean,0
pendigits,clean_0,2,RF,0.9850511957452536,clean,0
pendigits,clean_0,3,RF,0.9924690479039052,clean,0
pendigits,clean_0,4,RF,0.9902400636623472,clean,0
pendigits,pairflip_40,0,RF,0.8418369087022123,pairflip,40
pendigits,pairflip_40,1,RF,0.8296113247365172,pairflip,40
pendigits,pairflip_40,2,RF,0.8449377057638705,pairflip,40
pendigits,pairflip_40,3,RF,0.845731525058955,pairflip,40
pendigits,pairflip_40,4,RF,0.8493443592145997,pairflip,40
pendigits,symmetric_10,0,RF,0.9910011431558516,symmetric,10
pendigits,symmetric_10,1,RF,0.9910664335594552,symmetric,10
pendigits,symmetric_10,2,RF,0.9827655572875628,symmetric,10
pendigits,symmetric_10,3,RF,0.9923988676893868,symmetric,10
pendigits,symmetric_10,4,RF,0.9895375365506182,symmetric,10
pendigits,symmetric_20,0,RF,0.9879466055582318,symmetric,20
pendigits,symmetric_20,1,RF,0.9873570349567375,symmetric,20
pendigits,symmetric_20,2,RF,0.9811492501543796,symmetric,20
pendigits,symmetric_20,3,RF,0.985476607529002,symmetric,20
pendigits,symmetric_20,4,RF,0.978892102828776,symmetric,20
pendigits,symmetric_30,0,RF,0.9879716535931768,symmetric,30
pendigits,symmetric_30,1,RF,0.981829093823935,symmetric,30
pendigits,symmetric_30,2,RF,0.9727981150176458,symmetric,30
pendigits,symmetric_30,3,RF,0.973486278759622,symmetric,30
pendigits,symmetric_30,4,RF,0.9722416550822044,symmetric,30
pendigits,symmetric_40,0,RF,0.9727634695820908,symmetric,40
pendigits,symmetric_40,1,RF,0.9575601787019286,symmetric,40
pendigits,symmetric_40,2,RF,0.9627323034163602,symmetric,40
pendigits,symmetric_40,3,RF,0.9657000512713874,symmetric,40
pendigits,symmetric_40,4,RF,0.9626267911307864,symmetric,40
satimage,asymmetric_10,0,RF,0.8852884017629519,asymmetric,10
satimage,asymmetric_10,1,RF,0.8663383434451349,asymmetric,10
satimage,asymmetric_10,2,RF,0.8920893486757014,asymmetric,10
satimage,asymmetric_10,3,RF,0.8857450433035905,asymmetric,10
satimage,asymmetric_10,4,RF,0.9052775782622776,asymmetric,10
satimage,asymmetric_20,0,RF,0.8768623962329499,asymmetric,20
satimage,asymmetric_20,1,RF,0.8513936794862594,asymmetric,20
satimage,asymmetric_20,2,RF,0.883079183181421,asymmetric,20
satimage,asymmetric_20,3,RF,0.8783680090154626,asymmetric,20
satimage,asymmetric_20,4,RF,0.8927409521399161,asymmetric,20
satimage,asymmetric_30,0,RF,0.8431833713353152,asymmetric,30
satimage,asymmetric_30,1,RF,0.8020617060856563,asymmetric,30
satimage,asymmetric_30,2,RF,0.8382827576174448,asymmetric,30
satimage,asymmetric_30,3,RF,0.8490771827196655,asymmetric,30
satimage,asymmetric_30,4,RF,0.8276375684687328,asymmetric,30
satimage,asymmetric_40,0,RF,0.7513535930337976,asymmetric,40
satimage,asymmetric_40,1,RF,0.6647360658874056,asymmetric,40
satimage,asymmetric_40,2,RF,0.7465270380057766,asymmetric,40
satimage,asymmetric_40,3,RF,0.6977850867558932,asymmetric,40
satimage,asymmetric_40,4,RF,0.7228908416046256,asymmetric,40
satimage,clean_0,0,RF,0.8928810392257773,clean,0
satimage,clean_0,1,RF,0.8694717126822039,clean,0
satimage,clean_0,2,RF,0.8913596594701282,clean,0
satimage,clean_0,3,RF,0.9023862795681348,clean,0
satimage,clean_0,4,RF,0.8957960165943116,clean,0
satimage,pairflip_40,0,RF,0.8097800320323659,pairflip,40
satimage,pairflip_40,1,RF,0.7257571284859435,pairflip,40
satimage,pairflip_40,2,RF,0.7776420996359278,pairflip,40
satimage,pairflip_40,3,RF,0.7432723636413986,pairflip,40
satimage,pairflip_40,4,RF,0.7861627646371132,pairflip,40
satimage,symmetric_10,0,RF,0.8870353216697078,symmetric,10
satimage,symmetric_10,1,RF,0.8709714369185684,symmetric,10
satimage,symmetric_10,2,RF,0.8924069778318752,symmetric,10
satimage,symmetric_10,3,RF,0.8840793553580893,symmetric,10
satimage,symmetric_10,4,RF,0.89689541968258,symmetric,10
satimage,symmetric_20,0,RF,0.8921621182125841,symmetric,20
satimage,symmetric_20,1,RF,0.8685646810965056,symmetric,20
satimage,symmetric_20,2,RF,0.8815380467018068,symmetric,20
satimage,symmetric_20,3,RF,0.8954591462534788,symmetric,20
satimage,symmetric_20,4,RF,0.9092049207459522,symmetric,20
satimage,symmetric_30,0,RF,0.8830728683055517,symmetric,30
satimage,symmetric_30,1,RF,0.8612000715170182,symmetric,30
satimage,symmetric_30,2,RF,0.8731965245660908,symmetric,30
satimage,symmetric_30,3,RF,0.8913194913391194,symmetric,30
satimage,symmetric_30,4,RF,0.8999188240107968,symmetric,30
satimage,symmetric_40,0,RF,0.8736451297299048,symmetric,40
satimage,symmetric_40,1,RF,0.832938767102628,symmetric,40
satimage,symmetric_40,2,RF,0.8725100560003454,symmetric,40
satimage,symmetric_40,3,RF,0.8628397009385068,symmetric,40
satimage,symmetric_40,4,RF,0.8902155909697568,symmetric,40
shuttle,asymmetric_10,0,RF,0.7291199660924124,asymmetric,10
shuttle,asymmetric_10,1,RF,0.7336614834862484,asymmetric,10
shuttle,asymmetric_10,2,RF,0.7235530756910251,asymmetric,10
shuttle,asymmetric_10,3,RF,0.7343742625364235,asymmetric,10
shuttle,asymmetric_10,4,RF,0.7257336305581553,asymmetric,10
shuttle,asymmetric_20,0,RF,0.6631212829826165,asymmetric,20
shuttle,asymmetric_20,1,RF,0.676248231928702,asymmetric,20
shuttle,asymmetric_20,2,RF,0.6627083839010599,asymmetric,20
shuttle,asymmetric_20,3,RF,0.6712615739806225,asymmetric,20
shuttle,asymmetric_20,4,RF,0.6570618595203072,asymmetric,20
shuttle,asymmetric_30,0,RF,0.5921700790599035,asymmetric,30
shuttle,asymmetric_30,1,RF,0.6027301561171373,asymmetric,30
shuttle,asymmetric_30,2,RF,0.6031455116216731,asymmetric,30
shuttle,asymmetric_30,3,RF,0.6003425500762546,asymmetric,30
shuttle,asymmetric_30,4,RF,0.5949239363653542,asymmetric,30
shuttle,asymmetric_40,0,RF,0.533007430311562,asymmetric,40
shuttle,asymmetric_40,1,RF,0.5147345746394585,asymmetric,40
shuttle,asymmetric_40,2,RF,0.4986762499334224,asymmetric,40
shuttle,asymmetric_40,3,RF,0.5056094927117196,asymmetric,40
shuttle,asymmetric_40,4,RF,0.5134118084361274,asymmetric,40
shuttle,clean_0,0,RF,0.9160782399418764,clean,0
shuttle,clean_0,1,RF,0.92008362557324,clean,0
shuttle,clean_0,2,RF,0.8907743499460785,clean,0
shuttle,clean_0,3,RF,0.902997060137345,clean,0
shuttle,clean_0,4,RF,0.9020536627648332,clean,0
shuttle,pairflip_40,0,RF,0.5148339616748151,pairflip,40
shuttle,pairflip_40,1,RF,0.4971884372642866,pairflip,40
shuttle,pairflip_40,2,RF,0.4819156038432591,pairflip,40
shuttle,pairflip_40,3,RF,0.4864493637287515,pairflip,40
shuttle,pairflip_40,4,RF,0.4938585222480598,pairflip,40
shuttle,symmetric_10,0,RF,0.7179830556802798,symmetric,10
shuttle,symmetric_10,1,RF,0.7200902006797764,symmetric,10
shuttle,symmetric_10,2,RF,0.7243783648228064,symmetric,10
shuttle,symmetric_10,3,RF,0.7344824545162754,symmetric,10
shuttle,symmetric_10,4,RF,0.7248955154157926,symmetric,10
shuttle,symmetric_20,0,RF,0.6350731038586152,symmetric,20
shuttle,symmetric_20,1,RF,0.6537558201908864,symmetric,20
shuttle,symmetric_20,2,RF,0.6362598271714806,symmetric,20
shuttle,symmetric_20,3,RF,0.6409286711608816,symmetric,20
shuttle,symmetric_20,4,RF,0.6308857992650836,symmetric,20
shuttle,symmetric_30,0,RF,0.5563227077590858,symmetric,30
shuttle,symmetric_30,1,RF,0.5754494846043833,symmetric,30
shuttle,symmetric_30,2,RF,0.5627923488956333,symmetric,30
shuttle,symmetric_30,3,RF,0.562696147850461,symmetric,30
shuttle,symmetric_30,4,RF,0.5598876244091944,symmetric,30
shuttle,symmetric_40,0,RF,0.4910974882617795,symmetric,40
shuttle,symmetric_40,1,RF,0.4785313441808929,symmetric,40
shuttle,symmetric_40,2,RF,0.4682566959360384,symmetric,40
shuttle,symmetric_40,3,RF,0.472342457283722,symmetric,40
shuttle,symmetric_40,4,RF,0.4738552747893999,symmetric,40
drybean,asymmetric_10,0,XGB,0.9264243040098002,asymmetric,10
drybean,asymmetric_10,1,XGB,0.932993085360774,asymmetric,10
drybean,asymmetric_10,2,XGB,0.9332386381633188,asymmetric,10
drybean,asymmetric_10,3,XGB,0.9314232520545296,asymmetric,10
drybean,asymmetric_10,4,XGB,0.9320409987343704,asymmetric,10
drybean,asymmetric_20,0,XGB,0.8874635868792268,asymmetric,20
drybean,asymmetric_20,1,XGB,0.8994080820952053,asymmetric,20
drybean,asymmetric_20,2,XGB,0.9099381919722216,asymmetric,20
drybean,asymmetric_20,3,XGB,0.8774115337261066,asymmetric,20
drybean,asymmetric_20,4,XGB,0.9001926116574498,asymmetric,20
drybean,asymmetric_30,0,XGB,0.799591337070454,asymmetric,30
drybean,asymmetric_30,1,XGB,0.8288792805541233,asymmetric,30
drybean,asymmetric_30,2,XGB,0.8001586986624675,asymmetric,30
drybean,asymmetric_30,3,XGB,0.807748290799535,asymmetric,30
drybean,asymmetric_30,4,XGB,0.8134288194567413,asymmetric,30
drybean,asymmetric_40,0,XGB,0.6663218983586928,asymmetric,40
drybean,asymmetric_40,1,XGB,0.6380586573424745,asymmetric,40
drybean,asymmetric_40,2,XGB,0.6969763254945978,asymmetric,40
drybean,asymmetric_40,3,XGB,0.6501074567001013,asymmetric,40
drybean,asymmetric_40,4,XGB,0.6798968256177187,asymmetric,40
drybean,clean_0,0,XGB,0.9435978481665622,clean,0
drybean,clean_0,1,XGB,0.941204556902564,clean,0
drybean,clean_0,2,XGB,0.9365374063243656,clean,0
drybean,clean_0,3,XGB,0.9331300031105864,clean,0
drybean,clean_0,4,XGB,0.9447600661622184,clean,0
drybean,pairflip_40,0,XGB,0.8210566653477607,pairflip,40
drybean,pairflip_40,1,XGB,0.7945122707981227,pairflip,40
drybean,pairflip_40,2,XGB,0.8112335343476417,pairflip,40
drybean,pairflip_40,3,XGB,0.788578586364092,pairflip,40
drybean,pairflip_40,4,XGB,0.8010163936684181,pairflip,40
drybean,symmetric_10,0,XGB,0.9440118577355988,symmetric,10
drybean,symmetric_10,1,XGB,0.9377286113258348,symmetric,10
drybean,symmetric_10,2,XGB,0.9307411919662024,symmetric,10
drybean,symmetric_10,3,XGB,0.9305584450048848,symmetric,10
drybean,symmetric_10,4,XGB,0.938515202556224,symmetric,10
drybean,symmetric_20,0,XGB,0.9320059545910618,symmetric,20
drybean,symmetric_20,1,XGB,0.9358921804441048,symmetric,20
drybean,symmetric_20,2,XGB,0.9269973044932068,symmetric,20
drybean,symmetric_20,3,XGB,0.92520513439872,symmetric,20
drybean,symmetric_20,4,XGB,0.9411452094889842,symmetric,20
drybean,symmetric_30,0,XGB,0.9235543978172068,symmetric,30
drybean,symmetric_30,1,XGB,0.91727345425726,symmetric,30
drybean,symmetric_30,2,XGB,0.919404041604359,symmetric,30
drybean,symmetric_30,3,XGB,0.906242820167156,symmetric,30
drybean,symmetric_30,4,XGB,0.9249277978334696,symmetric,30
drybean,symmetric_40,0,XGB,0.901096285427768,symmetric,40
drybean,symmetric_40,1,XGB,0.9037893538652712,symmetric,40
drybean,symmetric_40,2,XGB,0.895254206466023,symmetric,40
drybean,symmetric_40,3,XGB,0.8936569636532766,symmetric,40
drybean,symmetric_40,4,XGB,0.9185068601102434,symmetric,40
har,asymmetric_10,0,XGB,0.9788148838305244,asymmetric,10
har,asymmetric_10,1,XGB,0.9802434900817556,asymmetric,10
har,asymmetric_10,2,XGB,0.9713690978316332,asymmetric,10
har,asymmetric_10,3,XGB,0.9805281474039788,asymmetric,10
har,asymmetric_10,4,XGB,0.9822127224947468,asymmetric,10
har,asymmetric_20,0,XGB,0.963652087162257,asymmetric,20
har,asymmetric_20,1,XGB,0.9470799884549717,asymmetric,20
har,asymmetric_20,2,XGB,0.9501849014216972,asymmetric,20
har,asymmetric_20,3,XGB,0.9631228107798,asymmetric,20
har,asymmetric_20,4,XGB,0.9576219180827592,asymmetric,20
har,asymmetric_30,0,XGB,0.8991146093028624,asymmetric,30
har,asymmetric_30,1,XGB,0.8847906516528941,asymmetric,30
har,asymmetric_30,2,XGB,0.8566000992814695,asymmetric,30
har,asymmetric_30,3,XGB,0.9126101245971916,asymmetric,30
har,asymmetric_30,4,XGB,0.8796881375597553,asymmetric,30
har,asymmetric_40,0,XGB,0.7584038487879163,asymmetric,40
har,asymmetric_40,1,XGB,0.6965054616610225,asymmetric,40
har,asymmetric_40,2,XGB,0.7285171507593938,asymmetric,40
har,asymmetric_40,3,XGB,0.7254357664181756,asymmetric,40
har,asymmetric_40,4,XGB,0.7201454025637269,asymmetric,40
har,clean_0,0,XGB,0.988766392681752,clean,0
har,clean_0,1,XGB,0.9911590653346884,clean,0
har,clean_0,2,XGB,0.9860821988928752,clean,0
har,clean_0,3,XGB,0.987216310701822,clean,0
har,clean_0,4,XGB,0.9878479309172968,clean,0
har,pairflip_40,0,XGB,0.8150780317537013,pairflip,40
har,pairflip_40,1,XGB,0.8030688914835182,pairflip,40
har,pairflip_40,2,XGB,0.8121544115015457,pairflip,40
har,pairflip_40,3,XGB,0.8022892453286342,pairflip,40
har,pairflip_40,4,XGB,0.7920656744288914,pairflip,40
har,symmetric_10,0,XGB,0.9832243544986602,symmetric,10
har,symmetric_10,1,XGB,0.985330827288408,symmetric,10
har,symmetric_10,2,XGB,0.9786336093461294,symmetric,10
har,symmetric_10,3,XGB,0.9823933116781244,symmetric,10
har,symmetric_10,4,XGB,0.9858328764628091,symmetric,10
har,symmetric_20,0,XGB,0.9749497832897877,symmetric,20
har,symmetric_20,1,XGB,0.980088568215764,symmetric,20
har,symmetric_20,2,XGB,0.9775686391394912,symmetric,20
har,symmetric_20,3,XGB,0.9766387684314984,symmetric,20
har,symmetric_20,4,XGB,0.9763706112118276,symmetric,20
har,symmetric_30,0,XGB,0.967819410026289,symmetric,30
har,symmetric_30,1,XGB,0.9711400219569932,symmetric,30
har,symmetric_30,2,XGB,0.9664000676450872,symmetric,30
har,symmetric_30,3,XGB,0.9713991037294232,symmetric,30
har,symmetric_30,4,XGB,0.9649625143810622,symmetric,30
har,symmetric_40,0,XGB,0.950711206136582,symmetric,40
har,symmetric_40,1,XGB,0.9523340693663238,symmetric,40
har,symmetric_40,2,XGB,0.93703871973708,symmetric,40
har,symmetric_40,3,XGB,0.9427483260428628,symmetric,40
har,symmetric_40,4,XGB,0.9394641053126236,symmetric,40
isolet,asymmetric_10,0,XGB,0.9324971321016772,asymmetric,10
isolet,asymmetric_10,1,XGB,0.9314789072363822,asymmetric,10
isolet,asymmetric_10,2,XGB,0.9321316349851126,asymmetric,10
isolet,asymmetric_10,3,XGB,0.9570727682970868,asymmetric,10
isolet,asymmetric_10,4,XGB,0.9251259839399296,asymmetric,10
isolet,asymmetric_20,0,XGB,0.9036858277463437,asymmetric,20
isolet,asymmetric_20,1,XGB,0.9108560911052042,asymmetric,20
isolet,asymmetric_20,2,XGB,0.9037366039103808,asymmetric,20
isolet,asymmetric_20,3,XGB,0.9216409751992234,asymmetric,20
isolet,asymmetric_20,4,XGB,0.9105938336440744,asymmetric,20
isolet,asymmetric_30,0,XGB,0.8126492044745747,asymmetric,30
isolet,asymmetric_30,1,XGB,0.8291582307478934,asymmetric,30
isolet,asymmetric_30,2,XGB,0.8283448676535813,asymmetric,30
isolet,asymmetric_30,3,XGB,0.8518419765204412,asymmetric,30
isolet,asymmetric_30,4,XGB,0.831877155865834,asymmetric,30
isolet,asymmetric_40,0,XGB,0.6913331783191924,asymmetric,40
isolet,asymmetric_40,1,XGB,0.6582962913708965,asymmetric,40
isolet,asymmetric_40,2,XGB,0.7031481498631578,asymmetric,40
isolet,asymmetric_40,3,XGB,0.6681875654777462,asymmetric,40
isolet,asymmetric_40,4,XGB,0.6634583085080847,asymmetric,40
isolet,clean_0,0,XGB,0.9318265241589632,clean,0
isolet,clean_0,1,XGB,0.9382392745964422,clean,0
isolet,clean_0,2,XGB,0.9396454115064632,clean,0
isolet,clean_0,3,XGB,0.962512642807504,clean,0
isolet,clean_0,4,XGB,0.9475116487134996,clean,0
isolet,pairflip_40,0,XGB,0.8456010912075826,pairflip,40
isolet,pairflip_40,1,XGB,0.8771608794831813,pairflip,40
isolet,pairflip_40,2,XGB,0.8789718158281088,pairflip,40
isolet,pairflip_40,3,XGB,0.8874219881550479,pairflip,40
isolet,pairflip_40,4,XGB,0.8856554733616447,pairflip,40
isolet,symmetric_10,0,XGB,0.9448894239966864,symmetric,10
isolet,symmetric_10,1,XGB,0.942307011509344,symmetric,10
isolet,symmetric_10,2,XGB,0.9376794539990378,symmetric,10
isolet,symmetric_10,3,XGB,0.962436575756452,symmetric,10
isolet,symmetric_10,4,XGB,0.9398508530260332,symmetric,10
isolet,symmetric_20,0,XGB,0.9264445073050052,symmetric,20
isolet,symmetric_20,1,XGB,0.9286879018192072,symmetric,20
isolet,symmetric_20,2,XGB,0.9341551684449648,symmetric,20
isolet,symmetric_20,3,XGB,0.9451013083121964,symmetric,20
isolet,symmetric_20,4,XGB,0.9359500899889532,symmetric,20
isolet,symmetric_30,0,XGB,0.9209279112774992,symmetric,30
isolet,symmetric_30,1,XGB,0.921856395043424,symmetric,30
isolet,symmetric_30,2,XGB,0.9231803199679428,symmetric,30
isolet,symmetric_30,3,XGB,0.9263711474309744,symmetric,30
isolet,symmetric_30,4,XGB,0.9175169094063076,symmetric,30
isolet,symmetric_40,0,XGB,0.9065866303614,symmetric,40
isolet,symmetric_40,1,XGB,0.9058519093305502,symmetric,40
isolet,symmetric_40,2,XGB,0.9144760331175392,symmetric,40
isolet,symmetric_40,3,XGB,0.9281957015619502,symmetric,40
isolet,symmetric_40,4,XGB,0.9196002733288874,symmetric,40
pendigits,asymmetric_10,0,XGB,0.97830292376986,asymmetric,10
pendigits,asymmetric_10,1,XGB,0.9775605419570144,asymmetric,10
pendigits,asymmetric_10,2,XGB,0.9697306867407324,asymmetric,10
pendigits,asymmetric_10,3,XGB,0.9794265894901604,asymmetric,10
pendigits,asymmetric_10,4,XGB,0.9727703471016156,asymmetric,10
pendigits,asymmetric_20,0,XGB,0.9371409856572914,asymmetric,20
pendigits,asymmetric_20,1,XGB,0.9425091728236736,asymmetric,20
pendigits,asymmetric_20,2,XGB,0.937119491021352,asymmetric,20
pendigits,asymmetric_20,3,XGB,0.9171827380087126,asymmetric,20
pendigits,asymmetric_20,4,XGB,0.9203200608338052,asymmetric,20
pendigits,asymmetric_30,0,XGB,0.8400282010711075,asymmetric,30
pendigits,asymmetric_30,1,XGB,0.8440869808556538,asymmetric,30
pendigits,asymmetric_30,2,XGB,0.8258906534101207,asymmetric,30
pendigits,asymmetric_30,3,XGB,0.8217277936543681,asymmetric,30
pendigits,asymmetric_30,4,XGB,0.8368137550579361,asymmetric,30
pendigits,asymmetric_40,0,XGB,0.6798069122144994,asymmetric,40
pendigits,asymmetric_40,1,XGB,0.6396683498478108,asymmetric,40
pendigits,asymmetric_40,2,XGB,0.6970188529035468,asymmetric,40
pendigits,asymmetric_40,3,XGB,0.6761667718913248,asymmetric,40
pendigits,asymmetric_40,4,XGB,0.6696874049726043,asymmetric,40
pendigits,clean_0,0,XGB,0.9909950581723364,clean,0
pendigits,clean_0,1,XGB,0.9947455747481836,clean,0
pendigits,clean_0,2,XGB,0.987933719615458,clean,0
pendigits,clean_0,3,XGB,0.9908246617962376,clean,0
pendigits,clean_0,4,XGB,0.9895654766879346,clean,0
pendigits,pairflip_40,0,XGB,0.8021917329759999,pairflip,40
pendigits,pairflip_40,1,XGB,0.7887639343004816,pairflip,40
pendigits,pairflip_40,2,XGB,0.811600378394757,pairflip,40
pendigits,pairflip_40,3,XGB,0.8193604803645644,pairflip,40
pendigits,pairflip_40,4,XGB,0.8054105285390772,pairflip,40
pendigits,symmetric_10,0,XGB,0.9909432556790208,symmetric,10
pendigits,symmetric_10,1,XGB,0.9895467156943866,symmetric,10
pendigits,symmetric_10,2,XGB,0.9825758324985476,symmetric,10
pendigits,symmetric_10,3,XGB,0.991546501801538,symmetric,10
pendigits,symmetric_10,4,XGB,0.9857869968523464,symmetric,10
pendigits,symmetric_20,0,XGB,0.976610434514612,symmetric,20
pendigits,symmetric_20,1,XGB,0.9849371494764116,symmetric,20
pendigits,symmetric_20,2,XGB,0.981742212554461,symmetric,20
pendigits,symmetric_20,3,XGB,0.9785019659686572,symmetric,20
pendigits,symmetric_20,4,XGB,0.9759355472388018,symmetric,20
pendigits,symmetric_30,0,XGB,0.9727798011355436,symmetric,30
pendigits,symmetric_30,1,XGB,0.9668460899264276,symmetric,30
pendigits,symmetric_30,2,XGB,0.9544098170014584,symmetric,30
pendigits,symmetric_30,3,XGB,0.9598614253235332,symmetric,30
pendigits,symmetric_30,4,XGB,0.9506802797633068,symmetric,30
pendigits,symmetric_40,0,XGB,0.9376691102091104,symmetric,40
pendigits,symmetric_40,1,XGB,0.914735732272222,symmetric,40
pendigits,symmetric_40,2,XGB,0.9305080089623888,symmetric,40
pendigits,symmetric_40,3,XGB,0.9316489016273994,symmetric,40
pendigits,symmetric_40,4,XGB,0.9233457504170396,symmetric,40
satimage,asymmetric_10,0,XGB,0.8908543280780385,asymmetric,10
satimage,asymmetric_10,1,XGB,0.871558279244582,asymmetric,10
satimage,asymmetric_10,2,XGB,0.8808555675432315,asymmetric,10
satimage,asymmetric_10,3,XGB,0.8888300900203502,asymmetric,10
satimage,asymmetric_10,4,XGB,0.8985414773552755,asymmetric,10
satimage,asymmetric_20,0,XGB,0.8437027903841017,asymmetric,20
satimage,asymmetric_20,1,XGB,0.8328819715125858,asymmetric,20
satimage,asymmetric_20,2,XGB,0.8501152592552459,asymmetric,20
satimage,asymmetric_20,3,XGB,0.8464062125284827,asymmetric,20
satimage,asymmetric_20,4,XGB,0.8659300517714076,asymmetric,20
satimage,asymmetric_30,0,XGB,0.7757684069992049,asymmetric,30
satimage,asymmetric_30,1,XGB,0.7564249142023156,asymmetric,30
satimage,asymmetric_30,2,XGB,0.7800168480253902,asymmetric,30
satimage,asymmetric_30,3,XGB,0.7650754683159032,asymmetric,30
satimage,asymmetric_30,4,XGB,0.7675637978010856,asymmetric,30
satimage,asymmetric_40,0,XGB,0.656409368582783,asymmetric,40
satimage,asymmetric_40,1,XGB,0.6163424987881685,asymmetric,40
satimage,asymmetric_40,2,XGB,0.6392457992817268,asymmetric,40
satimage,asymmetric_40,3,XGB,0.6323715925389445,asymmetric,40
satimage,asymmetric_40,4,XGB,0.6452756640175433,asymmetric,40
satimage,clean_0,0,XGB,0.9060668433595588,clean,0
satimage,clean_0,1,XGB,0.8740793239973832,clean,0
satimage,clean_0,2,XGB,0.897946601183699,clean,0
satimage,clean_0,3,XGB,0.9089457534959368,clean,0
satimage,clean_0,4,XGB,0.9029532845520802,clean,0
satimage,pairflip_40,0,XGB,0.7730178517960637,pairflip,40
satimage,pairflip_40,1,XGB,0.6959095547342743,pairflip,40
satimage,pairflip_40,2,XGB,0.7488693213232344,pairflip,40
satimage,pairflip_40,3,XGB,0.725024237665444,pairflip,40
satimage,pairflip_40,4,XGB,0.7460953657670885,pairflip,40
satimage,symmetric_10,0,XGB,0.8823925154070064,symmetric,10
satimage,symmetric_10,1,XGB,0.8842675651586531,symmetric,10
satimage,symmetric_10,2,XGB,0.8813083231806592,symmetric,10
satimage,symmetric_10,3,XGB,0.8927417871411024,symmetric,10
satimage,symmetric_10,4,XGB,0.9083612920810492,symmetric,10
satimage,symmetric_20,0,XGB,0.8744920434197985,symmetric,20
satimage,symmetric_20,1,XGB,0.8677609097005687,symmetric,20
satimage,symmetric_20,2,XGB,0.8784502528612445,symmetric,20
satimage,symmetric_20,3,XGB,0.896172610285043,symmetric,20
satimage,symmetric_20,4,XGB,0.8954761116289719,symmetric,20
satimage,symmetric_30,0,XGB,0.8574163075627825,symmetric,30
satimage,symmetric_30,1,XGB,0.8292807822059033,symmetric,30
satimage,symmetric_30,2,XGB,0.8572052908799631,symmetric,30
satimage,symmetric_30,3,XGB,0.8611438354393407,symmetric,30
satimage,symmetric_30,4,XGB,0.8795731563794119,symmetric,30
satimage,symmetric_40,0,XGB,0.8284471918405433,symmetric,40
satimage,symmetric_40,1,XGB,0.7955677901251065,symmetric,40
satimage,symmetric_40,2,XGB,0.8164333146898448,symmetric,40
satimage,symmetric_40,3,XGB,0.8148672244760437,symmetric,40
satimage,symmetric_40,4,XGB,0.8327291105990339,symmetric,40
shuttle,asymmetric_10,0,XGB,0.8760618978955947,asymmetric,10
shuttle,asymmetric_10,1,XGB,0.9197016503683212,asymmetric,10
shuttle,asymmetric_10,2,XGB,0.8753127558067084,asymmetric,10
shuttle,asymmetric_10,3,XGB,0.9070721626583108,asymmetric,10
shuttle,asymmetric_10,4,XGB,0.9316394707300444,asymmetric,10
shuttle,asymmetric_20,0,XGB,0.8381473989180654,asymmetric,20
shuttle,asymmetric_20,1,XGB,0.8347383563875654,asymmetric,20
shuttle,asymmetric_20,2,XGB,0.8161169131543988,asymmetric,20
shuttle,asymmetric_20,3,XGB,0.851226642468568,asymmetric,20
shuttle,asymmetric_20,4,XGB,0.7906273648236735,asymmetric,20
shuttle,asymmetric_30,0,XGB,0.7475990651333428,asymmetric,30
shuttle,asymmetric_30,1,XGB,0.7864608096154498,asymmetric,30
shuttle,asymmetric_30,2,XGB,0.7538155986062713,asymmetric,30
shuttle,asymmetric_30,3,XGB,0.7831820355840072,asymmetric,30
shuttle,asymmetric_30,4,XGB,0.7628083787851918,asymmetric,30
shuttle,asymmetric_40,0,XGB,0.6552607538030283,asymmetric,40
shuttle,asymmetric_40,1,XGB,0.6599820709076702,asymmetric,40
shuttle,asymmetric_40,2,XGB,0.6339316670170949,asymmetric,40
shuttle,asymmetric_40,3,XGB,0.6492446864267531,asymmetric,40
shuttle,asymmetric_40,4,XGB,0.658108082736396,asymmetric,40
shuttle,clean_0,0,XGB,0.946052143741642,clean,0
shuttle,clean_0,1,XGB,0.9595451302237136,clean,0
shuttle,clean_0,2,XGB,0.9331216931216932,clean,0
shuttle,clean_0,3,XGB,0.9099978679290204,clean,0
shuttle,clean_0,4,XGB,0.954826195748359,clean,0
shuttle,pairflip_40,0,XGB,0.6593022306737797,pairflip,40
shuttle,pairflip_40,1,XGB,0.665317953565154,pairflip,40
shuttle,pairflip_40,2,XGB,0.6353940680877364,pairflip,40
shuttle,pairflip_40,3,XGB,0.6578848118438303,pairflip,40
shuttle,pairflip_40,4,XGB,0.6667112141666094,pairflip,40
shuttle,symmetric_10,0,XGB,0.9562596037386824,symmetric,10
shuttle,symmetric_10,1,XGB,0.9200133333613936,symmetric,10
shuttle,symmetric_10,2,XGB,0.904428375347091,symmetric,10
shuttle,symmetric_10,3,XGB,0.9430203471186368,symmetric,10
shuttle,symmetric_10,4,XGB,0.9476652686407944,symmetric,10
shuttle,symmetric_20,0,XGB,0.8899625548232245,symmetric,20
shuttle,symmetric_20,1,XGB,0.901126642372732,symmetric,20
shuttle,symmetric_20,2,XGB,0.8691487422959099,symmetric,20
shuttle,symmetric_20,3,XGB,0.903996819499298,symmetric,20
shuttle,symmetric_20,4,XGB,0.8663125768782485,symmetric,20
shuttle,symmetric_30,0,XGB,0.8400561092478365,symmetric,30
shuttle,symmetric_30,1,XGB,0.917049390104628,symmetric,30
shuttle,symmetric_30,2,XGB,0.8301578798628056,symmetric,30
shuttle,symmetric_30,3,XGB,0.8515497302768418,symmetric,30
shuttle,symmetric_30,4,XGB,0.8651755075649874,symmetric,30
shuttle,symmetric_40,0,XGB,0.8171465504921877,symmetric,40
shuttle,symmetric_40,1,XGB,0.8153256226282695,symmetric,40
shuttle,symmetric_40,2,XGB,0.7590455328199608,symmetric,40
shuttle,symmetric_40,3,XGB,0.7813201493754871,symmetric,40
shuttle,symmetric_40,4,XGB,0.7728046407973695,symmetric,40
drybean,asymmetric_10,0,ET,0.923401003904374,asymmetric,10
drybean,asymmetric_10,1,ET,0.9235694055339826,asymmetric,10
drybean,asymmetric_10,2,ET,0.9238062604169108,asymmetric,10
drybean,asymmetric_10,3,ET,0.9233295814042112,asymmetric,10
drybean,asymmetric_10,4,ET,0.9269934654887232,asymmetric,10
drybean,asymmetric_20,0,ET,0.9004273355892608,asymmetric,20
drybean,asymmetric_20,1,ET,0.8915746337207971,asymmetric,20
drybean,asymmetric_20,2,ET,0.9021706902808152,asymmetric,20
drybean,asymmetric_20,3,ET,0.8928872985993754,asymmetric,20
drybean,asymmetric_20,4,ET,0.8997952224662862,asymmetric,20
drybean,asymmetric_30,0,ET,0.8203925955617352,asymmetric,30
drybean,asymmetric_30,1,ET,0.8293121737071107,asymmetric,30
drybean,asymmetric_30,2,ET,0.8166054089863037,asymmetric,30
drybean,asymmetric_30,3,ET,0.8090518938689353,asymmetric,30
drybean,asymmetric_30,4,ET,0.8136520384098568,asymmetric,30
drybean,asymmetric_40,0,ET,0.700077375675048,asymmetric,40
drybean,asymmetric_40,1,ET,0.6342479018282734,asymmetric,40
drybean,asymmetric_40,2,ET,0.65405867328645,asymmetric,40
drybean,asymmetric_40,3,ET,0.651641953890019,asymmetric,40
drybean,asymmetric_40,4,ET,0.6625752709898781,asymmetric,40
drybean,clean_0,0,ET,0.927068798847874,clean,0
drybean,clean_0,1,ET,0.9269935386168308,clean,0
drybean,clean_0,2,ET,0.9225288434561828,clean,0
drybean,clean_0,3,ET,0.9248032181946912,clean,0
drybean,clean_0,4,ET,0.9313840694015498,clean,0
drybean,pairflip_40,0,ET,0.8020458059345813,pairflip,40
drybean,pairflip_40,1,ET,0.7914316934865055,pairflip,40
drybean,pairflip_40,2,ET,0.7982904370588644,pairflip,40
drybean,pairflip_40,3,ET,0.8100048823748253,pairflip,40
drybean,pairflip_40,4,ET,0.8059720902715606,pairflip,40
drybean,symmetric_10,0,ET,0.9216125237893744,symmetric,10
drybean,symmetric_10,1,ET,0.9245805375624948,symmetric,10
drybean,symmetric_10,2,ET,0.9215838865129392,symmetric,10
drybean,symmetric_10,3,ET,0.9213545907511892,symmetric,10
drybean,symmetric_10,4,ET,0.9284849445510382,symmetric,10
drybean,symmetric_20,0,ET,0.9292349844690204,symmetric,20
drybean,symmetric_20,1,ET,0.9186470852386774,symmetric,20
drybean,symmetric_20,2,ET,0.9180176723160391,symmetric,20
drybean,symmetric_20,3,ET,0.9159375019544944,symmetric,20
drybean,symmetric_20,4,ET,0.9285607931557356,symmetric,20
drybean,symmetric_30,0,ET,0.9016957742843966,symmetric,30
drybean,symmetric_30,1,ET,0.9049526289256354,symmetric,30
drybean,symmetric_30,2,ET,0.8926886919878011,symmetric,30
drybean,symmetric_30,3,ET,0.9089767686430276,symmetric,30
drybean,symmetric_30,4,ET,0.9082849536179964,symmetric,30
drybean,symmetric_40,0,ET,0.8753127165635134,symmetric,40
drybean,symmetric_40,1,ET,0.8723084824665431,symmetric,40
drybean,symmetric_40,2,ET,0.8686860613133213,symmetric,40
drybean,symmetric_40,3,ET,0.8784645566772389,symmetric,40
drybean,symmetric_40,4,ET,0.8929987740884778,symmetric,40
har,asymmetric_10,0,ET,0.9788117621577056,asymmetric,10
har,asymmetric_10,1,ET,0.9810519519489658,asymmetric,10
har,asymmetric_10,2,ET,0.966030046644506,asymmetric,10
har,asymmetric_10,3,ET,0.9740566529625836,asymmetric,10
har,asymmetric_10,4,ET,0.9745376344873714,asymmetric,10
har,asymmetric_20,0,ET,0.9614581708405238,asymmetric,20
har,asymmetric_20,1,ET,0.964296744327067,asymmetric,20
har,asymmetric_20,2,ET,0.959610402580132,asymmetric,20
har,asymmetric_20,3,ET,0.960954794668366,asymmetric,20
har,asymmetric_20,4,ET,0.9602163072358416,asymmetric,20
har,asymmetric_30,0,ET,0.925608123082903,asymmetric,30
har,asymmetric_30,1,ET,0.9229778960339678,asymmetric,30
har,asymmetric_30,2,ET,0.9026265011969258,asymmetric,30
har,asymmetric_30,3,ET,0.9358917306757082,asymmetric,30
har,asymmetric_30,4,ET,0.9284123279988008,asymmetric,30
har,asymmetric_40,0,ET,0.7902097001953479,asymmetric,40
har,asymmetric_40,1,ET,0.7737079631483273,asymmetric,40
har,asymmetric_40,2,ET,0.7915485800944349,asymmetric,40
har,asymmetric_40,3,ET,0.7904443520152015,asymmetric,40
har,asymmetric_40,4,ET,0.8080768507937188,asymmetric,40
har,clean_0,0,ET,0.9820969404055528,clean,0
har,clean_0,1,ET,0.9859395984090246,clean,0
har,clean_0,2,ET,0.973295018532082,clean,0
har,clean_0,3,ET,0.9749080242682336,clean,0
har,clean_0,4,ET,0.9774907304645972,clean,0
har,pairflip_40,0,ET,0.8382672210850601,pairflip,40
har,pairflip_40,1,ET,0.8517782336781123,pairflip,40
har,pairflip_40,2,ET,0.8510019797284586,pairflip,40
har,pairflip_40,3,ET,0.8574651926752966,pairflip,40
har,pairflip_40,4,ET,0.8645596622062044,pairflip,40
har,symmetric_10,0,ET,0.9825930191252512,symmetric,10
har,symmetric_10,1,ET,0.9842019542437624,symmetric,10
har,symmetric_10,2,ET,0.9670037096494134,symmetric,10
har,symmetric_10,3,ET,0.9731334937920924,symmetric,10
har,symmetric_10,4,ET,0.9754695550433372,symmetric,10
har,symmetric_20,0,ET,0.9781443914028548,symmetric,20
har,symmetric_20,1,ET,0.9770072215492632,symmetric,20
har,symmetric_20,2,ET,0.9710262393336864,symmetric,20
har,symmetric_20,3,ET,0.9692465601150564,symmetric,20
har,symmetric_20,4,ET,0.976252013949932,symmetric,20
har,symmetric_30,0,ET,0.9788945057087658,symmetric,30
har,symmetric_30,1,ET,0.9698323092026444,symmetric,30
har,symmetric_30,2,ET,0.9664345301818916,symmetric,30
har,symmetric_30,3,ET,0.9703590851051646,symmetric,30
har,symmetric_30,4,ET,0.963652635593552,symmetric,30
har,symmetric_40,0,ET,0.9599366599070978,symmetric,40
har,symmetric_40,1,ET,0.971211308757295,symmetric,40
har,symmetric_40,2,ET,0.9620137312005432,symmetric,40
har,symmetric_40,3,ET,0.9623584311743084,symmetric,40
har,symmetric_40,4,ET,0.9607548597381056,symmetric,40
isolet,asymmetric_10,0,ET,0.9402403222613624,asymmetric,10
isolet,asymmetric_10,1,ET,0.9403817287492068,asymmetric,10
isolet,asymmetric_10,2,ET,0.9395998901966992,asymmetric,10
isolet,asymmetric_10,3,ET,0.955980212042548,asymmetric,10
isolet,asymmetric_10,4,ET,0.9421372488850552,asymmetric,10
isolet,asymmetric_20,0,ET,0.9335697743804292,asymmetric,20
isolet,asymmetric_20,1,ET,0.935776529432826,asymmetric,20
isolet,asymmetric_20,2,ET,0.9361206063778794,asymmetric,20
isolet,asymmetric_20,3,ET,0.9496434603026156,asymmetric,20
isolet,asymmetric_20,4,ET,0.936864525926888,asymmetric,20
isolet,asymmetric_30,0,ET,0.9060282815462878,asymmetric,30
isolet,asymmetric_30,1,ET,0.9074259941629929,asymmetric,30
isolet,asymmetric_30,2,ET,0.9069090986011564,asymmetric,30
isolet,asymmetric_30,3,ET,0.916155842559224,asymmetric,30
isolet,asymmetric_30,4,ET,0.9000092788433288,asymmetric,30
isolet,asymmetric_40,0,ET,0.7680782711426257,asymmetric,40
isolet,asymmetric_40,1,ET,0.7684579661134224,asymmetric,40
isolet,asymmetric_40,2,ET,0.7713830169135958,asymmetric,40
isolet,asymmetric_40,3,ET,0.74180745136289,asymmetric,40
isolet,asymmetric_40,4,ET,0.7679422900992523,asymmetric,40
isolet,clean_0,0,ET,0.94228766892174,clean,0
isolet,clean_0,1,ET,0.9404031497580644,clean,0
isolet,clean_0,2,ET,0.9344305204184984,clean,0
isolet,clean_0,3,ET,0.9581665140160156,clean,0
isolet,clean_0,4,ET,0.9466003121147696,clean,0
isolet,pairflip_40,0,ET,0.8599685232129224,pairflip,40
isolet,pairflip_40,1,ET,0.8882777882383819,pairflip,40
isolet,pairflip_40,2,ET,0.8848638618592959,pairflip,40
isolet,pairflip_40,3,ET,0.8817839990410451,pairflip,40
isolet,pairflip_40,4,ET,0.9046498053720172,pairflip,40
isolet,symmetric_10,0,ET,0.9374088698286556,symmetric,10
isolet,symmetric_10,1,ET,0.9449479695416234,symmetric,10
isolet,symmetric_10,2,ET,0.9409028513760008,symmetric,10
isolet,symmetric_10,3,ET,0.9559966197192348,symmetric,10
isolet,symmetric_10,4,ET,0.9424097839486054,symmetric,10
isolet,symmetric_20,0,ET,0.937033503151273,symmetric,20
isolet,symmetric_20,1,ET,0.945528987552115,symmetric,20
isolet,symmetric_20,2,ET,0.9417201984282706,symmetric,20
isolet,symmetric_20,3,ET,0.9578974115444392,symmetric,20
isolet,symmetric_20,4,ET,0.9464839981396824,symmetric,20
isolet,symmetric_30,0,ET,0.9317412100231912,symmetric,30
isolet,symmetric_30,1,ET,0.9351021734521398,symmetric,30
isolet,symmetric_30,2,ET,0.9399884592019956,symmetric,30
isolet,symmetric_30,3,ET,0.94850242393468,symmetric,30
isolet,symmetric_30,4,ET,0.9393698763374644,symmetric,30
isolet,symmetric_40,0,ET,0.9222230499697728,symmetric,40
isolet,symmetric_40,1,ET,0.9298442134399744,symmetric,40
isolet,symmetric_40,2,ET,0.9331220885542224,symmetric,40
isolet,symmetric_40,3,ET,0.9466332250517444,symmetric,40
isolet,symmetric_40,4,ET,0.9347846452609216,symmetric,40
pendigits,asymmetric_10,0,ET,0.9857360138260084,asymmetric,10
pendigits,asymmetric_10,1,ET,0.9911271261655464,asymmetric,10
pendigits,asymmetric_10,2,ET,0.983483732545092,asymmetric,10
pendigits,asymmetric_10,3,ET,0.9916750135912156,asymmetric,10
pendigits,asymmetric_10,4,ET,0.9827836975874088,asymmetric,10
pendigits,asymmetric_20,0,ET,0.9774432918597858,asymmetric,20
pendigits,asymmetric_20,1,ET,0.9735493477000764,asymmetric,20
pendigits,asymmetric_20,2,ET,0.965902987408201,asymmetric,20
pendigits,asymmetric_20,3,ET,0.961200981457004,asymmetric,20
pendigits,asymmetric_20,4,ET,0.9661296182997684,asymmetric,20
pendigits,asymmetric_30,0,ET,0.9066583026891288,asymmetric,30
pendigits,asymmetric_30,1,ET,0.914898973478147,asymmetric,30
pendigits,asymmetric_30,2,ET,0.8956020855037465,asymmetric,30
pendigits,asymmetric_30,3,ET,0.8984742843298212,asymmetric,30
pendigits,asymmetric_30,4,ET,0.8954926798282358,asymmetric,30
pendigits,asymmetric_40,0,ET,0.7475942201372686,asymmetric,40
pendigits,asymmetric_40,1,ET,0.7188244530098601,asymmetric,40
pendigits,asymmetric_40,2,ET,0.7466049477353531,asymmetric,40
pendigits,asymmetric_40,3,ET,0.7495004638941414,asymmetric,40
pendigits,asymmetric_40,4,ET,0.749261052881387,asymmetric,40
pendigits,clean_0,0,ET,0.9955154241662492,clean,0
pendigits,clean_0,1,ET,0.9962638949547544,clean,0
pendigits,clean_0,2,ET,0.9878888057146742,clean,0
pendigits,clean_0,3,ET,0.994625745941286,clean,0
pendigits,clean_0,4,ET,0.9894813018663118,clean,0
pendigits,pairflip_40,0,ET,0.8454654714626774,pairflip,40
pendigits,pairflip_40,1,ET,0.8299125389449917,pairflip,40
pendigits,pairflip_40,2,ET,0.8383831764891321,pairflip,40
pendigits,pairflip_40,3,ET,0.8460218167150192,pairflip,40
pendigits,pairflip_40,4,ET,0.839874885193238,pairflip,40
pendigits,symmetric_10,0,ET,0.990186212490333,symmetric,10
pendigits,symmetric_10,1,ET,0.9940560255327782,symmetric,10
pendigits,symmetric_10,2,ET,0.9857087072706248,symmetric,10
pendigits,symmetric_10,3,ET,0.9939215927642192,symmetric,10
pendigits,symmetric_10,4,ET,0.989492674105638,symmetric,10
pendigits,symmetric_20,0,ET,0.9910034982399616,symmetric,20
pendigits,symmetric_20,1,ET,0.9880054121008844,symmetric,20
pendigits,symmetric_20,2,ET,0.981806660416533,symmetric,20
pendigits,symmetric_20,3,ET,0.9869838959795444,symmetric,20
pendigits,symmetric_20,4,ET,0.9796181732317936,symmetric,20
pendigits,symmetric_30,0,ET,0.979590487221474,symmetric,30
pendigits,symmetric_30,1,ET,0.9780386785669078,symmetric,30
pendigits,symmetric_30,2,ET,0.9652218389647904,symmetric,30
pendigits,symmetric_30,3,ET,0.9705562122672416,symmetric,30
pendigits,symmetric_30,4,ET,0.9720075895134136,symmetric,30
pendigits,symmetric_40,0,ET,0.9596926461403802,symmetric,40
pendigits,symmetric_40,1,ET,0.9354929663742468,symmetric,40
pendigits,symmetric_40,2,ET,0.946866210533534,symmetric,40
pendigits,symmetric_40,3,ET,0.954363328282956,symmetric,40
pendigits,symmetric_40,4,ET,0.9513383120427674,symmetric,40
satimage,asymmetric_10,0,ET,0.8855568948495552,asymmetric,10
satimage,asymmetric_10,1,ET,0.8717937660565244,asymmetric,10
satimage,asymmetric_10,2,ET,0.89393236542262,asymmetric,10
satimage,asymmetric_10,3,ET,0.897136351235404,asymmetric,10
satimage,asymmetric_10,4,ET,0.9067362690482992,asymmetric,10
satimage,asymmetric_20,0,ET,0.8833534354811823,asymmetric,20
satimage,asymmetric_20,1,ET,0.8635208566296572,asymmetric,20
satimage,asymmetric_20,2,ET,0.8845153433563383,asymmetric,20
satimage,asymmetric_20,3,ET,0.8871645044197405,asymmetric,20
satimage,asymmetric_20,4,ET,0.8960361308081342,asymmetric,20
satimage,asymmetric_30,0,ET,0.8350657166721422,asymmetric,30
satimage,asymmetric_30,1,ET,0.8268594989544092,asymmetric,30
satimage,asymmetric_30,2,ET,0.8314255333978289,asymmetric,30
satimage,asymmetric_30,3,ET,0.8494976164985223,asymmetric,30
satimage,asymmetric_30,4,ET,0.8535757143710128,asymmetric,30
satimage,asymmetric_40,0,ET,0.7410241238233634,asymmetric,40
satimage,asymmetric_40,1,ET,0.671064901390693,asymmetric,40
satimage,asymmetric_40,2,ET,0.7498016155793518,asymmetric,40
satimage,asymmetric_40,3,ET,0.7160108174790419,asymmetric,40
satimage,asymmetric_40,4,ET,0.7475570308826581,asymmetric,40
satimage,clean_0,0,ET,0.8965706036373997,clean,0
satimage,clean_0,1,ET,0.8732778844521983,clean,0
satimage,clean_0,2,ET,0.8995405363724882,clean,0
satimage,clean_0,3,ET,0.8924672584076623,clean,0
satimage,clean_0,4,ET,0.9042076150532266,clean,0
satimage,pairflip_40,0,ET,0.8233097725105109,pairflip,40
satimage,pairflip_40,1,ET,0.7185520191828462,pairflip,40
satimage,pairflip_40,2,ET,0.7925052355573922,pairflip,40
satimage,pairflip_40,3,ET,0.7449129971526052,pairflip,40
satimage,pairflip_40,4,ET,0.7840413197487974,pairflip,40
satimage,symmetric_10,0,ET,0.8938914971302693,symmetric,10
satimage,symmetric_10,1,ET,0.8760133751364997,symmetric,10
satimage,symmetric_10,2,ET,0.8915262582799232,symmetric,10
satimage,symmetric_10,3,ET,0.8900659895041992,symmetric,10
satimage,symmetric_10,4,ET,0.900694165801883,symmetric,10
satimage,symmetric_20,0,ET,0.8875793716032493,symmetric,20
satimage,symmetric_20,1,ET,0.8697620552168868,symmetric,20
satimage,symmetric_20,2,ET,0.8784971054893446,symmetric,20
satimage,symmetric_20,3,ET,0.8919739299995149,symmetric,20
satimage,symmetric_20,4,ET,0.913246436886798,symmetric,20
satimage,symmetric_30,0,ET,0.8832799730270193,symmetric,30
satimage,symmetric_30,1,ET,0.8551794977704112,symmetric,30
satimage,symmetric_30,2,ET,0.8686001490252702,symmetric,30
satimage,symmetric_30,3,ET,0.8974000115795708,symmetric,30
satimage,symmetric_30,4,ET,0.9039759333701304,symmetric,30
satimage,symmetric_40,0,ET,0.8800414174415992,symmetric,40
satimage,symmetric_40,1,ET,0.8483112662615454,symmetric,40
satimage,symmetric_40,2,ET,0.8673216423397054,symmetric,40
satimage,symmetric_40,3,ET,0.8627601793951908,symmetric,40
satimage,symmetric_40,4,ET,0.8780512605304254,symmetric,40
shuttle,asymmetric_10,0,ET,0.7043388763969644,asymmetric,10
shuttle,asymmetric_10,1,ET,0.6976098313332101,asymmetric,10
shuttle,asymmetric_10,2,ET,0.6949050047447419,asymmetric,10
shuttle,asymmetric_10,3,ET,0.7078145400776206,asymmetric,10
shuttle,asymmetric_10,4,ET,0.6994980809086122,asymmetric,10
shuttle,asymmetric_20,0,ET,0.6452971585595101,asymmetric,20
shuttle,asymmetric_20,1,ET,0.6485904242543368,asymmetric,20
shuttle,asymmetric_20,2,ET,0.6353282878419892,asymmetric,20
shuttle,asymmetric_20,3,ET,0.645024909972622,asymmetric,20
shuttle,asymmetric_20,4,ET,0.6339173296441893,asymmetric,20
shuttle,asymmetric_30,0,ET,0.5811656140653,asymmetric,30
shuttle,asymmetric_30,1,ET,0.5914179317833006,asymmetric,30
shuttle,asymmetric_30,2,ET,0.5873784734920975,asymmetric,30
shuttle,asymmetric_30,3,ET,0.5774475936830394,asymmetric,30
shuttle,asymmetric_30,4,ET,0.5757512774823006,asymmetric,30
shuttle,asymmetric_40,0,ET,0.5273547854967127,asymmetric,40
shuttle,asymmetric_40,1,ET,0.5146447648652452,asymmetric,40
shuttle,asymmetric_40,2,ET,0.4977824366208279,asymmetric,40
shuttle,asymmetric_40,3,ET,0.5054889114789154,asymmetric,40
shuttle,asymmetric_40,4,ET,0.5059999462063571,asymmetric,40
shuttle,clean_0,0,ET,0.8711735559827793,clean,0
shuttle,clean_0,1,ET,0.8908994838190585,clean,0
shuttle,clean_0,2,ET,0.8867352879961775,clean,0
shuttle,clean_0,3,ET,0.873749882663655,clean,0
shuttle,clean_0,4,ET,0.8648445886620542,clean,0
shuttle,pairflip_40,0,ET,0.5045706169171789,pairflip,40
shuttle,pairflip_40,1,ET,0.488710380314201,pairflip,40
shuttle,pairflip_40,2,ET,0.472893871707231,pairflip,40
shuttle,pairflip_40,3,ET,0.4827685205489538,pairflip,40
shuttle,pairflip_40,4,ET,0.4835164932195084,pairflip,40
shuttle,symmetric_10,0,ET,0.6833382685604074,symmetric,10
shuttle,symmetric_10,1,ET,0.6746449098802838,symmetric,10
shuttle,symmetric_10,2,ET,0.6785549787422055,symmetric,10
shuttle,symmetric_10,3,ET,0.6915494509846674,symmetric,10
shuttle,symmetric_10,4,ET,0.6760189100462514,symmetric,10
shuttle,symmetric_20,0,ET,0.5973147769587674,symmetric,20
shuttle,symmetric_20,1,ET,0.6107347179110583,symmetric,20
shuttle,symmetric_20,2,ET,0.5954376854726514,symmetric,20
shuttle,symmetric_20,3,ET,0.5993778968827606,symmetric,20
shuttle,symmetric_20,4,ET,0.5810123104122853,symmetric,20
shuttle,symmetric_30,0,ET,0.5267823213866221,symmetric,30
shuttle,symmetric_30,1,ET,0.5454973114382411,symmetric,30
shuttle,symmetric_30,2,ET,0.5303934787399278,symmetric,30
shuttle,symmetric_30,3,ET,0.5268738717412563,symmetric,30
shuttle,symmetric_30,4,ET,0.5111634937386387,symmetric,30
shuttle,symmetric_40,0,ET,0.4632068621906358,symmetric,40
shuttle,symmetric_40,1,ET,0.4595668718009242,symmetric,40
shuttle,symmetric_40,2,ET,0.4542015688213763,symmetric,40
shuttle,symmetric_40,3,ET,0.4503824720096768,symmetric,40
shuttle,symmetric_40,4,ET,0.4440362144965213,symmetric,40
drybean,asymmetric_10,0,Voting,0.929743416010504,asymmetric,10
drybean,asymmetric_10,1,Voting,0.9323565027713212,asymmetric,10
drybean,asymmetric_10,2,Voting,0.9320322034056472,asymmetric,10
drybean,asymmetric_10,3,Voting,0.9334564466283538,asymmetric,10
drybean,asymmetric_10,4,Voting,0.935680068749538,asymmetric,10
drybean,asymmetric_20,0,Voting,0.9127806832492724,asymmetric,20
drybean,asymmetric_20,1,Voting,0.9170105189459856,asymmetric,20
drybean,asymmetric_20,2,Voting,0.9271671231731672,asymmetric,20
drybean,asymmetric_20,3,Voting,0.9050043837273222,asymmetric,20
drybean,asymmetric_20,4,Voting,0.920581830936741,asymmetric,20
drybean,asymmetric_30,0,Voting,0.8364270706250337,asymmetric,30
drybean,asymmetric_30,1,Voting,0.8538927923435379,asymmetric,30
drybean,asymmetric_30,2,Voting,0.8512590651473504,asymmetric,30
drybean,asymmetric_30,3,Voting,0.8375487063752669,asymmetric,30
drybean,asymmetric_30,4,Voting,0.8418614875542536,asymmetric,30
drybean,asymmetric_40,0,Voting,0.7167114192813827,asymmetric,40
drybean,asymmetric_40,1,Voting,0.6653025881721598,asymmetric,40
drybean,asymmetric_40,2,Voting,0.7144514600857211,asymmetric,40
drybean,asymmetric_40,3,Voting,0.6787232869675058,asymmetric,40
drybean,asymmetric_40,4,Voting,0.6937262329724818,asymmetric,40
drybean,clean_0,0,Voting,0.9410341738673508,clean,0
drybean,clean_0,1,Voting,0.940424062289242,clean,0
drybean,clean_0,2,Voting,0.9354482906783976,clean,0
drybean,clean_0,3,Voting,0.9314950537172244,clean,0
drybean,clean_0,4,Voting,0.9430865621913554,clean,0
drybean,pairflip_40,0,Voting,0.8175732769668352,pairflip,40
drybean,pairflip_40,1,Voting,0.8070477890077209,pairflip,40
drybean,pairflip_40,2,Voting,0.8150121516822966,pairflip,40
drybean,pairflip_40,3,Voting,0.8137913797054621,pairflip,40
drybean,pairflip_40,4,Voting,0.8157223948374911,pairflip,40
drybean,symmetric_10,0,Voting,0.9417282425052448,symmetric,10
drybean,symmetric_10,1,Voting,0.9383509906562136,symmetric,10
drybean,symmetric_10,2,Voting,0.9358218871868552,symmetric,10
drybean,symmetric_10,3,Voting,0.9309853532106586,symmetric,10
drybean,symmetric_10,4,Voting,0.940335960566057,symmetric,10
drybean,symmetric_20,0,Voting,0.9361714631796352,symmetric,20
drybean,symmetric_20,1,Voting,0.9344066936045264,symmetric,20
drybean,symmetric_20,2,Voting,0.929952161972056,symmetric,20
drybean,symmetric_20,3,Voting,0.923449570990432,symmetric,20
drybean,symmetric_20,4,Voting,0.9397241347999362,symmetric,20
drybean,symmetric_30,0,Voting,0.9232754296699294,symmetric,30
drybean,symmetric_30,1,Voting,0.9263027310352632,symmetric,30
drybean,symmetric_30,2,Voting,0.9205356172307526,symmetric,30
drybean,symmetric_30,3,Voting,0.9206427387448852,symmetric,30
drybean,symmetric_30,4,Voting,0.9303759055451224,symmetric,30
drybean,symmetric_40,0,Voting,0.9019649890024192,symmetric,40
drybean,symmetric_40,1,Voting,0.913587874668827,symmetric,40
drybean,symmetric_40,2,Voting,0.9073637397152404,symmetric,40
drybean,symmetric_40,3,Voting,0.9137771858942464,symmetric,40
drybean,symmetric_40,4,Voting,0.9152146991117736,symmetric,40
har,asymmetric_10,0,Voting,0.9824410209637628,asymmetric,10
har,asymmetric_10,1,Voting,0.9869850812264912,asymmetric,10
har,asymmetric_10,2,Voting,0.9730231954546614,asymmetric,10
har,asymmetric_10,3,Voting,0.9797024178731344,asymmetric,10
har,asymmetric_10,4,Voting,0.983557988088422,asymmetric,10
har,asymmetric_20,0,Voting,0.969117883393423,asymmetric,20
har,asymmetric_20,1,Voting,0.9665033953985516,asymmetric,20
har,asymmetric_20,2,Voting,0.9620126778402172,asymmetric,20
har,asymmetric_20,3,Voting,0.966362375789655,asymmetric,20
har,asymmetric_20,4,Voting,0.9670741887839296,asymmetric,20
har,asymmetric_30,0,Voting,0.9257192356459182,asymmetric,30
har,asymmetric_30,1,Voting,0.920137030340744,asymmetric,30
har,asymmetric_30,2,Voting,0.8940049919892488,asymmetric,30
har,asymmetric_30,3,Voting,0.936220480165738,asymmetric,30
har,asymmetric_30,4,Voting,0.9125742076124088,asymmetric,30
har,asymmetric_40,0,Voting,0.785878770031892,asymmetric,40
har,asymmetric_40,1,Voting,0.7469031620528019,asymmetric,40
har,asymmetric_40,2,Voting,0.7684977736006586,asymmetric,40
har,asymmetric_40,3,Voting,0.7721206900252966,asymmetric,40
har,asymmetric_40,4,Voting,0.7691013897513397,asymmetric,40
har,clean_0,0,Voting,0.9879594270713522,clean,0
har,clean_0,1,Voting,0.9896437208600838,clean,0
har,clean_0,2,Voting,0.9838160404413604,clean,0
har,clean_0,3,Voting,0.9830682870587923,clean,0
har,clean_0,4,Voting,0.98472716230126,clean,0
har,pairflip_40,0,Voting,0.8391662395791647,pairflip,40
har,pairflip_40,1,Voting,0.8238009025211198,pairflip,40
har,pairflip_40,2,Voting,0.8454166639246257,pairflip,40
har,pairflip_40,3,Voting,0.8248507665785763,pairflip,40
har,pairflip_40,4,Voting,0.815252253172868,pairflip,40
har,symmetric_10,0,Voting,0.9848327651837804,symmetric,10
har,symmetric_10,1,Voting,0.9868442940539132,symmetric,10
har,symmetric_10,2,Voting,0.9776737255522924,symmetric,10
har,symmetric_10,3,Voting,0.9837697342254996,symmetric,10
har,symmetric_10,4,Voting,0.9831404515420624,symmetric,10
har,symmetric_20,0,Voting,0.9792484566797076,symmetric,20
har,symmetric_20,1,Voting,0.9851845414345416,symmetric,20
har,symmetric_20,2,Voting,0.978350220403444,symmetric,20
har,symmetric_20,3,Voting,0.9800042321468524,symmetric,20
har,symmetric_20,4,Voting,0.9803868445664334,symmetric,20
har,symmetric_30,0,Voting,0.9750207570942292,symmetric,30
har,symmetric_30,1,Voting,0.9754070621067664,symmetric,30
har,symmetric_30,2,Voting,0.9689385278197976,symmetric,30
har,symmetric_30,3,Voting,0.9759328918808352,symmetric,30
har,symmetric_30,4,Voting,0.9697930964091044,symmetric,30
har,symmetric_40,0,Voting,0.9687300825556792,symmetric,40
har,symmetric_40,1,Voting,0.974710645975216,symmetric,40
har,symmetric_40,2,Voting,0.960146771213909,symmetric,40
har,symmetric_40,3,Voting,0.9603881333227424,symmetric,40
har,symmetric_40,4,Voting,0.9654015601082648,symmetric,40
isolet,asymmetric_10,0,Voting,0.9465856462553044,asymmetric,10
isolet,asymmetric_10,1,Voting,0.9477746165579432,asymmetric,10
isolet,asymmetric_10,2,Voting,0.9386741143230052,asymmetric,10
isolet,asymmetric_10,3,Voting,0.9656283272199372,asymmetric,10
isolet,asymmetric_10,4,Voting,0.9379537192684066,asymmetric,10
isolet,asymmetric_20,0,Voting,0.9313176772266064,asymmetric,20
isolet,asymmetric_20,1,Voting,0.9315409345937004,asymmetric,20
isolet,asymmetric_20,2,Voting,0.9264842834374476,asymmetric,20
isolet,asymmetric_20,3,Voting,0.9431046674990248,asymmetric,20
isolet,asymmetric_20,4,Voting,0.9229624115128908,asymmetric,20
isolet,asymmetric_30,0,Voting,0.8638616289894093,asymmetric,30
isolet,asymmetric_30,1,Voting,0.8744624755594241,asymmetric,30
isolet,asymmetric_30,2,Voting,0.8756423545208218,asymmetric,30
isolet,asymmetric_30,3,Voting,0.8864224995939587,asymmetric,30
isolet,asymmetric_30,4,Voting,0.867210449834973,asymmetric,30
isolet,asymmetric_40,0,Voting,0.7297182527982667,asymmetric,40
isolet,asymmetric_40,1,Voting,0.7021753012875324,asymmetric,40
isolet,asymmetric_40,2,Voting,0.7310314075175731,asymmetric,40
isolet,asymmetric_40,3,Voting,0.7158801642606633,asymmetric,40
isolet,asymmetric_40,4,Voting,0.6977687787341871,asymmetric,40
isolet,clean_0,0,Voting,0.939277071761187,clean,0
isolet,clean_0,1,Voting,0.9446514386864228,clean,0
isolet,clean_0,2,Voting,0.9429838750824188,clean,0
isolet,clean_0,3,Voting,0.965635206447752,clean,0
isolet,clean_0,4,Voting,0.948501573685711,clean,0
isolet,pairflip_40,0,Voting,0.8538278977476383,pairflip,40
isolet,pairflip_40,1,Voting,0.8928452898737311,pairflip,40
isolet,pairflip_40,2,Voting,0.8903056866246085,pairflip,40
isolet,pairflip_40,3,Voting,0.8877065288043523,pairflip,40
isolet,pairflip_40,4,Voting,0.8901635326204717,pairflip,40
isolet,symmetric_10,0,Voting,0.9477837364417236,symmetric,10
isolet,symmetric_10,1,Voting,0.9500715724611754,symmetric,10
isolet,symmetric_10,2,Voting,0.9431076403510954,symmetric,10
isolet,symmetric_10,3,Voting,0.9635303531084684,symmetric,10
isolet,symmetric_10,4,Voting,0.950787002674106,symmetric,10
isolet,symmetric_20,0,Voting,0.9317510717182196,symmetric,20
isolet,symmetric_20,1,Voting,0.9415646447651274,symmetric,20
isolet,symmetric_20,2,Voting,0.9317045661676168,symmetric,20
isolet,symmetric_20,3,Voting,0.9602240075771298,symmetric,20
isolet,symmetric_20,4,Voting,0.9401225789399346,symmetric,20
isolet,symmetric_30,0,Voting,0.9295214173292372,symmetric,30
isolet,symmetric_30,1,Voting,0.935974591370442,symmetric,30
isolet,symmetric_30,2,Voting,0.9335104437959324,symmetric,30
isolet,symmetric_30,3,Voting,0.9433614300974308,symmetric,30
isolet,symmetric_30,4,Voting,0.9403823899088803,symmetric,30
isolet,symmetric_40,0,Voting,0.9275364318098164,symmetric,40
isolet,symmetric_40,1,Voting,0.9309062473868218,symmetric,40
isolet,symmetric_40,2,Voting,0.935210594699467,symmetric,40
isolet,symmetric_40,3,Voting,0.9487837521746096,symmetric,40
isolet,symmetric_40,4,Voting,0.9380745637110952,symmetric,40
pendigits,asymmetric_10,0,Voting,0.9895969804035312,asymmetric,10
pendigits,asymmetric_10,1,Voting,0.9851518662328276,asymmetric,10
pendigits,asymmetric_10,2,Voting,0.9811356505366976,asymmetric,10
pendigits,asymmetric_10,3,Voting,0.9855721205800678,asymmetric,10
pendigits,asymmetric_10,4,Voting,0.9811603308788964,asymmetric,10
pendigits,asymmetric_20,0,Voting,0.960691401349838,asymmetric,20
pendigits,asymmetric_20,1,Voting,0.9652489472818924,asymmetric,20
pendigits,asymmetric_20,2,Voting,0.9568156536522752,asymmetric,20
pendigits,asymmetric_20,3,Voting,0.9460059637604769,asymmetric,20
pendigits,asymmetric_20,4,Voting,0.9537573579010152,asymmetric,20
pendigits,asymmetric_30,0,Voting,0.881789348934135,asymmetric,30
pendigits,asymmetric_30,1,Voting,0.8836660953486837,asymmetric,30
pendigits,asymmetric_30,2,Voting,0.8767104210742491,asymmetric,30
pendigits,asymmetric_30,3,Voting,0.8649421324803086,asymmetric,30
pendigits,asymmetric_30,4,Voting,0.8714768975871756,asymmetric,30
pendigits,asymmetric_40,0,Voting,0.7102308531585096,asymmetric,40
pendigits,asymmetric_40,1,Voting,0.6740923162140923,asymmetric,40
pendigits,asymmetric_40,2,Voting,0.7211389764182707,asymmetric,40
pendigits,asymmetric_40,3,Voting,0.7105588372335536,asymmetric,40
pendigits,asymmetric_40,4,Voting,0.7075577506854448,asymmetric,40
pendigits,clean_0,0,Voting,0.9932714415428636,clean,0
pendigits,clean_0,1,Voting,0.996263875720841,clean,0
pendigits,clean_0,2,Voting,0.9894991786622144,clean,0
pendigits,clean_0,3,Voting,0.9923853061381472,clean,0
pendigits,clean_0,4,Voting,0.99028220804816,clean,0
pendigits,pairflip_40,0,Voting,0.8215958166017844,pairflip,40
pendigits,pairflip_40,1,Voting,0.8084135128019587,pairflip,40
pendigits,pairflip_40,2,Voting,0.8264918364647114,pairflip,40
pendigits,pairflip_40,3,Voting,0.8353536648891723,pairflip,40
pendigits,pairflip_40,4,Voting,0.8193854608608291,pairflip,40
pendigits,symmetric_10,0,Voting,0.9931768183595971,symmetric,10
pendigits,symmetric_10,1,Voting,0.9932917632095156,symmetric,10
pendigits,symmetric_10,2,Voting,0.9848870422461112,symmetric,10
pendigits,symmetric_10,3,Voting,0.9938926753185434,symmetric,10
pendigits,symmetric_10,4,Voting,0.9903354292880466,symmetric,10
pendigits,symmetric_20,0,Voting,0.9864842196847629,symmetric,20
pendigits,symmetric_20,1,Voting,0.9880128921149678,symmetric,20
pendigits,symmetric_20,2,Voting,0.9855931025786584,symmetric,20
pendigits,symmetric_20,3,Voting,0.9868616394346788,symmetric,20
pendigits,symmetric_20,4,Voting,0.9819248720710172,symmetric,20
pendigits,symmetric_30,0,Voting,0.9825777418066324,symmetric,30
pendigits,symmetric_30,1,Voting,0.9774470688355702,symmetric,30
pendigits,symmetric_30,2,Voting,0.9720728234270064,symmetric,30
pendigits,symmetric_30,3,Voting,0.9742578594318612,symmetric,30
pendigits,symmetric_30,4,Voting,0.9719697923353336,symmetric,30
pendigits,symmetric_40,0,Voting,0.9620387782335252,symmetric,40
pendigits,symmetric_40,1,Voting,0.9413791966153316,symmetric,40
pendigits,symmetric_40,2,Voting,0.9515359815716902,symmetric,40
pendigits,symmetric_40,3,Voting,0.957422357526935,symmetric,40
pendigits,symmetric_40,4,Voting,0.9535295268534292,symmetric,40
satimage,asymmetric_10,0,Voting,0.8890299869293617,asymmetric,10
satimage,asymmetric_10,1,Voting,0.8760010711671815,asymmetric,10
satimage,asymmetric_10,2,Voting,0.8897723249021098,asymmetric,10
satimage,asymmetric_10,3,Voting,0.893122579606843,asymmetric,10
satimage,asymmetric_10,4,Voting,0.9010764440971628,asymmetric,10
satimage,asymmetric_20,0,Voting,0.8742379242906226,asymmetric,20
satimage,asymmetric_20,1,Voting,0.8573223598033058,asymmetric,20
satimage,asymmetric_20,2,Voting,0.87286543515522,asymmetric,20
satimage,asymmetric_20,3,Voting,0.8754537911370996,asymmetric,20
satimage,asymmetric_20,4,Voting,0.8922434912356526,asymmetric,20
satimage,asymmetric_30,0,Voting,0.819656114949033,asymmetric,30
satimage,asymmetric_30,1,Voting,0.7923861090553365,asymmetric,30
satimage,asymmetric_30,2,Voting,0.8029839809593735,asymmetric,30
satimage,asymmetric_30,3,Voting,0.8162942719707953,asymmetric,30
satimage,asymmetric_30,4,Voting,0.8126904013307038,asymmetric,30
satimage,asymmetric_40,0,Voting,0.7042873081730531,asymmetric,40
satimage,asymmetric_40,1,Voting,0.6450759230172753,asymmetric,40
satimage,asymmetric_40,2,Voting,0.6942461421670779,asymmetric,40
satimage,asymmetric_40,3,Voting,0.6706786866837261,asymmetric,40
satimage,asymmetric_40,4,Voting,0.6881870278566565,asymmetric,40
satimage,clean_0,0,Voting,0.9052893241773384,clean,0
satimage,clean_0,1,Voting,0.8728045395380849,clean,0
satimage,clean_0,2,Voting,0.899459886161818,clean,0
satimage,clean_0,3,Voting,0.9103437700448171,clean,0
satimage,clean_0,4,Voting,0.9041984092011024,clean,0
satimage,pairflip_40,0,Voting,0.8004751922062932,pairflip,40
satimage,pairflip_40,1,Voting,0.7073670950096643,pairflip,40
satimage,pairflip_40,2,Voting,0.764880100556447,pairflip,40
satimage,pairflip_40,3,Voting,0.7443957478905762,pairflip,40
satimage,pairflip_40,4,Voting,0.7614809685178213,pairflip,40
satimage,symmetric_10,0,Voting,0.8902440386957413,symmetric,10
satimage,symmetric_10,1,Voting,0.8887154089610413,symmetric,10
satimage,symmetric_10,2,Voting,0.8833637449327062,symmetric,10
satimage,symmetric_10,3,Voting,0.8911611632239969,symmetric,10
satimage,symmetric_10,4,Voting,0.905305917291804,symmetric,10
satimage,symmetric_20,0,Voting,0.8843456350292062,symmetric,20
satimage,symmetric_20,1,Voting,0.8764030529576328,symmetric,20
satimage,symmetric_20,2,Voting,0.8920844739529644,symmetric,20
satimage,symmetric_20,3,Voting,0.8957080561600029,symmetric,20
satimage,symmetric_20,4,Voting,0.909792470831816,symmetric,20
satimage,symmetric_30,0,Voting,0.8748656276280586,symmetric,30
satimage,symmetric_30,1,Voting,0.8558299804825236,symmetric,30
satimage,symmetric_30,2,Voting,0.8711728942970541,symmetric,30
satimage,symmetric_30,3,Voting,0.8822275950943891,symmetric,30
satimage,symmetric_30,4,Voting,0.9016399635197604,symmetric,30
satimage,symmetric_40,0,Voting,0.8633803724882342,symmetric,40
satimage,symmetric_40,1,Voting,0.8399781667335247,symmetric,40
satimage,symmetric_40,2,Voting,0.8631247845733494,symmetric,40
satimage,symmetric_40,3,Voting,0.8530030375825278,symmetric,40
satimage,symmetric_40,4,Voting,0.8766561852134357,symmetric,40
shuttle,asymmetric_10,0,Voting,0.7646357509358929,asymmetric,10
shuttle,asymmetric_10,1,Voting,0.7839822358580455,asymmetric,10
shuttle,asymmetric_10,2,Voting,0.7729716737730734,asymmetric,10
shuttle,asymmetric_10,3,Voting,0.7830349668792544,asymmetric,10
shuttle,asymmetric_10,4,Voting,0.7752764369940763,asymmetric,10
shuttle,asymmetric_20,0,Voting,0.7070428205247519,asymmetric,20
shuttle,asymmetric_20,1,Voting,0.7183525583751587,asymmetric,20
shuttle,asymmetric_20,2,Voting,0.7050261331994404,asymmetric,20
shuttle,asymmetric_20,3,Voting,0.7140234119358058,asymmetric,20
shuttle,asymmetric_20,4,Voting,0.693120333051704,asymmetric,20
shuttle,asymmetric_30,0,Voting,0.6327246377280769,asymmetric,30
shuttle,asymmetric_30,1,Voting,0.6499449305086472,asymmetric,30
shuttle,asymmetric_30,2,Voting,0.6464674796683774,asymmetric,30
shuttle,asymmetric_30,3,Voting,0.6413892537980798,asymmetric,30
shuttle,asymmetric_30,4,Voting,0.6300618423279538,asymmetric,30
shuttle,asymmetric_40,0,Voting,0.5596347429885653,asymmetric,40
shuttle,asymmetric_40,1,Voting,0.5418578828275106,asymmetric,40
shuttle,asymmetric_40,2,Voting,0.5298623342408367,asymmetric,40
shuttle,asymmetric_40,3,Voting,0.538402124394681,asymmetric,40
shuttle,asymmetric_40,4,Voting,0.5380715412765338,asymmetric,40
shuttle,clean_0,0,Voting,0.9210283862909684,clean,0
shuttle,clean_0,1,Voting,0.928253564617201,clean,0
shuttle,clean_0,2,Voting,0.885833750818914,clean,0
shuttle,clean_0,3,Voting,0.9070721626583108,clean,0
shuttle,clean_0,4,Voting,0.9090189072043968,clean,0
shuttle,pairflip_40,0,Voting,0.545324205568635,pairflip,40
shuttle,pairflip_40,1,Voting,0.5286020377645512,pairflip,40
shuttle,pairflip_40,2,Voting,0.5151368100422149,pairflip,40
shuttle,pairflip_40,3,Voting,0.5182824969345343,pairflip,40
shuttle,pairflip_40,4,Voting,0.5155414209464055,pairflip,40
shuttle,symmetric_10,0,Voting,0.8046108498121561,symmetric,10
shuttle,symmetric_10,1,Voting,0.8107675675732365,symmetric,10
shuttle,symmetric_10,2,Voting,0.8005071523963,symmetric,10
shuttle,symmetric_10,3,Voting,0.8184296003322293,symmetric,10
shuttle,symmetric_10,4,Voting,0.8031152910718676,symmetric,10
shuttle,symmetric_20,0,Voting,0.7276791066127889,symmetric,20
shuttle,symmetric_20,1,Voting,0.7596957392554585,symmetric,20
shuttle,symmetric_20,2,Voting,0.7369641963327386,symmetric,20
shuttle,symmetric_20,3,Voting,0.7514664467275686,symmetric,20
shuttle,symmetric_20,4,Voting,0.7233660061874424,symmetric,20
shuttle,symmetric_30,0,Voting,0.6754046470135405,symmetric,30
shuttle,symmetric_30,1,Voting,0.6981472544989399,symmetric,30
shuttle,symmetric_30,2,Voting,0.6691608934692292,symmetric,30
shuttle,symmetric_30,3,Voting,0.6753305631548481,symmetric,30
shuttle,symmetric_30,4,Voting,0.6627799090941654,symmetric,30
shuttle,symmetric_40,0,Voting,0.5988765918060116,symmetric,40
shuttle,symmetric_40,1,Voting,0.5956854913046687,symmetric,40
shuttle,symmetric_40,2,Voting,0.581131500398903,symmetric,40
shuttle,symmetric_40,3,Voting,0.5927684127940592,symmetric,40
shuttle,symmetric_40,4,Voting,0.5801728189612997,symmetric,40
drybean,asymmetric_10,0,PlainStack,0.9222600828997648,asymmetric,10
drybean,asymmetric_10,1,PlainStack,0.9298131900200766,asymmetric,10
drybean,asymmetric_10,2,PlainStack,0.934015582916026,asymmetric,10
drybean,asymmetric_10,3,PlainStack,0.9303810772756022,asymmetric,10
drybean,asymmetric_10,4,PlainStack,0.9293452231829168,asymmetric,10
drybean,asymmetric_20,0,PlainStack,0.9005325973776203,asymmetric,20
drybean,asymmetric_20,1,PlainStack,0.9010740368222636,asymmetric,20
drybean,asymmetric_20,2,PlainStack,0.9107196492399182,asymmetric,20
drybean,asymmetric_20,3,PlainStack,0.8908471100078215,asymmetric,20
drybean,asymmetric_20,4,PlainStack,0.9027693570270446,asymmetric,20
drybean,asymmetric_30,0,PlainStack,0.8429746498313363,asymmetric,30
drybean,asymmetric_30,1,PlainStack,0.8696094127181688,asymmetric,30
drybean,asymmetric_30,2,PlainStack,0.8552712069525057,asymmetric,30
drybean,asymmetric_30,3,PlainStack,0.8236679992004513,asymmetric,30
drybean,asymmetric_30,4,PlainStack,0.8283182572650322,asymmetric,30
drybean,asymmetric_40,0,PlainStack,0.7970221156570656,asymmetric,40
drybean,asymmetric_40,1,PlainStack,0.7505953461758669,asymmetric,40
drybean,asymmetric_40,2,PlainStack,0.7573585812921515,asymmetric,40
drybean,asymmetric_40,3,PlainStack,0.7617263779133842,asymmetric,40
drybean,asymmetric_40,4,PlainStack,0.7937942656915224,asymmetric,40
drybean,clean_0,0,PlainStack,0.940191384233536,clean,0
drybean,clean_0,1,PlainStack,0.9406123281411805,clean,0
drybean,clean_0,2,PlainStack,0.9372850920314192,clean,0
drybean,clean_0,3,PlainStack,0.9303394901431002,clean,0
drybean,clean_0,4,PlainStack,0.9431683578972354,clean,0
drybean,pairflip_40,0,PlainStack,0.8199813317386734,pairflip,40
drybean,pairflip_40,1,PlainStack,0.8104433320849396,pairflip,40
drybean,pairflip_40,2,PlainStack,0.7982306059438324,pairflip,40
drybean,pairflip_40,3,PlainStack,0.767634147075704,pairflip,40
drybean,pairflip_40,4,PlainStack,0.8163470934462629,pairflip,40
drybean,symmetric_10,0,PlainStack,0.941946692724476,symmetric,10
drybean,symmetric_10,1,PlainStack,0.9403676380641984,symmetric,10
drybean,symmetric_10,2,PlainStack,0.9336187322728978,symmetric,10
drybean,symmetric_10,3,PlainStack,0.931118887168877,symmetric,10
drybean,symmetric_10,4,PlainStack,0.9399158032673188,symmetric,10
drybean,symmetric_20,0,PlainStack,0.940339328197258,symmetric,20
drybean,symmetric_20,1,PlainStack,0.9382717977988216,symmetric,20
drybean,symmetric_20,2,PlainStack,0.9313620307596464,symmetric,20
drybean,symmetric_20,3,PlainStack,0.9263718473147468,symmetric,20
drybean,symmetric_20,4,PlainStack,0.9426364849464908,symmetric,20
drybean,symmetric_30,0,PlainStack,0.9255178253325634,symmetric,30
drybean,symmetric_30,1,PlainStack,0.9240437336345668,symmetric,30
drybean,symmetric_30,2,PlainStack,0.9207022965625036,symmetric,30
drybean,symmetric_30,3,PlainStack,0.9192405775571876,symmetric,30
drybean,symmetric_30,4,PlainStack,0.9322730164568686,symmetric,30
drybean,symmetric_40,0,PlainStack,0.9080897168126651,symmetric,40
drybean,symmetric_40,1,PlainStack,0.9140079475470922,symmetric,40
drybean,symmetric_40,2,PlainStack,0.9127904043422151,symmetric,40
drybean,symmetric_40,3,PlainStack,0.9105642156536504,symmetric,40
drybean,symmetric_40,4,PlainStack,0.924899681651138,symmetric,40
har,asymmetric_10,0,PlainStack,0.9705796048941072,asymmetric,10
har,asymmetric_10,1,PlainStack,0.9761704895519672,asymmetric,10
har,asymmetric_10,2,PlainStack,0.9681830757696382,asymmetric,10
har,asymmetric_10,3,PlainStack,0.9781437891870116,asymmetric,10
har,asymmetric_10,4,PlainStack,0.9787760815031612,asymmetric,10
har,asymmetric_20,0,PlainStack,0.9579407443865414,asymmetric,20
har,asymmetric_20,1,PlainStack,0.9453420786819848,asymmetric,20
har,asymmetric_20,2,PlainStack,0.9463845270861372,asymmetric,20
har,asymmetric_20,3,PlainStack,0.9526670498678266,asymmetric,20
har,asymmetric_20,4,PlainStack,0.953395353916758,asymmetric,20
har,asymmetric_30,0,PlainStack,0.9234079831693244,asymmetric,30
har,asymmetric_30,1,PlainStack,0.9153328561501706,asymmetric,30
har,asymmetric_30,2,PlainStack,0.8996377271230395,asymmetric,30
har,asymmetric_30,3,PlainStack,0.9241580248613496,asymmetric,30
har,asymmetric_30,4,PlainStack,0.9175439236218682,asymmetric,30
har,asymmetric_40,0,PlainStack,0.861312450409153,asymmetric,40
har,asymmetric_40,1,PlainStack,0.8600116990927703,asymmetric,40
har,asymmetric_40,2,PlainStack,0.8474584247508115,asymmetric,40
har,asymmetric_40,3,PlainStack,0.8278561409915507,asymmetric,40
har,asymmetric_40,4,PlainStack,0.8407505234430861,asymmetric,40
har,clean_0,0,PlainStack,0.9903685107688636,clean,0
har,clean_0,1,PlainStack,0.9921986198615772,clean,0
har,clean_0,2,PlainStack,0.9853252697623608,clean,0
har,clean_0,3,PlainStack,0.9864589283918986,clean,0
har,clean_0,4,PlainStack,0.987188173254826,clean,0
har,pairflip_40,0,PlainStack,0.8344389346903558,pairflip,40
har,pairflip_40,1,PlainStack,0.8587215760827616,pairflip,40
har,pairflip_40,2,PlainStack,0.8403244730838763,pairflip,40
har,pairflip_40,3,PlainStack,0.8501511691510267,pairflip,40
har,pairflip_40,4,PlainStack,0.8768193539350185,pairflip,40
har,symmetric_10,0,PlainStack,0.9839824338546244,symmetric,10
har,symmetric_10,1,PlainStack,0.9876051277379572,symmetric,10
har,symmetric_10,2,PlainStack,0.9793775907255527,symmetric,10
har,symmetric_10,3,PlainStack,0.9823933116781244,symmetric,10
har,symmetric_10,4,PlainStack,0.9858268403783418,symmetric,10
har,symmetric_20,0,PlainStack,0.9787278864116752,symmetric,20
har,symmetric_20,1,PlainStack,0.9801484117266636,symmetric,20
har,symmetric_20,2,PlainStack,0.9790748270899878,symmetric,20
har,symmetric_20,3,PlainStack,0.9773968272401848,symmetric,20
har,symmetric_20,4,PlainStack,0.9763487320685506,symmetric,20
har,symmetric_30,0,PlainStack,0.9734336011863752,symmetric,30
har,symmetric_30,1,PlainStack,0.9768418565217576,symmetric,30
har,symmetric_30,2,PlainStack,0.9660760660923532,symmetric,30
har,symmetric_30,3,PlainStack,0.9743101531320076,symmetric,30
har,symmetric_30,4,PlainStack,0.969521183568772,symmetric,30
har,symmetric_40,0,PlainStack,0.964870356165381,symmetric,40
har,symmetric_40,1,PlainStack,0.9712702968490824,symmetric,40
har,symmetric_40,2,PlainStack,0.9544551647414232,symmetric,40
har,symmetric_40,3,PlainStack,0.9553268123054685,symmetric,40
har,symmetric_40,4,PlainStack,0.9612769881270448,symmetric,40
isolet,asymmetric_10,0,PlainStack,0.9292452814231724,asymmetric,10
isolet,asymmetric_10,1,PlainStack,0.94035137148789,asymmetric,10
isolet,asymmetric_10,2,PlainStack,0.9376578263411778,asymmetric,10
isolet,asymmetric_10,3,PlainStack,0.9615015898066066,asymmetric,10
isolet,asymmetric_10,4,PlainStack,0.931569371667133,asymmetric,10
isolet,asymmetric_20,0,PlainStack,0.9060974659580464,asymmetric,20
isolet,asymmetric_20,1,PlainStack,0.9108781212910324,asymmetric,20
isolet,asymmetric_20,2,PlainStack,0.9131770621595344,asymmetric,20
isolet,asymmetric_20,3,PlainStack,0.9343562515123052,asymmetric,20
isolet,asymmetric_20,4,PlainStack,0.9190437818010888,asymmetric,20
isolet,asymmetric_30,0,PlainStack,0.8281046025334398,asymmetric,30
isolet,asymmetric_30,1,PlainStack,0.8620092911053658,asymmetric,30
isolet,asymmetric_30,2,PlainStack,0.8439873972023432,asymmetric,30
isolet,asymmetric_30,3,PlainStack,0.8673006240389625,asymmetric,30
isolet,asymmetric_30,4,PlainStack,0.8428611786017712,asymmetric,30
isolet,asymmetric_40,0,PlainStack,0.7171726858822338,asymmetric,40
isolet,asymmetric_40,1,PlainStack,0.689857524167036,asymmetric,40
isolet,asymmetric_40,2,PlainStack,0.7440910456077414,asymmetric,40
isolet,asymmetric_40,3,PlainStack,0.6878354073279641,asymmetric,40
isolet,asymmetric_40,4,PlainStack,0.7131766568083859,asymmetric,40
isolet,clean_0,0,PlainStack,0.9372614830051283,clean,0
isolet,clean_0,1,PlainStack,0.9488204572255614,clean,0
isolet,clean_0,2,PlainStack,0.943108070804472,clean,0
isolet,clean_0,3,PlainStack,0.9678477745851854,clean,0
isolet,clean_0,4,PlainStack,0.9541627467690782,clean,0
isolet,pairflip_40,0,PlainStack,0.8614281372222088,pairflip,40
isolet,pairflip_40,1,PlainStack,0.8595703852604198,pairflip,40
isolet,pairflip_40,2,PlainStack,0.872354095710392,pairflip,40
isolet,pairflip_40,3,PlainStack,0.8632269034082216,pairflip,40
isolet,pairflip_40,4,PlainStack,0.8826065943358933,pairflip,40
isolet,symmetric_10,0,PlainStack,0.951043669602075,symmetric,10
isolet,symmetric_10,1,PlainStack,0.9488912347774608,symmetric,10
isolet,symmetric_10,2,PlainStack,0.9398546803007636,symmetric,10
isolet,symmetric_10,3,PlainStack,0.9623626121025992,symmetric,10
isolet,symmetric_10,4,PlainStack,0.9497511672288385,symmetric,10
isolet,symmetric_20,0,PlainStack,0.9327790932919242,symmetric,20
isolet,symmetric_20,1,PlainStack,0.9372535521616128,symmetric,20
isolet,symmetric_20,2,PlainStack,0.9308463982717688,symmetric,20
isolet,symmetric_20,3,PlainStack,0.961252574152096,symmetric,20
isolet,symmetric_20,4,PlainStack,0.9424201301345128,symmetric,20
isolet,symmetric_30,0,PlainStack,0.9284407868904436,symmetric,30
isolet,symmetric_30,1,PlainStack,0.9299197332789012,symmetric,30
isolet,symmetric_30,2,PlainStack,0.9306731450439232,symmetric,30
isolet,symmetric_30,3,PlainStack,0.9423271787800156,symmetric,30
isolet,symmetric_30,4,PlainStack,0.9403834881379876,symmetric,30
isolet,symmetric_40,0,PlainStack,0.9202128601452172,symmetric,40
isolet,symmetric_40,1,PlainStack,0.9280180044492982,symmetric,40
isolet,symmetric_40,2,PlainStack,0.9310244183975608,symmetric,40
isolet,symmetric_40,3,PlainStack,0.9446916017552508,symmetric,40
isolet,symmetric_40,4,PlainStack,0.9360314194786328,symmetric,40
pendigits,asymmetric_10,0,PlainStack,0.9721204509500836,asymmetric,10
pendigits,asymmetric_10,1,PlainStack,0.9707542596257503,asymmetric,10
pendigits,asymmetric_10,2,PlainStack,0.9736429628103652,asymmetric,10
pendigits,asymmetric_10,3,PlainStack,0.9794429814900448,asymmetric,10
pendigits,asymmetric_10,4,PlainStack,0.972762967044028,asymmetric,10
pendigits,asymmetric_20,0,PlainStack,0.9574350691315776,asymmetric,20
pendigits,asymmetric_20,1,PlainStack,0.9528021645250496,asymmetric,20
pendigits,asymmetric_20,2,PlainStack,0.9438933170751128,asymmetric,20
pendigits,asymmetric_20,3,PlainStack,0.9351938317022284,asymmetric,20
pendigits,asymmetric_20,4,PlainStack,0.9401659111669994,asymmetric,20
pendigits,asymmetric_30,0,PlainStack,0.9228517426854717,asymmetric,30
pendigits,asymmetric_30,1,PlainStack,0.9270490653334424,asymmetric,30
pendigits,asymmetric_30,2,PlainStack,0.9311100673208856,asymmetric,30
pendigits,asymmetric_30,3,PlainStack,0.9069303777195796,asymmetric,30
pendigits,asymmetric_30,4,PlainStack,0.9258657018148893,asymmetric,30
pendigits,asymmetric_40,0,PlainStack,0.8684987570348213,asymmetric,40
pendigits,asymmetric_40,1,PlainStack,0.8324703136035456,asymmetric,40
pendigits,asymmetric_40,2,PlainStack,0.8592328096862578,asymmetric,40
pendigits,asymmetric_40,3,PlainStack,0.8815528678602874,asymmetric,40
pendigits,asymmetric_40,4,PlainStack,0.8558954609263024,asymmetric,40
pendigits,clean_0,0,PlainStack,0.9932714415428636,clean,0
pendigits,clean_0,1,PlainStack,0.996263875720841,clean,0
pendigits,clean_0,2,PlainStack,0.987993600488549,clean,0
pendigits,clean_0,3,PlainStack,0.9931464445473012,clean,0
pendigits,clean_0,4,PlainStack,0.9910361287509296,clean,0
pendigits,pairflip_40,0,PlainStack,0.856710071999839,pairflip,40
pendigits,pairflip_40,1,PlainStack,0.8470403699340245,pairflip,40
pendigits,pairflip_40,2,PlainStack,0.8343163861145371,pairflip,40
pendigits,pairflip_40,3,PlainStack,0.8173195886075517,pairflip,40
pendigits,pairflip_40,4,PlainStack,0.8522235385917745,pairflip,40
pendigits,symmetric_10,0,PlainStack,0.9909071932692428,symmetric,10
pendigits,symmetric_10,1,PlainStack,0.9910350045868828,symmetric,10
pendigits,symmetric_10,2,PlainStack,0.9834188710663396,symmetric,10
pendigits,symmetric_10,3,PlainStack,0.99386050989154,symmetric,10
pendigits,symmetric_10,4,PlainStack,0.9880241272589858,symmetric,10
pendigits,symmetric_20,0,PlainStack,0.983425943063082,symmetric,20
pendigits,symmetric_20,1,PlainStack,0.9887283695951604,symmetric,20
pendigits,symmetric_20,2,PlainStack,0.9848242010249684,symmetric,20
pendigits,symmetric_20,3,PlainStack,0.9830359749985034,symmetric,20
pendigits,symmetric_20,4,PlainStack,0.9781602598214512,symmetric,20
pendigits,symmetric_30,0,PlainStack,0.9803618107475242,symmetric,30
pendigits,symmetric_30,1,PlainStack,0.9720384176716836,symmetric,30
pendigits,symmetric_30,2,PlainStack,0.9704480578077084,symmetric,30
pendigits,symmetric_30,3,PlainStack,0.9697419521471312,symmetric,30
pendigits,symmetric_30,4,PlainStack,0.9628070299202218,symmetric,30
pendigits,symmetric_40,0,PlainStack,0.9546106632457704,symmetric,40
pendigits,symmetric_40,1,PlainStack,0.941526631203628,symmetric,40
pendigits,symmetric_40,2,PlainStack,0.946334224705438,symmetric,40
pendigits,symmetric_40,3,PlainStack,0.9475061735374856,symmetric,40
pendigits,symmetric_40,4,PlainStack,0.9482749925209244,symmetric,40
satimage,asymmetric_10,0,PlainStack,0.8911604088423819,asymmetric,10
satimage,asymmetric_10,1,PlainStack,0.8652883726546613,asymmetric,10
satimage,asymmetric_10,2,PlainStack,0.886264768524541,asymmetric,10
satimage,asymmetric_10,3,PlainStack,0.8862210821430042,asymmetric,10
satimage,asymmetric_10,4,PlainStack,0.8930544462968383,asymmetric,10
satimage,asymmetric_20,0,PlainStack,0.8715135825956039,asymmetric,20
satimage,asymmetric_20,1,PlainStack,0.8417292358742339,asymmetric,20
satimage,asymmetric_20,2,PlainStack,0.8591828906966524,asymmetric,20
satimage,asymmetric_20,3,PlainStack,0.8507258253551894,asymmetric,20
satimage,asymmetric_20,4,PlainStack,0.8768290951729117,asymmetric,20
satimage,asymmetric_30,0,PlainStack,0.8259247899191671,asymmetric,30
satimage,asymmetric_30,1,PlainStack,0.7897990287077529,asymmetric,30
satimage,asymmetric_30,2,PlainStack,0.8097635575672509,asymmetric,30
satimage,asymmetric_30,3,PlainStack,0.8233300086665422,asymmetric,30
satimage,asymmetric_30,4,PlainStack,0.8538213434774802,asymmetric,30
satimage,asymmetric_40,0,PlainStack,0.766732354080715,asymmetric,40
satimage,asymmetric_40,1,PlainStack,0.7052891197631217,asymmetric,40
satimage,asymmetric_40,2,PlainStack,0.789893150154322,asymmetric,40
satimage,asymmetric_40,3,PlainStack,0.7036694115560979,asymmetric,40
satimage,asymmetric_40,4,PlainStack,0.766946291709737,asymmetric,40
satimage,clean_0,0,PlainStack,0.9016438179384986,clean,0
satimage,clean_0,1,PlainStack,0.8826870209649745,clean,0
satimage,clean_0,2,PlainStack,0.9000187962936897,clean,0
satimage,clean_0,3,PlainStack,0.9113738229908056,clean,0
satimage,clean_0,4,PlainStack,0.9030357432712646,clean,0
satimage,pairflip_40,0,PlainStack,0.8351498329322905,pairflip,40
satimage,pairflip_40,1,PlainStack,0.7249554403037121,pairflip,40
satimage,pairflip_40,2,PlainStack,0.7981102240596658,pairflip,40
satimage,pairflip_40,3,PlainStack,0.7871037977110898,pairflip,40
satimage,pairflip_40,4,PlainStack,0.7755609028336597,pairflip,40
satimage,symmetric_10,0,PlainStack,0.8850935249955391,symmetric,10
satimage,symmetric_10,1,PlainStack,0.8821522759655456,symmetric,10
satimage,symmetric_10,2,PlainStack,0.89281997324094,symmetric,10
satimage,symmetric_10,3,PlainStack,0.890183940019824,symmetric,10
satimage,symmetric_10,4,PlainStack,0.9105281108432196,symmetric,10
satimage,symmetric_20,0,PlainStack,0.8864918608723914,symmetric,20
satimage,symmetric_20,1,PlainStack,0.8666181845860322,symmetric,20
satimage,symmetric_20,2,PlainStack,0.879955198741615,symmetric,20
satimage,symmetric_20,3,PlainStack,0.8934765188435243,symmetric,20
satimage,symmetric_20,4,PlainStack,0.9050600327243546,symmetric,20
satimage,symmetric_30,0,PlainStack,0.8763551254369105,symmetric,30
satimage,symmetric_30,1,PlainStack,0.8549932852922165,symmetric,30
satimage,symmetric_30,2,PlainStack,0.8690738243788312,symmetric,30
satimage,symmetric_30,3,PlainStack,0.8850886631645044,symmetric,30
satimage,symmetric_30,4,PlainStack,0.8988175975166448,symmetric,30
satimage,symmetric_40,0,PlainStack,0.8589382751466648,symmetric,40
satimage,symmetric_40,1,PlainStack,0.8396732741902166,symmetric,40
satimage,symmetric_40,2,PlainStack,0.8702158408884864,symmetric,40
satimage,symmetric_40,3,PlainStack,0.8605321490104219,symmetric,40
satimage,symmetric_40,4,PlainStack,0.8795924521760358,symmetric,40
shuttle,asymmetric_10,0,PlainStack,0.7426009211053226,asymmetric,10
shuttle,asymmetric_10,1,PlainStack,0.7926374315764253,asymmetric,10
shuttle,asymmetric_10,2,PlainStack,0.8694653392530035,asymmetric,10
shuttle,asymmetric_10,3,PlainStack,0.946788866779822,asymmetric,10
shuttle,asymmetric_10,4,PlainStack,0.8349012932287316,asymmetric,10
shuttle,asymmetric_20,0,PlainStack,0.738547508008103,asymmetric,20
shuttle,asymmetric_20,1,PlainStack,0.7388624614664787,asymmetric,20
shuttle,asymmetric_20,2,PlainStack,0.8273322353323964,asymmetric,20
shuttle,asymmetric_20,3,PlainStack,0.78956001173876,asymmetric,20
shuttle,asymmetric_20,4,PlainStack,0.7833804972238919,asymmetric,20
shuttle,asymmetric_30,0,PlainStack,0.7544528545389859,asymmetric,30
shuttle,asymmetric_30,1,PlainStack,0.8044944613212103,asymmetric,30
shuttle,asymmetric_30,2,PlainStack,0.7878181651789742,asymmetric,30
shuttle,asymmetric_30,3,PlainStack,0.8660766982926247,asymmetric,30
shuttle,asymmetric_30,4,PlainStack,0.8044472055055056,asymmetric,30
shuttle,asymmetric_40,0,PlainStack,0.764638865847186,asymmetric,40
shuttle,asymmetric_40,1,PlainStack,0.8592146157102873,asymmetric,40
shuttle,asymmetric_40,2,PlainStack,0.8522381226223283,asymmetric,40
shuttle,asymmetric_40,3,PlainStack,0.8140827304873983,asymmetric,40
shuttle,asymmetric_40,4,PlainStack,0.8229331502045005,asymmetric,40
shuttle,clean_0,0,PlainStack,0.9497323002147045,clean,0
shuttle,clean_0,1,PlainStack,0.9595451302237136,clean,0
shuttle,clean_0,2,PlainStack,0.9433631823131992,clean,0
shuttle,clean_0,3,PlainStack,0.9044295157834534,clean,0
shuttle,clean_0,4,PlainStack,0.9700876735951118,clean,0
shuttle,pairflip_40,0,PlainStack,0.6342624558898653,pairflip,40
shuttle,pairflip_40,1,PlainStack,0.68085605179882,pairflip,40
shuttle,pairflip_40,2,PlainStack,0.5483167323626297,pairflip,40
shuttle,pairflip_40,3,PlainStack,0.684085472654927,pairflip,40
shuttle,pairflip_40,4,PlainStack,0.6272091241584458,pairflip,40
shuttle,symmetric_10,0,PlainStack,0.9222518793041738,symmetric,10
shuttle,symmetric_10,1,PlainStack,0.9097080076186936,symmetric,10
shuttle,symmetric_10,2,PlainStack,0.8976389787972345,symmetric,10
shuttle,symmetric_10,3,PlainStack,0.9494984346502636,symmetric,10
shuttle,symmetric_10,4,PlainStack,0.9142526906401416,symmetric,10
shuttle,symmetric_20,0,PlainStack,0.7472780261748029,symmetric,20
shuttle,symmetric_20,1,PlainStack,0.7465117961658927,symmetric,20
shuttle,symmetric_20,2,PlainStack,0.7480597621307405,symmetric,20
shuttle,symmetric_20,3,PlainStack,0.7747118130990528,symmetric,20
shuttle,symmetric_20,4,PlainStack,0.7462340390655885,symmetric,20
shuttle,symmetric_30,0,PlainStack,0.7422451656194717,symmetric,30
shuttle,symmetric_30,1,PlainStack,0.744497244265993,symmetric,30
shuttle,symmetric_30,2,PlainStack,0.7435463603675535,symmetric,30
shuttle,symmetric_30,3,PlainStack,0.7458442805651533,symmetric,30
shuttle,symmetric_30,4,PlainStack,0.739220997334664,symmetric,30
shuttle,symmetric_40,0,PlainStack,0.7292603079019266,symmetric,40
shuttle,symmetric_40,1,PlainStack,0.7313249750062216,symmetric,40
shuttle,symmetric_40,2,PlainStack,0.7321043141038837,symmetric,40
shuttle,symmetric_40,3,PlainStack,0.7353374306002188,symmetric,40
shuttle,symmetric_40,4,PlainStack,0.7313223272801658,symmetric,40
drybean,asymmetric_10,0,DAS,0.9236453352006256,asymmetric,10
drybean,asymmetric_10,1,DAS,0.931305168518312,asymmetric,10
drybean,asymmetric_10,2,DAS,0.93475819552158,asymmetric,10
drybean,asymmetric_10,3,DAS,0.9286675342675048,asymmetric,10
drybean,asymmetric_10,4,DAS,0.9328139590588636,asymmetric,10
drybean,asymmetric_20,0,DAS,0.8956068384553918,asymmetric,20
drybean,asymmetric_20,1,DAS,0.9093514419664226,asymmetric,20
drybean,asymmetric_20,2,DAS,0.9129340784148512,asymmetric,20
drybean,asymmetric_20,3,DAS,0.8939911387092057,asymmetric,20
drybean,asymmetric_20,4,DAS,0.9067263466927222,asymmetric,20
drybean,asymmetric_30,0,DAS,0.8436158754802092,asymmetric,30
drybean,asymmetric_30,1,DAS,0.8659009862482344,asymmetric,30
drybean,asymmetric_30,2,DAS,0.8555413842469523,asymmetric,30
drybean,asymmetric_30,3,DAS,0.8346233795138517,asymmetric,30
drybean,asymmetric_30,4,DAS,0.83059516745093,asymmetric,30
drybean,asymmetric_40,0,DAS,0.7698421468614917,asymmetric,40
drybean,asymmetric_40,1,DAS,0.7518335142383802,asymmetric,40
drybean,asymmetric_40,2,DAS,0.7533745467276833,asymmetric,40
drybean,asymmetric_40,3,DAS,0.741299260242048,asymmetric,40
drybean,asymmetric_40,4,DAS,0.7904635424720056,asymmetric,40
drybean,clean_0,0,DAS,0.9373197361322826,clean,0
drybean,clean_0,1,DAS,0.9382158903413595,clean,0
drybean,clean_0,2,DAS,0.93518766136379,clean,0
drybean,clean_0,3,DAS,0.9337315928816432,clean,0
drybean,clean_0,4,DAS,0.9429005472144156,clean,0
drybean,pairflip_40,0,DAS,0.8207054797982164,pairflip,40
drybean,pairflip_40,1,DAS,0.8127449444764608,pairflip,40
drybean,pairflip_40,2,DAS,0.8058941839523761,pairflip,40
drybean,pairflip_40,3,DAS,0.760848482738926,pairflip,40
drybean,pairflip_40,4,DAS,0.8115571317999066,pairflip,40
drybean,symmetric_10,0,DAS,0.9417745784762904,symmetric,10
drybean,symmetric_10,1,DAS,0.9398379848890612,symmetric,10
drybean,symmetric_10,2,DAS,0.9316177417537947,symmetric,10
drybean,symmetric_10,3,DAS,0.9356530392504444,symmetric,10
drybean,symmetric_10,4,DAS,0.9390982715800404,symmetric,10
drybean,symmetric_20,0,DAS,0.9416143661375048,symmetric,20
drybean,symmetric_20,1,DAS,0.9341497472719772,symmetric,20
drybean,symmetric_20,2,DAS,0.9346803053303476,symmetric,20
drybean,symmetric_20,3,DAS,0.9282689041992328,symmetric,20
drybean,symmetric_20,4,DAS,0.9375179895321536,symmetric,20
drybean,symmetric_30,0,DAS,0.926180489083852,symmetric,30
drybean,symmetric_30,1,DAS,0.9226097906129485,symmetric,30
drybean,symmetric_30,2,DAS,0.9267966884996576,symmetric,30
drybean,symmetric_30,3,DAS,0.9140062024265656,symmetric,30
drybean,symmetric_30,4,DAS,0.9328367270248306,symmetric,30
drybean,symmetric_40,0,DAS,0.9072080060351418,symmetric,40
drybean,symmetric_40,1,DAS,0.912318540543753,symmetric,40
drybean,symmetric_40,2,DAS,0.9142751920632876,symmetric,40
drybean,symmetric_40,3,DAS,0.9051264706046076,symmetric,40
drybean,symmetric_40,4,DAS,0.9240601927672302,symmetric,40
har,asymmetric_10,0,DAS,0.9810674517280714,asymmetric,10
har,asymmetric_10,1,DAS,0.9822884654943836,asymmetric,10
har,asymmetric_10,2,DAS,0.9704841095761152,asymmetric,10
har,asymmetric_10,3,DAS,0.9788107428828215,asymmetric,10
har,asymmetric_10,4,DAS,0.9788161008931524,asymmetric,10
har,asymmetric_20,0,DAS,0.9645814969706475,asymmetric,20
har,asymmetric_20,1,DAS,0.95644184967116,asymmetric,20
har,asymmetric_20,2,DAS,0.9482273307397814,asymmetric,20
har,asymmetric_20,3,DAS,0.969486632438534,asymmetric,20
har,asymmetric_20,4,DAS,0.9567287480007436,asymmetric,20
har,asymmetric_30,0,DAS,0.9339502068180956,asymmetric,30
har,asymmetric_30,1,DAS,0.9314998864880794,asymmetric,30
har,asymmetric_30,2,DAS,0.9238585599376032,asymmetric,30
har,asymmetric_30,3,DAS,0.9343554277178232,asymmetric,30
har,asymmetric_30,4,DAS,0.9246521910225476,asymmetric,30
har,asymmetric_40,0,DAS,0.8610798024885322,asymmetric,40
har,asymmetric_40,1,DAS,0.8617266316287177,asymmetric,40
har,asymmetric_40,2,DAS,0.8570928867589119,asymmetric,40
har,asymmetric_40,3,DAS,0.8277607708073328,asymmetric,40
har,asymmetric_40,4,DAS,0.8443052451911317,asymmetric,40
har,clean_0,0,DAS,0.988860557616962,clean,0
har,clean_0,1,DAS,0.9922003645636824,clean,0
har,clean_0,2,DAS,0.9845732474862258,clean,0
har,clean_0,3,DAS,0.9825054621650574,clean,0
har,clean_0,4,DAS,0.9886096711819976,clean,0
har,pairflip_40,0,DAS,0.8315544469213177,pairflip,40
har,pairflip_40,1,DAS,0.849524206310243,pairflip,40
har,pairflip_40,2,DAS,0.8415814606634894,pairflip,40
har,pairflip_40,3,DAS,0.8563866351530632,pairflip,40
har,pairflip_40,4,DAS,0.8789049580753159,pairflip,40
har,symmetric_10,0,DAS,0.9862542490546063,symmetric,10
har,symmetric_10,1,DAS,0.9883626198606908,symmetric,10
har,symmetric_10,2,DAS,0.9784299229200288,symmetric,10
har,symmetric_10,3,DAS,0.9801280607925896,symmetric,10
har,symmetric_10,4,DAS,0.9856805313628604,symmetric,10
har,symmetric_20,0,DAS,0.9779786798821196,symmetric,20
har,symmetric_20,1,DAS,0.985196350817512,symmetric,20
har,symmetric_20,2,DAS,0.977798145251548,symmetric,20
har,symmetric_20,3,DAS,0.978254218063928,symmetric,20
har,symmetric_20,4,DAS,0.9764236288832804,symmetric,20
har,symmetric_30,0,DAS,0.9729042903935684,symmetric,30
har,symmetric_30,1,DAS,0.9719474899019211,symmetric,30
har,symmetric_30,2,DAS,0.97039663373621,symmetric,30
har,symmetric_30,3,DAS,0.9739000164302352,symmetric,30
har,symmetric_30,4,DAS,0.968825538548942,symmetric,30
har,symmetric_40,0,DAS,0.9649402228949974,symmetric,40
har,symmetric_40,1,DAS,0.9713471150574065,symmetric,40
har,symmetric_40,2,DAS,0.9505107559872418,symmetric,40
har,symmetric_40,3,DAS,0.9575477523409937,symmetric,40
har,symmetric_40,4,DAS,0.9637687986701576,symmetric,40
isolet,asymmetric_10,0,DAS,0.922931733204768,asymmetric,10
isolet,asymmetric_10,1,DAS,0.9372369177087132,asymmetric,10
isolet,asymmetric_10,2,DAS,0.9365704974335192,asymmetric,10
isolet,asymmetric_10,3,DAS,0.9573073578556904,asymmetric,10
isolet,asymmetric_10,4,DAS,0.933727854464766,asymmetric,10
isolet,asymmetric_20,0,DAS,0.9058475547661964,asymmetric,20
isolet,asymmetric_20,1,DAS,0.9111625679616744,asymmetric,20
isolet,asymmetric_20,2,DAS,0.9211355235676908,asymmetric,20
isolet,asymmetric_20,3,DAS,0.9279455054632014,asymmetric,20
isolet,asymmetric_20,4,DAS,0.9151768332705384,asymmetric,20
isolet,asymmetric_30,0,DAS,0.8139563202015339,asymmetric,30
isolet,asymmetric_30,1,DAS,0.861387596502226,asymmetric,30
isolet,asymmetric_30,2,DAS,0.8430203438993996,asymmetric,30
isolet,asymmetric_30,3,DAS,0.8574726966659726,asymmetric,30
isolet,asymmetric_30,4,DAS,0.8375413616601022,asymmetric,30
isolet,asymmetric_40,0,DAS,0.6966269839259847,asymmetric,40
isolet,asymmetric_40,1,DAS,0.6650289079697583,asymmetric,40
isolet,asymmetric_40,2,DAS,0.7472611822414031,asymmetric,40
isolet,asymmetric_40,3,DAS,0.6690447087647194,asymmetric,40
isolet,asymmetric_40,4,DAS,0.6985344890484495,asymmetric,40
isolet,clean_0,0,DAS,0.9373386476139144,clean,0
isolet,clean_0,1,DAS,0.9447540060160662,clean,0
isolet,clean_0,2,DAS,0.9441551230673204,clean,0
isolet,clean_0,3,DAS,0.9635228340822948,clean,0
isolet,clean_0,4,DAS,0.9520658128738904,clean,0
isolet,pairflip_40,0,DAS,0.868938735792721,pairflip,40
isolet,pairflip_40,1,DAS,0.8501363200560843,pairflip,40
isolet,pairflip_40,2,DAS,0.8826178402786427,pairflip,40
isolet,pairflip_40,3,DAS,0.8757081162532472,pairflip,40
isolet,pairflip_40,4,DAS,0.8854994376735194,pairflip,40
isolet,symmetric_10,0,DAS,0.9478508977800044,symmetric,10
isolet,symmetric_10,1,DAS,0.9425945995735514,symmetric,10
isolet,symmetric_10,2,DAS,0.9444165568722912,symmetric,10
isolet,symmetric_10,3,DAS,0.9593380842728628,symmetric,10
isolet,symmetric_10,4,DAS,0.9500313765393558,symmetric,10
isolet,symmetric_20,0,DAS,0.9286253138605788,symmetric,20
isolet,symmetric_20,1,DAS,0.9373508572000288,symmetric,20
isolet,symmetric_20,2,DAS,0.935416209444466,symmetric,20
isolet,symmetric_20,3,DAS,0.9558187530044452,symmetric,20
isolet,symmetric_20,4,DAS,0.9434225181218742,symmetric,20
isolet,symmetric_30,0,DAS,0.9214260741149884,symmetric,30
isolet,symmetric_30,1,DAS,0.9247976799272434,symmetric,30
isolet,symmetric_30,2,DAS,0.933794316759547,symmetric,30
isolet,symmetric_30,3,DAS,0.9360723376417184,symmetric,30
isolet,symmetric_30,4,DAS,0.940544680912236,symmetric,30
isolet,symmetric_40,0,DAS,0.9030344567133332,symmetric,40
isolet,symmetric_40,1,DAS,0.918378273189426,symmetric,40
isolet,symmetric_40,2,DAS,0.9237429188330384,symmetric,40
isolet,symmetric_40,3,DAS,0.940384924737277,symmetric,40
isolet,symmetric_40,4,DAS,0.9258210306115404,symmetric,40
pendigits,asymmetric_10,0,DAS,0.9773848743170316,asymmetric,10
pendigits,asymmetric_10,1,DAS,0.975880189212128,asymmetric,10
pendigits,asymmetric_10,2,DAS,0.970509895780404,asymmetric,10
pendigits,asymmetric_10,3,DAS,0.9786681535310552,asymmetric,10
pendigits,asymmetric_10,4,DAS,0.976584040120119,asymmetric,10
pendigits,asymmetric_20,0,DAS,0.9559586035914664,asymmetric,20
pendigits,asymmetric_20,1,DAS,0.9564875786031506,asymmetric,20
pendigits,asymmetric_20,2,DAS,0.9376911477390636,asymmetric,20
pendigits,asymmetric_20,3,DAS,0.9364780789993372,asymmetric,20
pendigits,asymmetric_20,4,DAS,0.9314929345951212,asymmetric,20
pendigits,asymmetric_30,0,DAS,0.9005552773071159,asymmetric,30
pendigits,asymmetric_30,1,DAS,0.9283067855070006,asymmetric,30
pendigits,asymmetric_30,2,DAS,0.9227163527231432,asymmetric,30
pendigits,asymmetric_30,3,DAS,0.8993148650711349,asymmetric,30
pendigits,asymmetric_30,4,DAS,0.9212872746949554,asymmetric,30
pendigits,asymmetric_40,0,DAS,0.8471518865178218,asymmetric,40
pendigits,asymmetric_40,1,DAS,0.814718294091743,asymmetric,40
pendigits,asymmetric_40,2,DAS,0.8262253456731712,asymmetric,40
pendigits,asymmetric_40,3,DAS,0.8265044545520457,asymmetric,40
pendigits,asymmetric_40,4,DAS,0.8417785388574913,asymmetric,40
pendigits,clean_0,0,DAS,0.9939728577736916,clean,0
pendigits,clean_0,1,DAS,0.9955363598996556,clean,0
pendigits,clean_0,2,DAS,0.9902708501239346,clean,0
pendigits,clean_0,3,DAS,0.9931160996172644,clean,0
pendigits,clean_0,4,DAS,0.9880596013374984,clean,0
pendigits,pairflip_40,0,DAS,0.8271774833991523,pairflip,40
pendigits,pairflip_40,1,DAS,0.8278618367927615,pairflip,40
pendigits,pairflip_40,2,DAS,0.827336719108931,pairflip,40
pendigits,pairflip_40,3,DAS,0.7901267231021881,pairflip,40
pendigits,pairflip_40,4,DAS,0.8353539865845029,pairflip,40
pendigits,symmetric_10,0,DAS,0.9902107439593608,symmetric,10
pendigits,symmetric_10,1,DAS,0.9917679395842168,symmetric,10
pendigits,symmetric_10,2,DAS,0.9826005128368912,symmetric,10
pendigits,symmetric_10,3,DAS,0.9939215344252864,symmetric,10
pendigits,symmetric_10,4,DAS,0.988136723925824,symmetric,10
pendigits,symmetric_20,0,DAS,0.9810549450154696,symmetric,20
pendigits,symmetric_20,1,DAS,0.9850139801623272,symmetric,20
pendigits,symmetric_20,2,DAS,0.9855867027224324,symmetric,20
pendigits,symmetric_20,3,DAS,0.9815630804170418,symmetric,20
pendigits,symmetric_20,4,DAS,0.976516194367435,symmetric,20
pendigits,symmetric_30,0,DAS,0.9795554301917396,symmetric,30
pendigits,symmetric_30,1,DAS,0.9667700400572606,symmetric,30
pendigits,symmetric_30,2,DAS,0.968303305839445,symmetric,30
pendigits,symmetric_30,3,DAS,0.9712171083295088,symmetric,30
pendigits,symmetric_30,4,DAS,0.9620572592721016,symmetric,30
pendigits,symmetric_40,0,DAS,0.953161107035549,symmetric,40
pendigits,symmetric_40,1,DAS,0.9392565510536824,symmetric,40
pendigits,symmetric_40,2,DAS,0.9402411178537268,symmetric,40
pendigits,symmetric_40,3,DAS,0.9505864224756768,symmetric,40
pendigits,symmetric_40,4,DAS,0.9437399865931828,symmetric,40
satimage,asymmetric_10,0,DAS,0.895944986055063,asymmetric,10
satimage,asymmetric_10,1,DAS,0.8613439912126742,asymmetric,10
satimage,asymmetric_10,2,DAS,0.8893661351498761,asymmetric,10
satimage,asymmetric_10,3,DAS,0.8843421788789678,asymmetric,10
satimage,asymmetric_10,4,DAS,0.8926557013691525,asymmetric,10
satimage,asymmetric_20,0,DAS,0.8758945916443178,asymmetric,20
satimage,asymmetric_20,1,DAS,0.8404010843857855,asymmetric,20
satimage,asymmetric_20,2,DAS,0.8645927295436996,asymmetric,20
satimage,asymmetric_20,3,DAS,0.8481735707127918,asymmetric,20
satimage,asymmetric_20,4,DAS,0.8747084410357368,asymmetric,20
satimage,asymmetric_30,0,DAS,0.8364327371759194,asymmetric,30
satimage,asymmetric_30,1,DAS,0.7794568618888412,asymmetric,30
satimage,asymmetric_30,2,DAS,0.8127407323757644,asymmetric,30
satimage,asymmetric_30,3,DAS,0.8284041771303529,asymmetric,30
satimage,asymmetric_30,4,DAS,0.8576763263343622,asymmetric,30
satimage,asymmetric_40,0,DAS,0.7644812300840398,asymmetric,40
satimage,asymmetric_40,1,DAS,0.6923694764605436,asymmetric,40
satimage,asymmetric_40,2,DAS,0.764707247183532,asymmetric,40
satimage,asymmetric_40,3,DAS,0.7030659210592741,asymmetric,40
satimage,asymmetric_40,4,DAS,0.7535965751966874,asymmetric,40
satimage,clean_0,0,DAS,0.9030014268642684,clean,0
satimage,clean_0,1,DAS,0.8786636244342353,clean,0
satimage,clean_0,2,DAS,0.8965515666966869,clean,0
satimage,clean_0,3,DAS,0.9084851082755246,clean,0
satimage,clean_0,4,DAS,0.9039231039868412,clean,0
satimage,pairflip_40,0,DAS,0.8189254225251301,pairflip,40
satimage,pairflip_40,1,DAS,0.7318730044675824,pairflip,40
satimage,pairflip_40,2,DAS,0.795467341844398,pairflip,40
satimage,pairflip_40,3,DAS,0.7817633297403601,pairflip,40
satimage,pairflip_40,4,DAS,0.7431222732381942,pairflip,40
satimage,symmetric_10,0,DAS,0.8932727196310735,symmetric,10
satimage,symmetric_10,1,DAS,0.8862121469805823,symmetric,10
satimage,symmetric_10,2,DAS,0.8874438324321372,symmetric,10
satimage,symmetric_10,3,DAS,0.8891305938194143,symmetric,10
satimage,symmetric_10,4,DAS,0.9065498386869236,symmetric,10
satimage,symmetric_20,0,DAS,0.8878883269981109,symmetric,20
satimage,symmetric_20,1,DAS,0.8562475260715011,symmetric,20
satimage,symmetric_20,2,DAS,0.8701395945638014,symmetric,20
satimage,symmetric_20,3,DAS,0.8942730318931318,symmetric,20
satimage,symmetric_20,4,DAS,0.9019431218271882,symmetric,20
satimage,symmetric_30,0,DAS,0.8764408162853394,symmetric,30
satimage,symmetric_30,1,DAS,0.8508966009301876,symmetric,30
satimage,symmetric_30,2,DAS,0.8709008883387024,symmetric,30
satimage,symmetric_30,3,DAS,0.8835948251647956,symmetric,30
satimage,symmetric_30,4,DAS,0.8949691415880503,symmetric,30
satimage,symmetric_40,0,DAS,0.8604876974043499,symmetric,40
satimage,symmetric_40,1,DAS,0.8401240883703941,symmetric,40
satimage,symmetric_40,2,DAS,0.8579413387426987,symmetric,40
satimage,symmetric_40,3,DAS,0.8482929268848896,symmetric,40
satimage,symmetric_40,4,DAS,0.8593930074056985,symmetric,40
shuttle,asymmetric_10,0,DAS,0.8921457369913114,asymmetric,10
shuttle,asymmetric_10,1,DAS,0.9118090231723868,asymmetric,10
shuttle,asymmetric_10,2,DAS,0.872950226236117,asymmetric,10
shuttle,asymmetric_10,3,DAS,0.9307642978221284,asymmetric,10
shuttle,asymmetric_10,4,DAS,0.9010577716911052,asymmetric,10
shuttle,asymmetric_20,0,DAS,0.7410820144261436,asymmetric,20
shuttle,asymmetric_20,1,DAS,0.7420728726854656,asymmetric,20
shuttle,asymmetric_20,2,DAS,0.8341663853470533,asymmetric,20
shuttle,asymmetric_20,3,DAS,0.8369979317368803,asymmetric,20
shuttle,asymmetric_20,4,DAS,0.7897035854853391,asymmetric,20
shuttle,asymmetric_30,0,DAS,0.7569387884531932,asymmetric,30
shuttle,asymmetric_30,1,DAS,0.7589803449508234,asymmetric,30
shuttle,asymmetric_30,2,DAS,0.7850010647831984,asymmetric,30
shuttle,asymmetric_30,3,DAS,0.8076559051504029,asymmetric,30
shuttle,asymmetric_30,4,DAS,0.788707845848604,asymmetric,30
shuttle,asymmetric_40,0,DAS,0.757572355593426,asymmetric,40
shuttle,asymmetric_40,1,DAS,0.8064635079212648,asymmetric,40
shuttle,asymmetric_40,2,DAS,0.8314580910241164,asymmetric,40
shuttle,asymmetric_40,3,DAS,0.8136701275426911,asymmetric,40
shuttle,asymmetric_40,4,DAS,0.8154940811169202,asymmetric,40
shuttle,clean_0,0,DAS,0.9465662021389092,clean,0
shuttle,clean_0,1,DAS,0.946565963756053,clean,0
shuttle,clean_0,2,DAS,0.9428573105878152,clean,0
shuttle,clean_0,3,DAS,0.9369454797885866,clean,0
shuttle,clean_0,4,DAS,0.9521226497834048,clean,0
shuttle,pairflip_40,0,DAS,0.6926701153707066,pairflip,40
shuttle,pairflip_40,1,DAS,0.7100097142415601,pairflip,40
shuttle,pairflip_40,2,DAS,0.5671391937519593,pairflip,40
shuttle,pairflip_40,3,DAS,0.6999504505045846,pairflip,40
shuttle,pairflip_40,4,DAS,0.6435266415158404,pairflip,40
shuttle,symmetric_10,0,DAS,0.9084811594429624,symmetric,10
shuttle,symmetric_10,1,DAS,0.9385662358666296,symmetric,10
shuttle,symmetric_10,2,DAS,0.8835747248657457,symmetric,10
shuttle,symmetric_10,3,DAS,0.9430203471186368,symmetric,10
shuttle,symmetric_10,4,DAS,0.9141437604852238,symmetric,10
shuttle,symmetric_20,0,DAS,0.8422258529957463,symmetric,20
shuttle,symmetric_20,1,DAS,0.8866855089044965,symmetric,20
shuttle,symmetric_20,2,DAS,0.7476597282544089,symmetric,20
shuttle,symmetric_20,3,DAS,0.8734743498683221,symmetric,20
shuttle,symmetric_20,4,DAS,0.853307689992182,symmetric,20
shuttle,symmetric_30,0,DAS,0.7418522989824228,symmetric,30
shuttle,symmetric_30,1,DAS,0.7435921671421515,symmetric,30
shuttle,symmetric_30,2,DAS,0.8519187389382825,symmetric,30
shuttle,symmetric_30,3,DAS,0.7435318430166689,symmetric,30
shuttle,symmetric_30,4,DAS,0.7387147746450828,symmetric,30
shuttle,symmetric_40,0,DAS,0.7253307827043873,symmetric,40
shuttle,symmetric_40,1,DAS,0.7298248897884548,symmetric,40
shuttle,symmetric_40,2,DAS,0.7296529830763171,symmetric,40
shuttle,symmetric_40,3,DAS,0.7324209325161404,symmetric,40
shuttle,symmetric_40,4,DAS,0.7299147453693415,symmetric,40
cifar10,asymmetric_10,0,RF,0.821381647871825,asymmetric,10
cifar10,asymmetric_10,1,RF,0.8294235363256174,asymmetric,10
cifar10,asymmetric_10,2,RF,0.8273853105509854,asymmetric,10
cifar10,asymmetric_10,3,RF,0.8262913674677653,asymmetric,10
cifar10,asymmetric_10,4,RF,0.8175929006243365,asymmetric,10
cifar10,asymmetric_20,0,RF,0.8174082800539659,asymmetric,20
cifar10,asymmetric_20,1,RF,0.8222185461309074,asymmetric,20
cifar10,asymmetric_20,2,RF,0.8208221657885983,asymmetric,20
cifar10,asymmetric_20,3,RF,0.8236826362319041,asymmetric,20
cifar10,asymmetric_20,4,RF,0.8128843740131592,asymmetric,20
cifar10,asymmetric_30,0,RF,0.8030557525015849,asymmetric,30
cifar10,asymmetric_30,1,RF,0.8091423751891405,asymmetric,30
cifar10,asymmetric_30,2,RF,0.8052407070912027,asymmetric,30
cifar10,asymmetric_30,3,RF,0.8083627290464005,asymmetric,30
cifar10,asymmetric_30,4,RF,0.8032302399897452,asymmetric,30
cifar10,asymmetric_40,0,RF,0.7342694020862717,asymmetric,40
cifar10,asymmetric_40,1,RF,0.7493143197853223,asymmetric,40
cifar10,asymmetric_40,2,RF,0.7481208623433455,asymmetric,40
cifar10,asymmetric_40,3,RF,0.7389933306482332,asymmetric,40
cifar10,asymmetric_40,4,RF,0.7376449890254715,asymmetric,40
cifar10,c10n_aggre_0,0,RF,0.8223095005276913,c10n_aggre,0
cifar10,c10n_aggre_0,1,RF,0.829423580108308,c10n_aggre,0
cifar10,c10n_aggre_0,2,RF,0.8244940446619061,c10n_aggre,0
cifar10,c10n_aggre_0,3,RF,0.8247351813926518,c10n_aggre,0
cifar10,c10n_aggre_0,4,RF,0.8196013094958591,c10n_aggre,0
cifar10,c10n_random1_0,0,RF,0.8180739457679003,c10n_random1,0
cifar10,c10n_random1_0,1,RF,0.8269730335497462,c10n_random1,0
cifar10,c10n_random1_0,2,RF,0.8201608052972474,c10n_random1,0
cifar10,c10n_random1_0,3,RF,0.8242105163664556,c10n_random1,0
cifar10,c10n_random1_0,4,RF,0.8139861564276643,c10n_random1,0
cifar10,c10n_worse_0,0,RF,0.7844709752041837,c10n_worse,0
cifar10,c10n_worse_0,1,RF,0.7907987099201309,c10n_worse,0
cifar10,c10n_worse_0,2,RF,0.7836006213012745,c10n_worse,0
cifar10,c10n_worse_0,3,RF,0.7887549588027263,c10n_worse,0
cifar10,c10n_worse_0,4,RF,0.7807767578167407,c10n_worse,0
cifar10,clean_0,0,RF,0.8252165334223971,clean,0
cifar10,clean_0,1,RF,0.8319206337440672,clean,0
cifar10,clean_0,2,RF,0.8255379800704732,clean,0
cifar10,clean_0,3,RF,0.8283288203631158,clean,0
cifar10,clean_0,4,RF,0.8175924274236606,clean,0
cifar10,pairflip_40,0,RF,0.7613642147349264,pairflip,40
cifar10,pairflip_40,1,RF,0.7622921967647214,pairflip,40
cifar10,pairflip_40,2,RF,0.7609136017141237,pairflip,40
cifar10,pairflip_40,3,RF,0.7575803353069035,pairflip,40
cifar10,pairflip_40,4,RF,0.7603545539770338,pairflip,40
cifar10,symmetric_10,0,RF,0.8221337905920558,symmetric,10
cifar10,symmetric_10,1,RF,0.8288225417857564,symmetric,10
cifar10,symmetric_10,2,RF,0.8283911708035172,symmetric,10
cifar10,symmetric_10,3,RF,0.8311184105511871,symmetric,10
cifar10,symmetric_10,4,RF,0.817008047392588,symmetric,10
cifar10,symmetric_20,0,RF,0.8219263066016864,symmetric,20
cifar10,symmetric_20,1,RF,0.8318937824144875,symmetric,20
cifar10,symmetric_20,2,RF,0.825246071170249,symmetric,20
cifar10,symmetric_20,3,RF,0.825329517477458,symmetric,20
cifar10,symmetric_20,4,RF,0.8136043525549917,symmetric,20
cifar10,symmetric_30,0,RF,0.8225146812186548,symmetric,30
cifar10,symmetric_30,1,RF,0.8252634710706983,symmetric,30
cifar10,symmetric_30,2,RF,0.8211428510988963,symmetric,30
cifar10,symmetric_30,3,RF,0.8277150410034796,symmetric,30
cifar10,symmetric_30,4,RF,0.8154245879201882,symmetric,30
cifar10,symmetric_40,0,RF,0.8156084792366627,symmetric,40
cifar10,symmetric_40,1,RF,0.8231843050370017,symmetric,40
cifar10,symmetric_40,2,RF,0.8172359613575105,symmetric,40
cifar10,symmetric_40,3,RF,0.8224028855871331,symmetric,40
cifar10,symmetric_40,4,RF,0.8090846299168885,symmetric,40
fmnist,asymmetric_10,0,RF,0.8672177456332795,asymmetric,10
fmnist,asymmetric_10,1,RF,0.8541270603978713,asymmetric,10
fmnist,asymmetric_10,2,RF,0.858544458088067,asymmetric,10
fmnist,asymmetric_10,3,RF,0.8552722885226052,asymmetric,10
fmnist,asymmetric_10,4,RF,0.8591602349438545,asymmetric,10
fmnist,asymmetric_20,0,RF,0.8679473323631098,asymmetric,20
fmnist,asymmetric_20,1,RF,0.8551192980983725,asymmetric,20
fmnist,asymmetric_20,2,RF,0.8524437458709674,asymmetric,20
fmnist,asymmetric_20,3,RF,0.8556136536832127,asymmetric,20
fmnist,asymmetric_20,4,RF,0.856577544983708,asymmetric,20
fmnist,asymmetric_30,0,RF,0.8619139992269901,asymmetric,30
fmnist,asymmetric_30,1,RF,0.848637936697395,asymmetric,30
fmnist,asymmetric_30,2,RF,0.8465322411897718,asymmetric,30
fmnist,asymmetric_30,3,RF,0.8513098213053988,asymmetric,30
fmnist,asymmetric_30,4,RF,0.8543054358644321,asymmetric,30
fmnist,asymmetric_40,0,RF,0.8218671933880419,asymmetric,40
fmnist,asymmetric_40,1,RF,0.8008109176795808,asymmetric,40
fmnist,asymmetric_40,2,RF,0.7948055332645302,asymmetric,40
fmnist,asymmetric_40,3,RF,0.8061727020449286,asymmetric,40
fmnist,asymmetric_40,4,RF,0.8108236921593642,asymmetric,40
fmnist,clean_0,0,RF,0.8673267433716685,clean,0
fmnist,clean_0,1,RF,0.8589583360542907,clean,0
fmnist,clean_0,2,RF,0.857313171071044,clean,0
fmnist,clean_0,3,RF,0.8566462219574973,clean,0
fmnist,clean_0,4,RF,0.8643602553391977,clean,0
fmnist,pairflip_40,0,RF,0.8213241663875281,pairflip,40
fmnist,pairflip_40,1,RF,0.8075301853693144,pairflip,40
fmnist,pairflip_40,2,RF,0.8186544053771696,pairflip,40
fmnist,pairflip_40,3,RF,0.8143301340195185,pairflip,40
fmnist,pairflip_40,4,RF,0.8086865646100163,pairflip,40
fmnist,symmetric_10,0,RF,0.8662149069761812,symmetric,10
fmnist,symmetric_10,1,RF,0.8562758257201052,symmetric,10
fmnist,symmetric_10,2,RF,0.8575995404333454,symmetric,10
fmnist,symmetric_10,3,RF,0.856293431398376,symmetric,10
fmnist,symmetric_10,4,RF,0.8616351654968906,symmetric,10
fmnist,symmetric_20,0,RF,0.8682322354029612,symmetric,20
fmnist,symmetric_20,1,RF,0.853836715428914,symmetric,20
fmnist,symmetric_20,2,RF,0.8566496589716335,symmetric,20
fmnist,symmetric_20,3,RF,0.8536398119606645,symmetric,20
fmnist,symmetric_20,4,RF,0.8588102714752335,symmetric,20
fmnist,symmetric_30,0,RF,0.8672296507330977,symmetric,30
fmnist,symmetric_30,1,RF,0.857814270279806,symmetric,30
fmnist,symmetric_30,2,RF,0.8563821845324778,symmetric,30
fmnist,symmetric_30,3,RF,0.8551367482414761,symmetric,30
fmnist,symmetric_30,4,RF,0.865354626180844,symmetric,30
fmnist,symmetric_40,0,RF,0.8605078935888958,symmetric,40
fmnist,symmetric_40,1,RF,0.8496205453117739,symmetric,40
fmnist,symmetric_40,2,RF,0.8504850842075277,symmetric,40
fmnist,symmetric_40,3,RF,0.8557578009792695,symmetric,40
fmnist,symmetric_40,4,RF,0.8600366849180403,symmetric,40
cifar10,asymmetric_10,0,XGB,0.8661232490658353,asymmetric,10
cifar10,asymmetric_10,1,XGB,0.8727080299124002,asymmetric,10
cifar10,asymmetric_10,2,XGB,0.8690091169379279,asymmetric,10
cifar10,asymmetric_10,3,XGB,0.8764133168374606,asymmetric,10
cifar10,asymmetric_10,4,XGB,0.8584323822895568,asymmetric,10
cifar10,asymmetric_20,0,XGB,0.8393884962022995,asymmetric,20
cifar10,asymmetric_20,1,XGB,0.853132106076622,asymmetric,20
cifar10,asymmetric_20,2,XGB,0.8527134522569148,asymmetric,20
cifar10,asymmetric_20,3,XGB,0.8536901794151,asymmetric,20
cifar10,asymmetric_20,4,XGB,0.8455591925675077,asymmetric,20
cifar10,asymmetric_30,0,XGB,0.7944800350437847,asymmetric,30
cifar10,asymmetric_30,1,XGB,0.8065301782842782,asymmetric,30
cifar10,asymmetric_30,2,XGB,0.8030771001864176,asymmetric,30
cifar10,asymmetric_30,3,XGB,0.8076860183425335,asymmetric,30
cifar10,asymmetric_30,4,XGB,0.7994249494780189,asymmetric,30
cifar10,asymmetric_40,0,XGB,0.6699321948860996,asymmetric,40
cifar10,asymmetric_40,1,XGB,0.6805867588397897,asymmetric,40
cifar10,asymmetric_40,2,XGB,0.6616710611229665,asymmetric,40
cifar10,asymmetric_40,3,XGB,0.6767265235156553,asymmetric,40
cifar10,asymmetric_40,4,XGB,0.6744248418389313,asymmetric,40
cifar10,c10n_aggre_0,0,XGB,0.8626434172702284,c10n_aggre,0
cifar10,c10n_aggre_0,1,XGB,0.869158435954508,c10n_aggre,0
cifar10,c10n_aggre_0,2,XGB,0.8624551169607683,c10n_aggre,0
cifar10,c10n_aggre_0,3,XGB,0.8746716628561326,c10n_aggre,0
cifar10,c10n_aggre_0,4,XGB,0.8664938412099783,c10n_aggre,0
cifar10,c10n_random1_0,0,XGB,0.8546625021806014,c10n_random1,0
cifar10,c10n_random1_0,1,XGB,0.8627189299494503,c10n_random1,0
cifar10,c10n_random1_0,2,XGB,0.8613808258833877,c10n_random1,0
cifar10,c10n_random1_0,3,XGB,0.8671071289782958,c10n_random1,0
cifar10,c10n_random1_0,4,XGB,0.8552885108520828,c10n_random1,0
cifar10,c10n_worse_0,0,XGB,0.7943421732997286,c10n_worse,0
cifar10,c10n_worse_0,1,XGB,0.7957118506716613,c10n_worse,0
cifar10,c10n_worse_0,2,XGB,0.7974717007024377,c10n_worse,0
cifar10,c10n_worse_0,3,XGB,0.8107721497095287,c10n_worse,0
cifar10,c10n_worse_0,4,XGB,0.7983397013691804,c10n_worse,0
cifar10,clean_0,0,XGB,0.8724506338070002,clean,0
cifar10,clean_0,1,XGB,0.8775241438748547,clean,0
cifar10,clean_0,2,XGB,0.8781512492753143,clean,0
cifar10,clean_0,3,XGB,0.8837818298485333,clean,0
cifar10,clean_0,4,XGB,0.8710635701747232,clean,0
cifar10,pairflip_40,0,XGB,0.748734166115739,pairflip,40
cifar10,pairflip_40,1,XGB,0.7556707975103301,pairflip,40
cifar10,pairflip_40,2,XGB,0.7559746746705502,pairflip,40
cifar10,pairflip_40,3,XGB,0.7555636293070446,pairflip,40
cifar10,pairflip_40,4,XGB,0.7580938177302541,pairflip,40
cifar10,symmetric_10,0,XGB,0.8712738328368073,symmetric,10
cifar10,symmetric_10,1,XGB,0.8709955322355304,symmetric,10
cifar10,symmetric_10,2,XGB,0.8700262585661817,symmetric,10
cifar10,symmetric_10,3,XGB,0.8777497046532577,symmetric,10
cifar10,symmetric_10,4,XGB,0.8690537993005213,symmetric,10
cifar10,symmetric_20,0,XGB,0.8557061053602663,symmetric,20
cifar10,symmetric_20,1,XGB,0.8609683406899944,symmetric,20
cifar10,symmetric_20,2,XGB,0.8588958970110427,symmetric,20
cifar10,symmetric_20,3,XGB,0.8673114386502462,symmetric,20
cifar10,symmetric_20,4,XGB,0.8560065688464549,symmetric,20
cifar10,symmetric_30,0,XGB,0.8515124113802759,symmetric,30
cifar10,symmetric_30,1,XGB,0.8557743953579087,symmetric,30
cifar10,symmetric_30,2,XGB,0.8463050493058736,symmetric,30
cifar10,symmetric_30,3,XGB,0.8553984217761922,symmetric,30
cifar10,symmetric_30,4,XGB,0.8489120930882743,symmetric,30
cifar10,symmetric_40,0,XGB,0.8309067222647164,symmetric,40
cifar10,symmetric_40,1,XGB,0.8332666675047111,symmetric,40
cifar10,symmetric_40,2,XGB,0.8350701875945298,symmetric,40
cifar10,symmetric_40,3,XGB,0.8411347835615857,symmetric,40
cifar10,symmetric_40,4,XGB,0.8299180268844223,symmetric,40
fmnist,asymmetric_10,0,XGB,0.8982877928727525,asymmetric,10
fmnist,asymmetric_10,1,XGB,0.890044449376599,asymmetric,10
fmnist,asymmetric_10,2,XGB,0.8883819374642032,asymmetric,10
fmnist,asymmetric_10,3,XGB,0.8876165304132948,asymmetric,10
fmnist,asymmetric_10,4,XGB,0.8955222894898871,asymmetric,10
fmnist,asymmetric_20,0,XGB,0.8859217754653346,asymmetric,20
fmnist,asymmetric_20,1,XGB,0.8778750086630918,asymmetric,20
fmnist,asymmetric_20,2,XGB,0.8837646653857452,asymmetric,20
fmnist,asymmetric_20,3,XGB,0.8777544143082734,asymmetric,20
fmnist,asymmetric_20,4,XGB,0.8855635940922679,asymmetric,20
fmnist,asymmetric_30,0,XGB,0.851973587873708,asymmetric,30
fmnist,asymmetric_30,1,XGB,0.8438906473339447,asymmetric,30
fmnist,asymmetric_30,2,XGB,0.8390845678513822,asymmetric,30
fmnist,asymmetric_30,3,XGB,0.8421305553197677,asymmetric,30
fmnist,asymmetric_30,4,XGB,0.850287424598925,asymmetric,30
fmnist,asymmetric_40,0,XGB,0.7138710380995293,asymmetric,40
fmnist,asymmetric_40,1,XGB,0.6988057210568999,asymmetric,40
fmnist,asymmetric_40,2,XGB,0.7091944234532603,asymmetric,40
fmnist,asymmetric_40,3,XGB,0.7071062308242015,asymmetric,40
fmnist,asymmetric_40,4,XGB,0.7085096591791686,asymmetric,40
fmnist,clean_0,0,XGB,0.9015703225700008,clean,0
fmnist,clean_0,1,XGB,0.8936100958543299,clean,0
fmnist,clean_0,2,XGB,0.8974279640803908,clean,0
fmnist,clean_0,3,XGB,0.8917959255316745,clean,0
fmnist,clean_0,4,XGB,0.8981683614265957,clean,0
fmnist,pairflip_40,0,XGB,0.7821706865716319,pairflip,40
fmnist,pairflip_40,1,XGB,0.7714959760515855,pairflip,40
fmnist,pairflip_40,2,XGB,0.7939809552269134,pairflip,40
fmnist,pairflip_40,3,XGB,0.7885267827676987,pairflip,40
fmnist,pairflip_40,4,XGB,0.7853403530084373,pairflip,40
fmnist,symmetric_10,0,XGB,0.8969377547574302,symmetric,10
fmnist,symmetric_10,1,XGB,0.8896493283140273,symmetric,10
fmnist,symmetric_10,2,XGB,0.8893706634751426,symmetric,10
fmnist,symmetric_10,3,XGB,0.8882550622534259,symmetric,10
fmnist,symmetric_10,4,XGB,0.8963740999549289,symmetric,10
fmnist,symmetric_20,0,XGB,0.890981827185948,symmetric,20
fmnist,symmetric_20,1,XGB,0.8825168647102478,symmetric,20
fmnist,symmetric_20,2,XGB,0.8879275993202848,symmetric,20
fmnist,symmetric_20,3,XGB,0.8798988181810067,symmetric,20
fmnist,symmetric_20,4,XGB,0.8895293124624004,symmetric,20
fmnist,symmetric_30,0,XGB,0.8855925759630082,symmetric,30
fmnist,symmetric_30,1,XGB,0.8777362741270457,symmetric,30
fmnist,symmetric_30,2,XGB,0.8797060961173786,symmetric,30
fmnist,symmetric_30,3,XGB,0.877783992634346,symmetric,30
fmnist,symmetric_30,4,XGB,0.8836774370733755,symmetric,30
fmnist,symmetric_40,0,XGB,0.8695092697903221,symmetric,40
fmnist,symmetric_40,1,XGB,0.8646599438856853,symmetric,40
fmnist,symmetric_40,2,XGB,0.8661971482704489,symmetric,40
fmnist,symmetric_40,3,XGB,0.8688437578905719,symmetric,40
fmnist,symmetric_40,4,XGB,0.8744137009163426,symmetric,40
cifar10,asymmetric_10,0,ET,0.832074855444748,asymmetric,10
cifar10,asymmetric_10,1,ET,0.8309393799086788,asymmetric,10
cifar10,asymmetric_10,2,ET,0.8306247628762542,asymmetric,10
cifar10,asymmetric_10,3,ET,0.8384750660791911,asymmetric,10
cifar10,asymmetric_10,4,ET,0.8239950615696188,asymmetric,10
cifar10,asymmetric_20,0,ET,0.8233857685674746,asymmetric,20
cifar10,asymmetric_20,1,ET,0.8293487439042664,asymmetric,20
cifar10,asymmetric_20,2,ET,0.8239698774942295,asymmetric,20
cifar10,asymmetric_20,3,ET,0.8312379035589489,asymmetric,20
cifar10,asymmetric_20,4,ET,0.8228354806067735,asymmetric,20
cifar10,asymmetric_30,0,ET,0.8126184735443965,asymmetric,30
cifar10,asymmetric_30,1,ET,0.8183462911795715,asymmetric,30
cifar10,asymmetric_30,2,ET,0.8115358751154776,asymmetric,30
cifar10,asymmetric_30,3,ET,0.817341662506035,asymmetric,30
cifar10,asymmetric_30,4,ET,0.803918424386824,asymmetric,30
cifar10,asymmetric_40,0,ET,0.7419532725535698,asymmetric,40
cifar10,asymmetric_40,1,ET,0.7424390872472333,asymmetric,40
cifar10,asymmetric_40,2,ET,0.7517446036093836,asymmetric,40
cifar10,asymmetric_40,3,ET,0.7538777521326918,asymmetric,40
cifar10,asymmetric_40,4,ET,0.7468555907984333,asymmetric,40
cifar10,c10n_aggre_0,0,ET,0.8314192868716184,c10n_aggre,0
cifar10,c10n_aggre_0,1,ET,0.8335552164026758,c10n_aggre,0
cifar10,c10n_aggre_0,2,ET,0.8278462429289124,c10n_aggre,0
cifar10,c10n_aggre_0,3,ET,0.8317730886926835,c10n_aggre,0
cifar10,c10n_aggre_0,4,ET,0.8236235672680993,c10n_aggre,0
cifar10,c10n_random1_0,0,ET,0.8242721389723737,c10n_random1,0
cifar10,c10n_random1_0,1,ET,0.8267548004034044,c10n_random1,0
cifar10,c10n_random1_0,2,ET,0.8302932324305257,c10n_random1,0
cifar10,c10n_random1_0,3,ET,0.83192533395847,c10n_random1,0
cifar10,c10n_random1_0,4,ET,0.8164672556243712,c10n_random1,0
cifar10,c10n_worse_0,0,ET,0.7825505368208124,c10n_worse,0
cifar10,c10n_worse_0,1,ET,0.7891450189404858,c10n_worse,0
cifar10,c10n_worse_0,2,ET,0.7934137245360772,c10n_worse,0
cifar10,c10n_worse_0,3,ET,0.795968687712676,c10n_worse,0
cifar10,c10n_worse_0,4,ET,0.7875278935342128,c10n_worse,0
cifar10,clean_0,0,ET,0.8272198418452742,clean,0
cifar10,clean_0,1,ET,0.8353956603182026,clean,0
cifar10,clean_0,2,ET,0.8319763060925702,clean,0
cifar10,clean_0,3,ET,0.8356064771779084,clean,0
cifar10,clean_0,4,ET,0.8250001737464598,clean,0
cifar10,pairflip_40,0,ET,0.7649518453535251,pairflip,40
cifar10,pairflip_40,1,ET,0.7602890181303842,pairflip,40
cifar10,pairflip_40,2,ET,0.765243199032779,pairflip,40
cifar10,pairflip_40,3,ET,0.7643357257199253,pairflip,40
cifar10,pairflip_40,4,ET,0.765178216336313,pairflip,40
cifar10,symmetric_10,0,ET,0.8325632366960145,symmetric,10
cifar10,symmetric_10,1,ET,0.8364055016849475,symmetric,10
cifar10,symmetric_10,2,ET,0.835652644502528,symmetric,10
cifar10,symmetric_10,3,ET,0.8368347612716935,symmetric,10
cifar10,symmetric_10,4,ET,0.8310569665473292,symmetric,10
cifar10,symmetric_20,0,ET,0.8268821003156607,symmetric,20
cifar10,symmetric_20,1,ET,0.8328887358023527,symmetric,20
cifar10,symmetric_20,2,ET,0.8329428797017625,symmetric,20
cifar10,symmetric_20,3,ET,0.830879517723224,symmetric,20
cifar10,symmetric_20,4,ET,0.826124219250312,symmetric,20
cifar10,symmetric_30,0,ET,0.8272381726259919,symmetric,30
cifar10,symmetric_30,1,ET,0.8316592133503556,symmetric,30
cifar10,symmetric_30,2,ET,0.8270089068696409,symmetric,30
cifar10,symmetric_30,3,ET,0.8330759939998936,symmetric,30
cifar10,symmetric_30,4,ET,0.8251946185717207,symmetric,30
cifar10,symmetric_40,0,ET,0.8229791898859726,symmetric,40
cifar10,symmetric_40,1,ET,0.8200089369332083,symmetric,40
cifar10,symmetric_40,2,ET,0.82422382380274,symmetric,40
cifar10,symmetric_40,3,ET,0.8281430086362377,symmetric,40
cifar10,symmetric_40,4,ET,0.8221548413516047,symmetric,40
fmnist,asymmetric_10,0,ET,0.8665250668250997,asymmetric,10
fmnist,asymmetric_10,1,ET,0.8553617488232629,asymmetric,10
fmnist,asymmetric_10,2,ET,0.8553682300497542,asymmetric,10
fmnist,asymmetric_10,3,ET,0.8568147488196944,asymmetric,10
fmnist,asymmetric_10,4,ET,0.8638127913498428,asymmetric,10
fmnist,asymmetric_20,0,ET,0.8664079492502719,asymmetric,20
fmnist,asymmetric_20,1,ET,0.8521241830418063,asymmetric,20
fmnist,asymmetric_20,2,ET,0.8521218045096518,asymmetric,20
fmnist,asymmetric_20,3,ET,0.8536233252839569,asymmetric,20
fmnist,asymmetric_20,4,ET,0.860160911158836,asymmetric,20
fmnist,asymmetric_30,0,ET,0.8577690169229492,asymmetric,30
fmnist,asymmetric_30,1,ET,0.8505702833124964,asymmetric,30
fmnist,asymmetric_30,2,ET,0.8487406864670863,asymmetric,30
fmnist,asymmetric_30,3,ET,0.8478438914164315,asymmetric,30
fmnist,asymmetric_30,4,ET,0.8523298276426189,asymmetric,30
fmnist,asymmetric_40,0,ET,0.8181637358678884,asymmetric,40
fmnist,asymmetric_40,1,ET,0.8043058637003634,asymmetric,40
fmnist,asymmetric_40,2,ET,0.8028616509306185,asymmetric,40
fmnist,asymmetric_40,3,ET,0.8102601262400124,asymmetric,40
fmnist,asymmetric_40,4,ET,0.8096489809026094,asymmetric,40
fmnist,clean_0,0,ET,0.8670312806125713,clean,0
fmnist,clean_0,1,ET,0.8577828947811994,clean,0
fmnist,clean_0,2,ET,0.8588057390918769,clean,0
fmnist,clean_0,3,ET,0.8561578893482391,clean,0
fmnist,clean_0,4,ET,0.8620155277812216,clean,0
fmnist,pairflip_40,0,ET,0.8229788561914535,pairflip,40
fmnist,pairflip_40,1,ET,0.8038830145683091,pairflip,40
fmnist,pairflip_40,2,ET,0.8136134187930766,pairflip,40
fmnist,pairflip_40,3,ET,0.8107957354998547,pairflip,40
fmnist,pairflip_40,4,ET,0.8065333742162532,pairflip,40
fmnist,symmetric_10,0,ET,0.8685222967116909,symmetric,10
fmnist,symmetric_10,1,ET,0.8547231824856432,symmetric,10
fmnist,symmetric_10,2,ET,0.8550794317240836,symmetric,10
fmnist,symmetric_10,3,ET,0.8556027170832967,symmetric,10
fmnist,symmetric_10,4,ET,0.8614486092114795,symmetric,10
fmnist,symmetric_20,0,ET,0.8656405770365486,symmetric,20
fmnist,symmetric_20,1,ET,0.8573952738075181,symmetric,20
fmnist,symmetric_20,2,ET,0.8563263348246657,symmetric,20
fmnist,symmetric_20,3,ET,0.8565697837967999,symmetric,20
fmnist,symmetric_20,4,ET,0.8621401450153232,symmetric,20
fmnist,symmetric_30,0,ET,0.866549513962991,symmetric,30
fmnist,symmetric_30,1,ET,0.8531513056241007,symmetric,30
fmnist,symmetric_30,2,ET,0.8561580759642121,symmetric,30
fmnist,symmetric_30,3,ET,0.8528079746048792,symmetric,30
fmnist,symmetric_30,4,ET,0.8637563121959115,symmetric,30
fmnist,symmetric_40,0,ET,0.8602483739903389,symmetric,40
fmnist,symmetric_40,1,ET,0.8504052265282942,symmetric,40
fmnist,symmetric_40,2,ET,0.8510504649992695,symmetric,40
fmnist,symmetric_40,3,ET,0.8495289347189683,symmetric,40
fmnist,symmetric_40,4,ET,0.8560325803497226,symmetric,40
cifar10,asymmetric_10,0,Voting,0.8651681382771061,asymmetric,10
cifar10,asymmetric_10,1,Voting,0.8738835456029571,asymmetric,10
cifar10,asymmetric_10,2,Voting,0.871437825041942,asymmetric,10
cifar10,asymmetric_10,3,Voting,0.8761517227391948,asymmetric,10
cifar10,asymmetric_10,4,Voting,0.8601109487162567,asymmetric,10
cifar10,asymmetric_20,0,Voting,0.8447450883137421,asymmetric,20
cifar10,asymmetric_20,1,Voting,0.8579716510610229,asymmetric,20
cifar10,asymmetric_20,2,Voting,0.8580687990961214,asymmetric,20
cifar10,asymmetric_20,3,Voting,0.860433217843782,asymmetric,20
cifar10,asymmetric_20,4,Voting,0.8501248348295782,asymmetric,20
cifar10,asymmetric_30,0,Voting,0.8210218111980879,asymmetric,30
cifar10,asymmetric_30,1,Voting,0.8304415514591812,asymmetric,30
cifar10,asymmetric_30,2,Voting,0.8225776143199521,asymmetric,30
cifar10,asymmetric_30,3,Voting,0.8308133523992938,asymmetric,30
cifar10,asymmetric_30,4,Voting,0.8196202896947018,asymmetric,30
cifar10,asymmetric_40,0,Voting,0.7138357311533675,asymmetric,40
cifar10,asymmetric_40,1,Voting,0.7272852687847218,asymmetric,40
cifar10,asymmetric_40,2,Voting,0.7070128244435854,asymmetric,40
cifar10,asymmetric_40,3,Voting,0.7241946665047332,asymmetric,40
cifar10,asymmetric_40,4,Voting,0.7164759722106296,asymmetric,40
cifar10,c10n_aggre_0,0,Voting,0.8630877637612338,c10n_aggre,0
cifar10,c10n_aggre_0,1,Voting,0.8699840037645921,c10n_aggre,0
cifar10,c10n_aggre_0,2,Voting,0.8640152147281442,c10n_aggre,0
cifar10,c10n_aggre_0,3,Voting,0.8759662934777905,c10n_aggre,0
cifar10,c10n_aggre_0,4,Voting,0.8646065160173908,c10n_aggre,0
cifar10,c10n_random1_0,0,Voting,0.8563184815904338,c10n_random1,0
cifar10,c10n_random1_0,1,Voting,0.8632461254359998,c10n_random1,0
cifar10,c10n_random1_0,2,Voting,0.8615587719430273,c10n_random1,0
cifar10,c10n_random1_0,3,Voting,0.8685850070623953,c10n_random1,0
cifar10,c10n_random1_0,4,Voting,0.8570528545528783,c10n_random1,0
cifar10,c10n_worse_0,0,Voting,0.8081529880101546,c10n_worse,0
cifar10,c10n_worse_0,1,Voting,0.8094934082754822,c10n_worse,0
cifar10,c10n_worse_0,2,Voting,0.8130261514718278,c10n_worse,0
cifar10,c10n_worse_0,3,Voting,0.8228437659352835,c10n_worse,0
cifar10,c10n_worse_0,4,Voting,0.8102474260256394,c10n_worse,0
cifar10,clean_0,0,Voting,0.8696891758978358,clean,0
cifar10,clean_0,1,Voting,0.8747919515062689,clean,0
cifar10,clean_0,2,Voting,0.875149751091025,clean,0
cifar10,clean_0,3,Voting,0.8812464388711929,clean,0
cifar10,clean_0,4,Voting,0.868356397384512,clean,0
cifar10,pairflip_40,0,Voting,0.772794070992783,pairflip,40
cifar10,pairflip_40,1,Voting,0.7735121563761302,pairflip,40
cifar10,pairflip_40,2,Voting,0.7737163491381072,pairflip,40
cifar10,pairflip_40,3,Voting,0.7777817100169242,pairflip,40
cifar10,pairflip_40,4,Voting,0.7756298051632299,pairflip,40
cifar10,symmetric_10,0,Voting,0.8706238150677571,symmetric,10
cifar10,symmetric_10,1,Voting,0.8725811137939624,symmetric,10
cifar10,symmetric_10,2,Voting,0.8717733392002878,symmetric,10
cifar10,symmetric_10,3,Voting,0.8763758859639819,symmetric,10
cifar10,symmetric_10,4,Voting,0.8670414078243445,symmetric,10
cifar10,symmetric_20,0,Voting,0.8578723011312889,symmetric,20
cifar10,symmetric_20,1,Voting,0.8643878751029395,symmetric,20
cifar10,symmetric_20,2,Voting,0.8619796258067869,symmetric,20
cifar10,symmetric_20,3,Voting,0.8677029116095477,symmetric,20
cifar10,symmetric_20,4,Voting,0.8577689103884006,symmetric,20
cifar10,symmetric_30,0,Voting,0.8564807973697883,symmetric,30
cifar10,symmetric_30,1,Voting,0.8608422939041118,symmetric,30
cifar10,symmetric_30,2,Voting,0.8528871676079772,symmetric,30
cifar10,symmetric_30,3,Voting,0.8605094628913695,symmetric,30
cifar10,symmetric_30,4,Voting,0.8564407981196844,symmetric,30
cifar10,symmetric_40,0,Voting,0.8426366633719397,symmetric,40
cifar10,symmetric_40,1,Voting,0.8523457755518967,symmetric,40
cifar10,symmetric_40,2,Voting,0.8476682150054058,symmetric,40
cifar10,symmetric_40,3,Voting,0.8535219092358164,symmetric,40
cifar10,symmetric_40,4,Voting,0.8400495517030512,symmetric,40
fmnist,asymmetric_10,0,Voting,0.8941915572968808,asymmetric,10
fmnist,asymmetric_10,1,Voting,0.886382782859846,asymmetric,10
fmnist,asymmetric_10,2,Voting,0.885340514447319,asymmetric,10
fmnist,asymmetric_10,3,Voting,0.8834145645638175,asymmetric,10
fmnist,asymmetric_10,4,Voting,0.8910190525987565,asymmetric,10
fmnist,asymmetric_20,0,Voting,0.8870670246264177,asymmetric,20
fmnist,asymmetric_20,1,Voting,0.8786769052078938,asymmetric,20
fmnist,asymmetric_20,2,Voting,0.8808164237098497,asymmetric,20
fmnist,asymmetric_20,3,Voting,0.8781563196937953,asymmetric,20
fmnist,asymmetric_20,4,Voting,0.8886490366340845,asymmetric,20
fmnist,asymmetric_30,0,Voting,0.8745629933900096,asymmetric,30
fmnist,asymmetric_30,1,Voting,0.8646489802861907,asymmetric,30
fmnist,asymmetric_30,2,Voting,0.8643542532125725,asymmetric,30
fmnist,asymmetric_30,3,Voting,0.8631530717031115,asymmetric,30
fmnist,asymmetric_30,4,Voting,0.8739080072619135,asymmetric,30
fmnist,asymmetric_40,0,Voting,0.7739362751514743,asymmetric,40
fmnist,asymmetric_40,1,Voting,0.7509142398498702,asymmetric,40
fmnist,asymmetric_40,2,Voting,0.7656046136926907,asymmetric,40
fmnist,asymmetric_40,3,Voting,0.7683188046106142,asymmetric,40
fmnist,asymmetric_40,4,Voting,0.7675779748361704,asymmetric,40
fmnist,clean_0,0,Voting,0.8963459130013446,clean,0
fmnist,clean_0,1,Voting,0.8905373926111807,clean,0
fmnist,clean_0,2,Voting,0.891467659162347,clean,0
fmnist,clean_0,3,Voting,0.8866275688590848,clean,0
fmnist,clean_0,4,Voting,0.8950828475214182,clean,0
fmnist,pairflip_40,0,Voting,0.8088334205429586,pairflip,40
fmnist,pairflip_40,1,Voting,0.7982210959169362,pairflip,40
fmnist,pairflip_40,2,Voting,0.8166739613322932,pairflip,40
fmnist,pairflip_40,3,Voting,0.8114090992037426,pairflip,40
fmnist,pairflip_40,4,Voting,0.8043014667398201,pairflip,40
fmnist,symmetric_10,0,Voting,0.8947213326937231,symmetric,10
fmnist,symmetric_10,1,Voting,0.8846776292470919,symmetric,10
fmnist,symmetric_10,2,Voting,0.8854313079033311,symmetric,10
fmnist,symmetric_10,3,Voting,0.8864778827101745,symmetric,10
fmnist,symmetric_10,4,Voting,0.8912897014816619,symmetric,10
fmnist,symmetric_20,0,Voting,0.8884756982811476,symmetric,20
fmnist,symmetric_20,1,Voting,0.879696617942298,symmetric,20
fmnist,symmetric_20,2,Voting,0.8815475075217529,symmetric,20
fmnist,symmetric_20,3,Voting,0.8781256442684603,symmetric,20
fmnist,symmetric_20,4,Voting,0.8891481466390967,symmetric,20
fmnist,symmetric_30,0,Voting,0.8861328894270573,symmetric,30
fmnist,symmetric_30,1,Voting,0.877854006206977,symmetric,30
fmnist,symmetric_30,2,Voting,0.8794120769398998,symmetric,30
fmnist,symmetric_30,3,Voting,0.8789234663138015,symmetric,30
fmnist,symmetric_30,4,Voting,0.885147083106391,symmetric,30
fmnist,symmetric_40,0,Voting,0.8758040146274068,symmetric,40
fmnist,symmetric_40,1,Voting,0.8706511902057438,symmetric,40
fmnist,symmetric_40,2,Voting,0.8694611470583953,symmetric,40
fmnist,symmetric_40,3,Voting,0.870957963899371,symmetric,40
fmnist,symmetric_40,4,Voting,0.8782441334271972,symmetric,40
cifar10,asymmetric_10,0,PlainStack,0.859564655358728,asymmetric,10
cifar10,asymmetric_10,1,PlainStack,0.8711745198650702,asymmetric,10
cifar10,asymmetric_10,2,PlainStack,0.8640983474379095,asymmetric,10
cifar10,asymmetric_10,3,PlainStack,0.8694224887432114,asymmetric,10
cifar10,asymmetric_10,4,PlainStack,0.8567287025755297,asymmetric,10
cifar10,asymmetric_20,0,PlainStack,0.8226056883271337,asymmetric,20
cifar10,asymmetric_20,1,PlainStack,0.8394828742755072,asymmetric,20
cifar10,asymmetric_20,2,PlainStack,0.8365990769088899,asymmetric,20
cifar10,asymmetric_20,3,PlainStack,0.8425296476684482,asymmetric,20
cifar10,asymmetric_20,4,PlainStack,0.8334585636224787,asymmetric,20
cifar10,asymmetric_30,0,PlainStack,0.7758652423147945,asymmetric,30
cifar10,asymmetric_30,1,PlainStack,0.7927372593898502,asymmetric,30
cifar10,asymmetric_30,2,PlainStack,0.7765463336420316,asymmetric,30
cifar10,asymmetric_30,3,PlainStack,0.7827926726316332,asymmetric,30
cifar10,asymmetric_30,4,PlainStack,0.7728354851293945,asymmetric,30
cifar10,asymmetric_40,0,PlainStack,0.6778070647881018,asymmetric,40
cifar10,asymmetric_40,1,PlainStack,0.6796640933314938,asymmetric,40
cifar10,asymmetric_40,2,PlainStack,0.6743937864581373,asymmetric,40
cifar10,asymmetric_40,3,PlainStack,0.6760341713643012,asymmetric,40
cifar10,asymmetric_40,4,PlainStack,0.6687393828082742,asymmetric,40
cifar10,c10n_aggre_0,0,PlainStack,0.8603359348058686,c10n_aggre,0
cifar10,c10n_aggre_0,1,PlainStack,0.871410272178083,c10n_aggre,0
cifar10,c10n_aggre_0,2,PlainStack,0.8610552943287869,c10n_aggre,0
cifar10,c10n_aggre_0,3,PlainStack,0.874012193161445,c10n_aggre,0
cifar10,c10n_aggre_0,4,PlainStack,0.8657189435153605,c10n_aggre,0
cifar10,c10n_random1_0,0,PlainStack,0.8547095197593885,c10n_random1,0
cifar10,c10n_random1_0,1,PlainStack,0.8623660014252748,c10n_random1,0
cifar10,c10n_random1_0,2,PlainStack,0.860928466470862,c10n_random1,0
cifar10,c10n_random1_0,3,PlainStack,0.8711832682209725,c10n_random1,0
cifar10,c10n_random1_0,4,PlainStack,0.8578393676892164,c10n_random1,0
cifar10,c10n_worse_0,0,PlainStack,0.806838272674988,c10n_worse,0
cifar10,c10n_worse_0,1,PlainStack,0.8127411799282369,c10n_worse,0
cifar10,c10n_worse_0,2,PlainStack,0.811828973270754,c10n_worse,0
cifar10,c10n_worse_0,3,PlainStack,0.820214260170156,c10n_worse,0
cifar10,c10n_worse_0,4,PlainStack,0.8081989106339759,c10n_worse,0
cifar10,clean_0,0,PlainStack,0.8712498691052433,clean,0
cifar10,clean_0,1,PlainStack,0.8778987635519518,clean,0
cifar10,clean_0,2,PlainStack,0.8737574069953844,clean,0
cifar10,clean_0,3,PlainStack,0.8821744054296661,clean,0
cifar10,clean_0,4,PlainStack,0.8701310262212925,clean,0
cifar10,pairflip_40,0,PlainStack,0.8104642687364109,pairflip,40
cifar10,pairflip_40,1,PlainStack,0.8032194487125507,pairflip,40
cifar10,pairflip_40,2,PlainStack,0.8087182626634973,pairflip,40
cifar10,pairflip_40,3,PlainStack,0.8041695812199773,pairflip,40
cifar10,pairflip_40,4,PlainStack,0.8074213325382964,pairflip,40
cifar10,symmetric_10,0,PlainStack,0.872743729917582,symmetric,10
cifar10,symmetric_10,1,PlainStack,0.8735919917003535,symmetric,10
cifar10,symmetric_10,2,PlainStack,0.8698115621112805,symmetric,10
cifar10,symmetric_10,3,PlainStack,0.8766939376133216,symmetric,10
cifar10,symmetric_10,4,PlainStack,0.8694563980405784,symmetric,10
cifar10,symmetric_20,0,PlainStack,0.8574990987139923,symmetric,20
cifar10,symmetric_20,1,PlainStack,0.8608686243874487,symmetric,20
cifar10,symmetric_20,2,PlainStack,0.8594371686320322,symmetric,20
cifar10,symmetric_20,3,PlainStack,0.8676030597209954,symmetric,20
cifar10,symmetric_20,4,PlainStack,0.856139284445673,symmetric,20
cifar10,symmetric_30,0,PlainStack,0.8547698149384114,symmetric,30
cifar10,symmetric_30,1,PlainStack,0.8572515405628988,symmetric,30
cifar10,symmetric_30,2,PlainStack,0.849652455815135,symmetric,30
cifar10,symmetric_30,3,PlainStack,0.8548877463594609,symmetric,30
cifar10,symmetric_30,4,PlainStack,0.8506935033192302,symmetric,30
cifar10,symmetric_40,0,PlainStack,0.8361683818161104,symmetric,40
cifar10,symmetric_40,1,PlainStack,0.8437928379982862,symmetric,40
cifar10,symmetric_40,2,PlainStack,0.8421711620142028,symmetric,40
cifar10,symmetric_40,3,PlainStack,0.8502805448424361,symmetric,40
cifar10,symmetric_40,4,PlainStack,0.8384503515004604,symmetric,40
fmnist,asymmetric_10,0,PlainStack,0.8933073668212147,asymmetric,10
fmnist,asymmetric_10,1,PlainStack,0.8851963446145383,asymmetric,10
fmnist,asymmetric_10,2,PlainStack,0.8860132897355577,asymmetric,10
fmnist,asymmetric_10,3,PlainStack,0.8874699682701127,asymmetric,10
fmnist,asymmetric_10,4,PlainStack,0.892416842935608,asymmetric,10
fmnist,asymmetric_20,0,PlainStack,0.879475253770179,asymmetric,20
fmnist,asymmetric_20,1,PlainStack,0.8675527618096999,asymmetric,20
fmnist,asymmetric_20,2,PlainStack,0.8745307488701162,asymmetric,20
fmnist,asymmetric_20,3,PlainStack,0.8692807194892962,asymmetric,20
fmnist,asymmetric_20,4,PlainStack,0.8778499214832447,asymmetric,20
fmnist,asymmetric_30,0,PlainStack,0.8453290640367122,asymmetric,30
fmnist,asymmetric_30,1,PlainStack,0.8329199089240242,asymmetric,30
fmnist,asymmetric_30,2,PlainStack,0.8334415531663263,asymmetric,30
fmnist,asymmetric_30,3,PlainStack,0.8366194587450526,asymmetric,30
fmnist,asymmetric_30,4,PlainStack,0.8417478028634257,asymmetric,30
fmnist,asymmetric_40,0,PlainStack,0.7634394357188876,asymmetric,40
fmnist,asymmetric_40,1,PlainStack,0.7472848881745249,asymmetric,40
fmnist,asymmetric_40,2,PlainStack,0.7522202758073337,asymmetric,40
fmnist,asymmetric_40,3,PlainStack,0.7603869193056577,asymmetric,40
fmnist,asymmetric_40,4,PlainStack,0.749831060801601,asymmetric,40
fmnist,clean_0,0,PlainStack,0.8965597004200074,clean,0
fmnist,clean_0,1,PlainStack,0.8926975956507807,clean,0
fmnist,clean_0,2,PlainStack,0.8925579095031116,clean,0
fmnist,clean_0,3,PlainStack,0.8886224766027278,clean,0
fmnist,clean_0,4,PlainStack,0.8956219307369355,clean,0
fmnist,pairflip_40,0,PlainStack,0.8466697121071238,pairflip,40
fmnist,pairflip_40,1,PlainStack,0.8375725963948467,pairflip,40
fmnist,pairflip_40,2,PlainStack,0.8472028591652977,pairflip,40
fmnist,pairflip_40,3,PlainStack,0.8450774268215078,pairflip,40
fmnist,pairflip_40,4,PlainStack,0.8395176355936578,pairflip,40
fmnist,symmetric_10,0,PlainStack,0.8968905618476637,symmetric,10
fmnist,symmetric_10,1,PlainStack,0.8891042794505998,symmetric,10
fmnist,symmetric_10,2,PlainStack,0.888544159577131,symmetric,10
fmnist,symmetric_10,3,PlainStack,0.8866888474461572,symmetric,10
fmnist,symmetric_10,4,PlainStack,0.8957264928995995,symmetric,10
fmnist,symmetric_20,0,PlainStack,0.8915871934549209,symmetric,20
fmnist,symmetric_20,1,PlainStack,0.8830242428824147,symmetric,20
fmnist,symmetric_20,2,PlainStack,0.8868303559695155,symmetric,20
fmnist,symmetric_20,3,PlainStack,0.8805189325994982,symmetric,20
fmnist,symmetric_20,4,PlainStack,0.8901699827908767,symmetric,20
fmnist,symmetric_30,0,PlainStack,0.8855082111119614,symmetric,30
fmnist,symmetric_30,1,PlainStack,0.876986567403228,symmetric,30
fmnist,symmetric_30,2,PlainStack,0.8805706779006712,symmetric,30
fmnist,symmetric_30,3,PlainStack,0.8796709220728257,symmetric,30
fmnist,symmetric_30,4,PlainStack,0.884522257974532,symmetric,30
fmnist,symmetric_40,0,PlainStack,0.8738118964064586,symmetric,40
fmnist,symmetric_40,1,PlainStack,0.8696076117114304,symmetric,40
fmnist,symmetric_40,2,PlainStack,0.8681918047906608,symmetric,40
fmnist,symmetric_40,3,PlainStack,0.8722250414124669,symmetric,40
fmnist,symmetric_40,4,PlainStack,0.8766010952724901,symmetric,40
cifar10,asymmetric_10,0,DAS,0.860984459300089,asymmetric,10
cifar10,asymmetric_10,1,DAS,0.8719290864826871,asymmetric,10
cifar10,asymmetric_10,2,DAS,0.8631478468147888,asymmetric,10
cifar10,asymmetric_10,3,DAS,0.8701971706363183,asymmetric,10
cifar10,asymmetric_10,4,DAS,0.8574846888101229,asymmetric,10
cifar10,asymmetric_20,0,DAS,0.8287092512915267,asymmetric,20
cifar10,asymmetric_20,1,DAS,0.842574653938723,asymmetric,20
cifar10,asymmetric_20,2,DAS,0.8380924844712709,asymmetric,20
cifar10,asymmetric_20,3,DAS,0.8438372509028943,asymmetric,20
cifar10,asymmetric_20,4,DAS,0.8355493713920994,asymmetric,20
cifar10,asymmetric_30,0,DAS,0.7822047713288235,asymmetric,30
cifar10,asymmetric_30,1,DAS,0.7952118744729674,asymmetric,30
cifar10,asymmetric_30,2,DAS,0.7816107328216615,asymmetric,30
cifar10,asymmetric_30,3,DAS,0.7894723812006537,asymmetric,30
cifar10,asymmetric_30,4,DAS,0.7771184100624792,asymmetric,30
cifar10,asymmetric_40,0,DAS,0.6844802513236828,asymmetric,40
cifar10,asymmetric_40,1,DAS,0.6789293231233104,asymmetric,40
cifar10,asymmetric_40,2,DAS,0.671749846193942,asymmetric,40
cifar10,asymmetric_40,3,DAS,0.6877674086069818,asymmetric,40
cifar10,asymmetric_40,4,DAS,0.6772977904706095,asymmetric,40
cifar10,c10n_aggre_0,0,DAS,0.8613195486897387,c10n_aggre,0
cifar10,c10n_aggre_0,1,DAS,0.873559675707909,c10n_aggre,0
cifar10,c10n_aggre_0,2,DAS,0.8642247506387282,c10n_aggre,0
cifar10,c10n_aggre_0,3,DAS,0.8760738013681006,c10n_aggre,0
cifar10,c10n_aggre_0,4,DAS,0.8658501541943455,c10n_aggre,0
cifar10,c10n_random1_0,0,DAS,0.8549637789080456,c10n_random1,0
cifar10,c10n_random1_0,1,DAS,0.8633038143640027,c10n_random1,0
cifar10,c10n_random1_0,2,DAS,0.8635249620408464,c10n_random1,0
cifar10,c10n_random1_0,3,DAS,0.8710595494310172,c10n_random1,0
cifar10,c10n_random1_0,4,DAS,0.8603507288310132,c10n_random1,0
cifar10,c10n_worse_0,0,DAS,0.817410236366614,c10n_worse,0
cifar10,c10n_worse_0,1,DAS,0.8149774002477519,c10n_worse,0
cifar10,c10n_worse_0,2,DAS,0.8124753103381588,c10n_worse,0
cifar10,c10n_worse_0,3,DAS,0.8266191333798198,c10n_worse,0
cifar10,c10n_worse_0,4,DAS,0.8122408280190141,c10n_worse,0
cifar10,clean_0,0,DAS,0.8713270773440813,clean,0
cifar10,clean_0,1,DAS,0.8793274363444479,clean,0
cifar10,clean_0,2,DAS,0.8752191022059851,clean,0
cifar10,clean_0,3,DAS,0.8817628164410289,clean,0
cifar10,clean_0,4,DAS,0.8687393910183729,clean,0
cifar10,pairflip_40,0,DAS,0.8094696274970741,pairflip,40
cifar10,pairflip_40,1,DAS,0.7948630417420359,pairflip,40
cifar10,pairflip_40,2,DAS,0.8058587807265143,pairflip,40
cifar10,pairflip_40,3,DAS,0.7977745729352054,pairflip,40
cifar10,pairflip_40,4,DAS,0.8016890486652877,pairflip,40
cifar10,symmetric_10,0,DAS,0.8722135298200409,symmetric,10
cifar10,symmetric_10,1,DAS,0.8726473328983122,symmetric,10
cifar10,symmetric_10,2,DAS,0.8691605886505146,symmetric,10
cifar10,symmetric_10,3,DAS,0.8768309796599045,symmetric,10
cifar10,symmetric_10,4,DAS,0.8688478125991136,symmetric,10
cifar10,symmetric_20,0,DAS,0.8582553524171532,symmetric,20
cifar10,symmetric_20,1,DAS,0.8622971421116221,symmetric,20
cifar10,symmetric_20,2,DAS,0.8603612282883774,symmetric,20
cifar10,symmetric_20,3,DAS,0.8679490312546367,symmetric,20
cifar10,symmetric_20,4,DAS,0.8559476301742748,symmetric,20
cifar10,symmetric_30,0,DAS,0.8541974663790359,symmetric,30
cifar10,symmetric_30,1,DAS,0.8589207049813863,symmetric,30
cifar10,symmetric_30,2,DAS,0.8500462169588723,symmetric,30
cifar10,symmetric_30,3,DAS,0.8556778745157969,symmetric,30
cifar10,symmetric_30,4,DAS,0.8521273211382491,symmetric,30
cifar10,symmetric_40,0,DAS,0.838424970714818,symmetric,40
cifar10,symmetric_40,1,DAS,0.8428285792978827,symmetric,40
cifar10,symmetric_40,2,DAS,0.844665413252098,symmetric,40
cifar10,symmetric_40,3,DAS,0.8483931280855112,symmetric,40
cifar10,symmetric_40,4,DAS,0.836991759542015,symmetric,40
fmnist,asymmetric_10,0,DAS,0.8962252713480172,asymmetric,10
fmnist,asymmetric_10,1,DAS,0.8852687227717793,asymmetric,10
fmnist,asymmetric_10,2,DAS,0.8847203133889858,asymmetric,10
fmnist,asymmetric_10,3,DAS,0.8873329894226574,asymmetric,10
fmnist,asymmetric_10,4,DAS,0.8921066508105522,asymmetric,10
fmnist,asymmetric_20,0,DAS,0.8819543480679121,asymmetric,20
fmnist,asymmetric_20,1,DAS,0.8719290703418524,asymmetric,20
fmnist,asymmetric_20,2,DAS,0.8770745455012389,asymmetric,20
fmnist,asymmetric_20,3,DAS,0.8713192150024124,asymmetric,20
fmnist,asymmetric_20,4,DAS,0.8788373880299778,asymmetric,20
fmnist,asymmetric_30,0,DAS,0.8484540647410908,asymmetric,30
fmnist,asymmetric_30,1,DAS,0.8372677374860462,asymmetric,30
fmnist,asymmetric_30,2,DAS,0.8378337678514441,asymmetric,30
fmnist,asymmetric_30,3,DAS,0.8431382991650566,asymmetric,30
fmnist,asymmetric_30,4,DAS,0.8463670044407279,asymmetric,30
fmnist,asymmetric_40,0,DAS,0.7649672971880462,asymmetric,40
fmnist,asymmetric_40,1,DAS,0.7484156695409113,asymmetric,40
fmnist,asymmetric_40,2,DAS,0.7599847101848666,asymmetric,40
fmnist,asymmetric_40,3,DAS,0.7631195604898423,asymmetric,40
fmnist,asymmetric_40,4,DAS,0.754788211698767,asymmetric,40
fmnist,clean_0,0,DAS,0.8977320206868719,clean,0
fmnist,clean_0,1,DAS,0.8922788257847415,clean,0
fmnist,clean_0,2,DAS,0.8942584909258701,clean,0
fmnist,clean_0,3,DAS,0.8893804185837848,clean,0
fmnist,clean_0,4,DAS,0.8959059367728772,clean,0
fmnist,pairflip_40,0,DAS,0.8411225502403319,pairflip,40
fmnist,pairflip_40,1,DAS,0.8344823443103853,pairflip,40
fmnist,pairflip_40,2,DAS,0.8415641462288777,pairflip,40
fmnist,pairflip_40,3,DAS,0.8436469761997648,pairflip,40
fmnist,pairflip_40,4,DAS,0.8328019000093476,pairflip,40
fmnist,symmetric_10,0,DAS,0.8981342290758112,symmetric,10
fmnist,symmetric_10,1,DAS,0.8889799466863707,symmetric,10
fmnist,symmetric_10,2,DAS,0.8887235476535276,symmetric,10
fmnist,symmetric_10,3,DAS,0.8879140922462181,symmetric,10
fmnist,symmetric_10,4,DAS,0.8944849712168622,symmetric,10
fmnist,symmetric_20,0,DAS,0.8901371860735925,symmetric,20
fmnist,symmetric_20,1,DAS,0.8820373304141762,symmetric,20
fmnist,symmetric_20,2,DAS,0.8865654543291013,symmetric,20
fmnist,symmetric_20,3,DAS,0.8829643623714821,symmetric,20
fmnist,symmetric_20,4,DAS,0.8920269990948453,symmetric,20
fmnist,symmetric_30,0,DAS,0.8861786059805216,symmetric,30
fmnist,symmetric_30,1,DAS,0.877338623357217,symmetric,30
fmnist,symmetric_30,2,DAS,0.8799786443569297,symmetric,30
fmnist,symmetric_30,3,DAS,0.8785925893328118,symmetric,30
fmnist,symmetric_30,4,DAS,0.8846557965980878,symmetric,30
fmnist,symmetric_40,0,DAS,0.8746292578515391,symmetric,40
fmnist,symmetric_40,1,DAS,0.8676476023409929,symmetric,40
fmnist,symmetric_40,2,DAS,0.8700269853201187,symmetric,40
fmnist,symmetric_40,3,DAS,0.8730985898988328,symmetric,40
fmnist,symmetric_40,4,DAS,0.8778609870527532,symmetric,40
drybean,asymmetric_10,0,CL_XGB,0.9410791999782568,asymmetric,10
drybean,asymmetric_10,1,CL_XGB,0.9355858930058772,asymmetric,10
drybean,asymmetric_10,2,CL_XGB,0.9331333414553804,asymmetric,10
drybean,asymmetric_10,3,CL_XGB,0.9324042631977452,asymmetric,10
drybean,asymmetric_10,4,CL_XGB,0.9420124860632634,asymmetric,10
drybean,asymmetric_20,0,CL_XGB,0.936522978801368,asymmetric,20
drybean,asymmetric_20,1,CL_XGB,0.9351619360817116,asymmetric,20
drybean,asymmetric_20,2,CL_XGB,0.933450338332214,asymmetric,20
drybean,asymmetric_20,3,CL_XGB,0.9271614912852152,asymmetric,20
drybean,asymmetric_20,4,CL_XGB,0.9326880980708302,asymmetric,20
drybean,asymmetric_30,0,CL_XGB,0.9160916531552932,asymmetric,30
drybean,asymmetric_30,1,CL_XGB,0.9192024951893272,asymmetric,30
drybean,asymmetric_30,2,CL_XGB,0.922430211843243,asymmetric,30
drybean,asymmetric_30,3,CL_XGB,0.9048208574342824,asymmetric,30
drybean,asymmetric_30,4,CL_XGB,0.913077718906408,asymmetric,30
drybean,asymmetric_40,0,CL_XGB,0.8034935423737487,asymmetric,40
drybean,asymmetric_40,1,CL_XGB,0.7774743934306553,asymmetric,40
drybean,asymmetric_40,2,CL_XGB,0.8094593125078647,asymmetric,40
drybean,asymmetric_40,3,CL_XGB,0.7938473798310614,asymmetric,40
drybean,asymmetric_40,4,CL_XGB,0.8048654987391838,asymmetric,40
drybean,clean_0,0,CL_XGB,0.9423064100882926,clean,0
drybean,clean_0,1,CL_XGB,0.9388429102503582,clean,0
drybean,clean_0,2,CL_XGB,0.9348590265473036,clean,0
drybean,clean_0,3,CL_XGB,0.929899224522404,clean,0
drybean,clean_0,4,CL_XGB,0.9406359440850628,clean,0
drybean,pairflip_40,0,CL_XGB,0.8786667722851182,pairflip,40
drybean,pairflip_40,1,CL_XGB,0.8744713755324371,pairflip,40
drybean,pairflip_40,2,CL_XGB,0.8746615139974091,pairflip,40
drybean,pairflip_40,3,CL_XGB,0.8709935385579207,pairflip,40
drybean,pairflip_40,4,CL_XGB,0.856571849064987,pairflip,40
drybean,symmetric_10,0,CL_XGB,0.938373396725882,symmetric,10
drybean,symmetric_10,1,CL_XGB,0.9338847743774344,symmetric,10
drybean,symmetric_10,2,CL_XGB,0.9340723801867912,symmetric,10
drybean,symmetric_10,3,CL_XGB,0.9351368549408816,symmetric,10
drybean,symmetric_10,4,CL_XGB,0.9355984736265396,symmetric,10
drybean,symmetric_20,0,CL_XGB,0.9386215778080922,symmetric,20
drybean,symmetric_20,1,CL_XGB,0.9358553286574012,symmetric,20
drybean,symmetric_20,2,CL_XGB,0.9301103942581715,symmetric,20
drybean,symmetric_20,3,CL_XGB,0.9252736699815256,symmetric,20
drybean,symmetric_20,4,CL_XGB,0.9363603280013802,symmetric,20
drybean,symmetric_30,0,CL_XGB,0.9301201832088491,symmetric,30
drybean,symmetric_30,1,CL_XGB,0.9320855905332478,symmetric,30
drybean,symmetric_30,2,CL_XGB,0.9299882084314216,symmetric,30
drybean,symmetric_30,3,CL_XGB,0.9230555841221884,symmetric,30
drybean,symmetric_30,4,CL_XGB,0.9323981339315522,symmetric,30
drybean,symmetric_40,0,CL_XGB,0.9218927727134044,symmetric,40
drybean,symmetric_40,1,CL_XGB,0.9324748805984068,symmetric,40
drybean,symmetric_40,2,CL_XGB,0.9212016394411208,symmetric,40
drybean,symmetric_40,3,CL_XGB,0.9222466377254106,symmetric,40
drybean,symmetric_40,4,CL_XGB,0.9342083167596384,symmetric,40
pendigits,asymmetric_10,0,CL_XGB,0.98807781705123,asymmetric,10
pendigits,asymmetric_10,1,CL_XGB,0.9895256357654396,asymmetric,10
pendigits,asymmetric_10,2,CL_XGB,0.9842304157788362,asymmetric,10
pendigits,asymmetric_10,3,CL_XGB,0.9878294359234672,asymmetric,10
pendigits,asymmetric_10,4,CL_XGB,0.9843371195378688,asymmetric,10
pendigits,asymmetric_20,0,CL_XGB,0.9849779297400424,asymmetric,20
pendigits,asymmetric_20,1,CL_XGB,0.9828310088745666,asymmetric,20
pendigits,asymmetric_20,2,CL_XGB,0.9803010999851496,asymmetric,20
pendigits,asymmetric_20,3,CL_XGB,0.984141304798257,asymmetric,20
pendigits,asymmetric_20,4,CL_XGB,0.9789538425180908,asymmetric,20
pendigits,asymmetric_30,0,CL_XGB,0.9644878998751948,asymmetric,30
pendigits,asymmetric_30,1,CL_XGB,0.9597467213980064,asymmetric,30
pendigits,asymmetric_30,2,CL_XGB,0.9546718431264124,asymmetric,30
pendigits,asymmetric_30,3,CL_XGB,0.9478311886221326,asymmetric,30
pendigits,asymmetric_30,4,CL_XGB,0.9537098138083075,asymmetric,30
pendigits,asymmetric_40,0,CL_XGB,0.8444089055378814,asymmetric,40
pendigits,asymmetric_40,1,CL_XGB,0.7975076701887026,asymmetric,40
pendigits,asymmetric_40,2,CL_XGB,0.8579838833588184,asymmetric,40
pendigits,asymmetric_40,3,CL_XGB,0.8083126932192821,asymmetric,40
pendigits,asymmetric_40,4,CL_XGB,0.81728177806948,asymmetric,40
pendigits,clean_0,0,CL_XGB,0.99024913938367,clean,0
pendigits,clean_0,1,CL_XGB,0.9932884234154372,clean,0
pendigits,clean_0,2,CL_XGB,0.987933719615458,clean,0
pendigits,clean_0,3,CL_XGB,0.990100692187735,clean,0
pendigits,clean_0,4,CL_XGB,0.9873642317162906,clean,0
pendigits,pairflip_40,0,CL_XGB,0.8882376820668402,pairflip,40
pendigits,pairflip_40,1,CL_XGB,0.8898804573210679,pairflip,40
pendigits,pairflip_40,2,CL_XGB,0.8969056220041173,pairflip,40
pendigits,pairflip_40,3,CL_XGB,0.871196570180319,pairflip,40
pendigits,pairflip_40,4,CL_XGB,0.900874342832978,pairflip,40
pendigits,symmetric_10,0,CL_XGB,0.9865760747192588,symmetric,10
pendigits,symmetric_10,1,CL_XGB,0.9909665735596372,symmetric,10
pendigits,symmetric_10,2,CL_XGB,0.9781264572950372,symmetric,10
pendigits,symmetric_10,3,CL_XGB,0.990117842962551,symmetric,10
pendigits,symmetric_10,4,CL_XGB,0.9871986403025864,symmetric,10
pendigits,symmetric_20,0,CL_XGB,0.9818946325078024,symmetric,20
pendigits,symmetric_20,1,CL_XGB,0.9864487697027144,symmetric,20
pendigits,symmetric_20,2,CL_XGB,0.9826079435405098,symmetric,20
pendigits,symmetric_20,3,CL_XGB,0.985484644611278,symmetric,20
pendigits,symmetric_20,4,CL_XGB,0.9811206659304276,symmetric,20
pendigits,symmetric_30,0,CL_XGB,0.9873059500864866,symmetric,30
pendigits,symmetric_30,1,CL_XGB,0.9887759177891848,symmetric,30
pendigits,symmetric_30,2,CL_XGB,0.9819109666823274,symmetric,30
pendigits,symmetric_30,3,CL_XGB,0.986328625146722,symmetric,30
pendigits,symmetric_30,4,CL_XGB,0.9787740550347148,symmetric,30
pendigits,symmetric_40,0,CL_XGB,0.9872112572610616,symmetric,40
pendigits,symmetric_40,1,CL_XGB,0.9827834898050058,symmetric,40
pendigits,symmetric_40,2,CL_XGB,0.977394558497456,symmetric,40
pendigits,symmetric_40,3,CL_XGB,0.9816795756078374,symmetric,40
pendigits,symmetric_40,4,CL_XGB,0.9767046865090324,symmetric,40
satimage,asymmetric_10,0,CL_XGB,0.8917950641054847,asymmetric,10
satimage,asymmetric_10,1,CL_XGB,0.8605241062922974,asymmetric,10
satimage,asymmetric_10,2,CL_XGB,0.881705268646371,asymmetric,10
satimage,asymmetric_10,3,CL_XGB,0.8874174334100409,asymmetric,10
satimage,asymmetric_10,4,CL_XGB,0.894789852306307,asymmetric,10
satimage,asymmetric_20,0,CL_XGB,0.8846789157082288,asymmetric,20
satimage,asymmetric_20,1,CL_XGB,0.8570328286695054,asymmetric,20
satimage,asymmetric_20,2,CL_XGB,0.8744682034244439,asymmetric,20
satimage,asymmetric_20,3,CL_XGB,0.8768449745901034,asymmetric,20
satimage,asymmetric_20,4,CL_XGB,0.8897276101604378,asymmetric,20
satimage,asymmetric_30,0,CL_XGB,0.8664753538620537,asymmetric,30
satimage,asymmetric_30,1,CL_XGB,0.8235414944522681,asymmetric,30
satimage,asymmetric_30,2,CL_XGB,0.8378856549018027,asymmetric,30
satimage,asymmetric_30,3,CL_XGB,0.8625491863352645,asymmetric,30
satimage,asymmetric_30,4,CL_XGB,0.86555723396508,asymmetric,30
satimage,asymmetric_40,0,CL_XGB,0.7638251760180905,asymmetric,40
satimage,asymmetric_40,1,CL_XGB,0.679287455272814,asymmetric,40
satimage,asymmetric_40,2,CL_XGB,0.8035725523306859,asymmetric,40
satimage,asymmetric_40,3,CL_XGB,0.7327175537417613,asymmetric,40
satimage,asymmetric_40,4,CL_XGB,0.8055278033426402,asymmetric,40
satimage,clean_0,0,CL_XGB,0.8944283921009225,clean,0
satimage,clean_0,1,CL_XGB,0.8598338204688757,clean,0
satimage,clean_0,2,CL_XGB,0.8883214845792144,clean,0
satimage,clean_0,3,CL_XGB,0.9082003222763526,clean,0
satimage,clean_0,4,CL_XGB,0.900177911774196,clean,0
satimage,pairflip_40,0,CL_XGB,0.820113021453901,pairflip,40
satimage,pairflip_40,1,CL_XGB,0.7183630945901923,pairflip,40
satimage,pairflip_40,2,CL_XGB,0.835407097501053,pairflip,40
satimage,pairflip_40,3,CL_XGB,0.7680802441336788,pairflip,40
satimage,pairflip_40,4,CL_XGB,0.8103818313652099,pairflip,40
satimage,symmetric_10,0,CL_XGB,0.880765578711177,symmetric,10
satimage,symmetric_10,1,CL_XGB,0.8543013380236935,symmetric,10
satimage,symmetric_10,2,CL_XGB,0.8849140723586647,symmetric,10
satimage,symmetric_10,3,CL_XGB,0.8882816413932794,symmetric,10
satimage,symmetric_10,4,CL_XGB,0.8991972060994661,symmetric,10
satimage,symmetric_20,0,CL_XGB,0.8747226805037244,symmetric,20
satimage,symmetric_20,1,CL_XGB,0.8558118056648514,symmetric,20
satimage,symmetric_20,2,CL_XGB,0.8848798273373805,symmetric,20
satimage,symmetric_20,3,CL_XGB,0.875902314501127,symmetric,20
satimage,symmetric_20,4,CL_XGB,0.8860639487741722,symmetric,20
satimage,symmetric_30,0,CL_XGB,0.8733067947599679,symmetric,30
satimage,symmetric_30,1,CL_XGB,0.8425047777415591,symmetric,30
satimage,symmetric_30,2,CL_XGB,0.8645378151469131,symmetric,30
satimage,symmetric_30,3,CL_XGB,0.8962267860089113,symmetric,30
satimage,symmetric_30,4,CL_XGB,0.8856222763961892,symmetric,30
satimage,symmetric_40,0,CL_XGB,0.8701968637204965,symmetric,40
satimage,symmetric_40,1,CL_XGB,0.8424323152879077,symmetric,40
satimage,symmetric_40,2,CL_XGB,0.867363164926207,symmetric,40
satimage,symmetric_40,3,CL_XGB,0.8727245341568426,symmetric,40
satimage,symmetric_40,4,CL_XGB,0.8869207887617105,symmetric,40
shuttle,asymmetric_10,0,CL_XGB,0.8795578239601959,asymmetric,10
shuttle,asymmetric_10,1,CL_XGB,0.9364356642393776,asymmetric,10
shuttle,asymmetric_10,2,CL_XGB,0.9106172844610638,asymmetric,10
shuttle,asymmetric_10,3,CL_XGB,0.8874006785024278,asymmetric,10
shuttle,asymmetric_10,4,CL_XGB,0.9061262415015096,asymmetric,10
shuttle,asymmetric_20,0,CL_XGB,0.8089590440889874,asymmetric,20
shuttle,asymmetric_20,1,CL_XGB,0.8166201097728583,asymmetric,20
shuttle,asymmetric_20,2,CL_XGB,0.7975819823139277,asymmetric,20
shuttle,asymmetric_20,3,CL_XGB,0.8093050436311648,asymmetric,20
shuttle,asymmetric_20,4,CL_XGB,0.7951793920381376,asymmetric,20
shuttle,asymmetric_30,0,CL_XGB,0.7217005420321143,asymmetric,30
shuttle,asymmetric_30,1,CL_XGB,0.7576982663086458,asymmetric,30
shuttle,asymmetric_30,2,CL_XGB,0.7467102461633746,asymmetric,30
shuttle,asymmetric_30,3,CL_XGB,0.7485916162176045,asymmetric,30
shuttle,asymmetric_30,4,CL_XGB,0.749281541399766,asymmetric,30
shuttle,asymmetric_40,0,CL_XGB,0.6520011948354281,asymmetric,40
shuttle,asymmetric_40,1,CL_XGB,0.653470553195114,asymmetric,40
shuttle,asymmetric_40,2,CL_XGB,0.6232681825469446,asymmetric,40
shuttle,asymmetric_40,3,CL_XGB,0.6418341415501353,asymmetric,40
shuttle,asymmetric_40,4,CL_XGB,0.6493905661442805,asymmetric,40
shuttle,clean_0,0,CL_XGB,0.9497323002147045,clean,0
shuttle,clean_0,1,CL_XGB,0.9595451302237136,clean,0
shuttle,clean_0,2,CL_XGB,0.9433631823131992,clean,0
shuttle,clean_0,3,CL_XGB,0.9159502040803406,clean,0
shuttle,clean_0,4,CL_XGB,0.9493109484123112,clean,0
shuttle,pairflip_40,0,CL_XGB,0.6517287400840774,pairflip,40
shuttle,pairflip_40,1,CL_XGB,0.6474713012141897,pairflip,40
shuttle,pairflip_40,2,CL_XGB,0.6146057495298233,pairflip,40
shuttle,pairflip_40,3,CL_XGB,0.6471397800254007,pairflip,40
shuttle,pairflip_40,4,CL_XGB,0.64623438054385,pairflip,40
shuttle,symmetric_10,0,CL_XGB,0.8687797746821173,symmetric,10
shuttle,symmetric_10,1,CL_XGB,0.932824128398316,symmetric,10
shuttle,symmetric_10,2,CL_XGB,0.9205490189608736,symmetric,10
shuttle,symmetric_10,3,CL_XGB,0.9260111094847944,symmetric,10
shuttle,symmetric_10,4,CL_XGB,0.9451321858740248,symmetric,10
shuttle,symmetric_20,0,CL_XGB,0.8605767956243606,symmetric,20
shuttle,symmetric_20,1,CL_XGB,0.9291486832804516,symmetric,20
shuttle,symmetric_20,2,CL_XGB,0.8834995357874919,symmetric,20
shuttle,symmetric_20,3,CL_XGB,0.8804923797618575,symmetric,20
shuttle,symmetric_20,4,CL_XGB,0.8748732655537723,symmetric,20
shuttle,symmetric_30,0,CL_XGB,0.8778504877951414,symmetric,30
shuttle,symmetric_30,1,CL_XGB,0.8998408530321924,symmetric,30
shuttle,symmetric_30,2,CL_XGB,0.8423398083847595,symmetric,30
shuttle,symmetric_30,3,CL_XGB,0.8745408445777814,symmetric,30
shuttle,symmetric_30,4,CL_XGB,0.8737642607518114,symmetric,30
shuttle,symmetric_40,0,CL_XGB,0.799251847596205,symmetric,40
shuttle,symmetric_40,1,CL_XGB,0.854548096034025,symmetric,40
shuttle,symmetric_40,2,CL_XGB,0.7745625031172214,symmetric,40
shuttle,symmetric_40,3,CL_XGB,0.8134933732663482,symmetric,40
shuttle,symmetric_40,4,CL_XGB,0.7707890613586437,symmetric,40
har,asymmetric_10,0,CL_XGB,0.9796580684496976,asymmetric,10
har,asymmetric_10,1,CL_XGB,0.9853460395328578,asymmetric,10
har,asymmetric_10,2,CL_XGB,0.9788274540966808,asymmetric,10
har,asymmetric_10,3,CL_XGB,0.980590414649108,asymmetric,10
har,asymmetric_10,4,CL_XGB,0.9837132689336536,asymmetric,10
har,asymmetric_20,0,CL_XGB,0.9735192379941984,asymmetric,20
har,asymmetric_20,1,CL_XGB,0.9799451479641652,asymmetric,20
har,asymmetric_20,2,CL_XGB,0.9670476537617052,asymmetric,20
har,asymmetric_20,3,CL_XGB,0.9798522908199608,asymmetric,20
har,asymmetric_20,4,CL_XGB,0.9751050573551197,asymmetric,20
har,asymmetric_30,0,CL_XGB,0.951981625277301,asymmetric,30
har,asymmetric_30,1,CL_XGB,0.9595418329094696,asymmetric,30
har,asymmetric_30,2,CL_XGB,0.9400475895355852,asymmetric,30
har,asymmetric_30,3,CL_XGB,0.9621208767671624,asymmetric,30
har,asymmetric_30,4,CL_XGB,0.9531479727572696,asymmetric,30
har,asymmetric_40,0,CL_XGB,0.8866679893006942,asymmetric,40
har,asymmetric_40,1,CL_XGB,0.8797614081713374,asymmetric,40
har,asymmetric_40,2,CL_XGB,0.881423584379582,asymmetric,40
har,asymmetric_40,3,CL_XGB,0.8669564332048337,asymmetric,40
har,asymmetric_40,4,CL_XGB,0.879349318122243,asymmetric,40
har,clean_0,0,CL_XGB,0.988954359925993,clean,0
har,clean_0,1,CL_XGB,0.9911590653346884,clean,0
har,clean_0,2,CL_XGB,0.9860821988928752,clean,0
har,clean_0,3,CL_XGB,0.987216310701822,clean,0
har,clean_0,4,CL_XGB,0.9878479309172968,clean,0
har,pairflip_40,0,CL_XGB,0.9092136352779632,pairflip,40
har,pairflip_40,1,CL_XGB,0.9005667309057447,pairflip,40
har,pairflip_40,2,CL_XGB,0.8934879051286021,pairflip,40
har,pairflip_40,3,CL_XGB,0.9049611483663992,pairflip,40
har,pairflip_40,4,CL_XGB,0.8781383337667341,pairflip,40
har,symmetric_10,0,CL_XGB,0.978187380292086,symmetric,10
har,symmetric_10,1,CL_XGB,0.9855697445316532,symmetric,10
har,symmetric_10,2,CL_XGB,0.9788116096091426,symmetric,10
har,symmetric_10,3,CL_XGB,0.978412552641371,symmetric,10
har,symmetric_10,4,CL_XGB,0.9822445158535044,symmetric,10
har,symmetric_20,0,CL_XGB,0.9790272911774528,symmetric,20
har,symmetric_20,1,CL_XGB,0.9914384137766092,symmetric,20
har,symmetric_20,2,CL_XGB,0.9737206419143708,symmetric,20
har,symmetric_20,3,CL_XGB,0.978547099386518,symmetric,20
har,symmetric_20,4,CL_XGB,0.9812929429437558,symmetric,20
har,symmetric_30,0,CL_XGB,0.9691208502833136,symmetric,30
har,symmetric_30,1,CL_XGB,0.9720359707522408,symmetric,30
har,symmetric_30,2,CL_XGB,0.9665743297259176,symmetric,30
har,symmetric_30,3,CL_XGB,0.9648382155170498,symmetric,30
har,symmetric_30,4,CL_XGB,0.9721153416138604,symmetric,30
har,symmetric_40,0,CL_XGB,0.9634973363633644,symmetric,40
har,symmetric_40,1,CL_XGB,0.96974716710689,symmetric,40
har,symmetric_40,2,CL_XGB,0.9645472714895296,symmetric,40
har,symmetric_40,3,CL_XGB,0.9659797401394394,symmetric,40
har,symmetric_40,4,CL_XGB,0.9649605069811168,symmetric,40
isolet,asymmetric_10,0,CL_XGB,0.9285066373578416,asymmetric,10
isolet,asymmetric_10,1,CL_XGB,0.942660056375636,asymmetric,10
isolet,asymmetric_10,2,CL_XGB,0.9388410804754556,asymmetric,10
isolet,asymmetric_10,3,CL_XGB,0.9496807103550302,asymmetric,10
isolet,asymmetric_10,4,CL_XGB,0.9335241317905342,asymmetric,10
isolet,asymmetric_20,0,CL_XGB,0.9301385645666608,asymmetric,20
isolet,asymmetric_20,1,CL_XGB,0.9348084471112584,asymmetric,20
isolet,asymmetric_20,2,CL_XGB,0.9322161541829336,asymmetric,20
isolet,asymmetric_20,3,CL_XGB,0.9475268228048196,asymmetric,20
isolet,asymmetric_20,4,CL_XGB,0.9324925737611508,asymmetric,20
isolet,asymmetric_30,0,CL_XGB,0.9067044839369178,asymmetric,30
isolet,asymmetric_30,1,CL_XGB,0.920734224767054,asymmetric,30
isolet,asymmetric_30,2,CL_XGB,0.9185941550491056,asymmetric,30
isolet,asymmetric_30,3,CL_XGB,0.9206574949879764,asymmetric,30
isolet,asymmetric_30,4,CL_XGB,0.9030725951976536,asymmetric,30
isolet,asymmetric_40,0,CL_XGB,0.8000083800454555,asymmetric,40
isolet,asymmetric_40,1,CL_XGB,0.7909730730568559,asymmetric,40
isolet,asymmetric_40,2,CL_XGB,0.8001686008091627,asymmetric,40
isolet,asymmetric_40,3,CL_XGB,0.7690898819983237,asymmetric,40
isolet,asymmetric_40,4,CL_XGB,0.8079820471932865,asymmetric,40
isolet,clean_0,0,CL_XGB,0.9339765391242772,clean,0
isolet,clean_0,1,CL_XGB,0.9405046113371742,clean,0
isolet,clean_0,2,CL_XGB,0.9375123916710878,clean,0
isolet,clean_0,3,CL_XGB,0.9634909397276862,clean,0
isolet,clean_0,4,CL_XGB,0.9484397703353424,clean,0
isolet,pairflip_40,0,CL_XGB,0.8794283109962803,pairflip,40
isolet,pairflip_40,1,CL_XGB,0.8921355998754797,pairflip,40
isolet,pairflip_40,2,CL_XGB,0.8899314910655953,pairflip,40
isolet,pairflip_40,3,CL_XGB,0.8810009915635704,pairflip,40
isolet,pairflip_40,4,CL_XGB,0.893395416057938,pairflip,40
isolet,symmetric_10,0,CL_XGB,0.926344048481777,symmetric,10
isolet,symmetric_10,1,CL_XGB,0.9363268736109516,symmetric,10
isolet,symmetric_10,2,CL_XGB,0.9388580413061938,symmetric,10
isolet,symmetric_10,3,CL_XGB,0.9646012977503468,symmetric,10
isolet,symmetric_10,4,CL_XGB,0.9345019870943514,symmetric,10
isolet,symmetric_20,0,CL_XGB,0.9271949592476074,symmetric,20
isolet,symmetric_20,1,CL_XGB,0.928755930185064,symmetric,20
isolet,symmetric_20,2,CL_XGB,0.9307661200003774,symmetric,20
isolet,symmetric_20,3,CL_XGB,0.9495236835389356,symmetric,20
isolet,symmetric_20,4,CL_XGB,0.9347123177770376,symmetric,20
isolet,symmetric_30,0,CL_XGB,0.9111790144517956,symmetric,30
isolet,symmetric_30,1,CL_XGB,0.9260809600557868,symmetric,30
isolet,symmetric_30,2,CL_XGB,0.9312389358595932,symmetric,30
isolet,symmetric_30,3,CL_XGB,0.9496363222466808,symmetric,30
isolet,symmetric_30,4,CL_XGB,0.9311501809159302,symmetric,30
isolet,symmetric_40,0,CL_XGB,0.9056968216503865,symmetric,40
isolet,symmetric_40,1,CL_XGB,0.9217587732144314,symmetric,40
isolet,symmetric_40,2,CL_XGB,0.9233503737840189,symmetric,40
isolet,symmetric_40,3,CL_XGB,0.9463860120128184,symmetric,40
isolet,symmetric_40,4,CL_XGB,0.920644414246471,symmetric,40
fmnist,asymmetric_10,0,CL_XGB,0.8896173591160619,asymmetric,10
fmnist,asymmetric_10,1,CL_XGB,0.8822980406007913,asymmetric,10
fmnist,asymmetric_10,2,CL_XGB,0.8807190308263608,asymmetric,10
fmnist,asymmetric_10,3,CL_XGB,0.8787651586988179,asymmetric,10
fmnist,asymmetric_10,4,CL_XGB,0.8908801305225431,asymmetric,10
fmnist,asymmetric_20,0,CL_XGB,0.8864115211828208,asymmetric,20
fmnist,asymmetric_20,1,CL_XGB,0.8773840142323852,asymmetric,20
fmnist,asymmetric_20,2,CL_XGB,0.8794479833316231,asymmetric,20
fmnist,asymmetric_20,3,CL_XGB,0.8752658589436978,asymmetric,20
fmnist,asymmetric_20,4,CL_XGB,0.884889815144906,asymmetric,20
fmnist,asymmetric_30,0,CL_XGB,0.8817728043976951,asymmetric,30
fmnist,asymmetric_30,1,CL_XGB,0.8749346033945116,asymmetric,30
fmnist,asymmetric_30,2,CL_XGB,0.8695833364070437,asymmetric,30
fmnist,asymmetric_30,3,CL_XGB,0.8717497139044689,asymmetric,30
fmnist,asymmetric_30,4,CL_XGB,0.883557548459275,asymmetric,30
fmnist,asymmetric_40,0,CL_XGB,0.8640304641763393,asymmetric,40
fmnist,asymmetric_40,1,CL_XGB,0.8533032931391775,asymmetric,40
fmnist,asymmetric_40,2,CL_XGB,0.8497210967457247,asymmetric,40
fmnist,asymmetric_40,3,CL_XGB,0.8520950101035144,asymmetric,40
fmnist,asymmetric_40,4,CL_XGB,0.8574480505404303,asymmetric,40
fmnist,clean_0,0,CL_XGB,0.8913335187755939,clean,0
fmnist,clean_0,1,CL_XGB,0.8857382321553121,clean,0
fmnist,clean_0,2,CL_XGB,0.8885394153430244,clean,0
fmnist,clean_0,3,CL_XGB,0.8811754135247172,clean,0
fmnist,clean_0,4,CL_XGB,0.8925526371288133,clean,0
fmnist,pairflip_40,0,CL_XGB,0.8580583038126509,pairflip,40
fmnist,pairflip_40,1,CL_XGB,0.8500519050429907,pairflip,40
fmnist,pairflip_40,2,CL_XGB,0.8553971933496411,pairflip,40
fmnist,pairflip_40,3,CL_XGB,0.8587997426348973,pairflip,40
fmnist,pairflip_40,4,CL_XGB,0.8541052293361722,pairflip,40
fmnist,symmetric_10,0,CL_XGB,0.8875628106481696,symmetric,10
fmnist,symmetric_10,1,CL_XGB,0.8813782433670424,symmetric,10
fmnist,symmetric_10,2,CL_XGB,0.8813967737947115,symmetric,10
fmnist,symmetric_10,3,CL_XGB,0.8778297384717325,symmetric,10
fmnist,symmetric_10,4,CL_XGB,0.8905368189721035,symmetric,10
fmnist,symmetric_20,0,CL_XGB,0.885800357948652,symmetric,20
fmnist,symmetric_20,1,CL_XGB,0.8764483775811543,symmetric,20
fmnist,symmetric_20,2,CL_XGB,0.878703880340818,symmetric,20
fmnist,symmetric_20,3,CL_XGB,0.87282027120616,symmetric,20
fmnist,symmetric_20,4,CL_XGB,0.8805705025021014,symmetric,20
fmnist,symmetric_30,0,CL_XGB,0.8800489448306432,symmetric,30
fmnist,symmetric_30,1,CL_XGB,0.8768343752527082,symmetric,30
fmnist,symmetric_30,2,CL_XGB,0.8688811530323642,symmetric,30
fmnist,symmetric_30,3,CL_XGB,0.8725527921534086,symmetric,30
fmnist,symmetric_30,4,CL_XGB,0.8793767700400371,symmetric,30
fmnist,symmetric_40,0,CL_XGB,0.8774941536943841,symmetric,40
fmnist,symmetric_40,1,CL_XGB,0.8694622074494168,symmetric,40
fmnist,symmetric_40,2,CL_XGB,0.8666945176005628,symmetric,40
fmnist,symmetric_40,3,CL_XGB,0.8677601887047516,symmetric,40
fmnist,symmetric_40,4,CL_XGB,0.873632770753864,symmetric,40
cifar10,asymmetric_10,0,CL_XGB,0.8604698835749367,asymmetric,10
cifar10,asymmetric_10,1,CL_XGB,0.871873402206034,asymmetric,10
cifar10,asymmetric_10,2,CL_XGB,0.864729653621039,asymmetric,10
cifar10,asymmetric_10,3,CL_XGB,0.8693193063819293,asymmetric,10
cifar10,asymmetric_10,4,CL_XGB,0.856433071571925,asymmetric,10
cifar10,asymmetric_20,0,CL_XGB,0.8501390908520898,asymmetric,20
cifar10,asymmetric_20,1,CL_XGB,0.8634270466344474,asymmetric,20
cifar10,asymmetric_20,2,CL_XGB,0.8560246100585488,asymmetric,20
cifar10,asymmetric_20,3,CL_XGB,0.864021017418886,asymmetric,20
cifar10,asymmetric_20,4,CL_XGB,0.8508521868477856,asymmetric,20
cifar10,asymmetric_30,0,CL_XGB,0.8442950349214003,asymmetric,30
cifar10,asymmetric_30,1,CL_XGB,0.8582678903249713,asymmetric,30
cifar10,asymmetric_30,2,CL_XGB,0.8532409974445884,asymmetric,30
cifar10,asymmetric_30,3,CL_XGB,0.8533894820288083,asymmetric,30
cifar10,asymmetric_30,4,CL_XGB,0.8481360011901715,asymmetric,30
cifar10,asymmetric_40,0,CL_XGB,0.7944536687811411,asymmetric,40
cifar10,asymmetric_40,1,CL_XGB,0.8123862910693204,asymmetric,40
cifar10,asymmetric_40,2,CL_XGB,0.8078548849453695,asymmetric,40
cifar10,asymmetric_40,3,CL_XGB,0.81615118842761,asymmetric,40
cifar10,asymmetric_40,4,CL_XGB,0.8063376702863725,asymmetric,40
cifar10,c10n_aggre_0,0,CL_XGB,0.864329397636667,c10n_aggre,0
cifar10,c10n_aggre_0,1,CL_XGB,0.8667661925293524,c10n_aggre,0
cifar10,c10n_aggre_0,2,CL_XGB,0.860461997825874,c10n_aggre,0
cifar10,c10n_aggre_0,3,CL_XGB,0.8725787926945783,c10n_aggre,0
cifar10,c10n_aggre_0,4,CL_XGB,0.8556903397551403,c10n_aggre,0
cifar10,c10n_random1_0,0,CL_XGB,0.8542896832909228,c10n_random1,0
cifar10,c10n_random1_0,1,CL_XGB,0.8612951795237226,c10n_random1,0
cifar10,c10n_random1_0,2,CL_XGB,0.857684108629605,c10n_random1,0
cifar10,c10n_random1_0,3,CL_XGB,0.8657718262072749,c10n_random1,0
cifar10,c10n_random1_0,4,CL_XGB,0.8542765584175747,c10n_random1,0
cifar10,c10n_worse_0,0,CL_XGB,0.8263650549362881,c10n_worse,0
cifar10,c10n_worse_0,1,CL_XGB,0.8291481361418676,c10n_worse,0
cifar10,c10n_worse_0,2,CL_XGB,0.825151011637565,c10n_worse,0
cifar10,c10n_worse_0,3,CL_XGB,0.8368661868307707,c10n_worse,0
cifar10,c10n_worse_0,4,CL_XGB,0.8271947560592178,c10n_worse,0
cifar10,clean_0,0,CL_XGB,0.8619525842204044,clean,0
cifar10,clean_0,1,CL_XGB,0.8731894440388717,clean,0
cifar10,clean_0,2,CL_XGB,0.8691584843610883,clean,0
cifar10,clean_0,3,CL_XGB,0.8730922494730631,clean,0
cifar10,clean_0,4,CL_XGB,0.858089768636443,clean,0
cifar10,pairflip_40,0,CL_XGB,0.821528130063491,pairflip,40
cifar10,pairflip_40,1,CL_XGB,0.8293140410311024,pairflip,40
cifar10,pairflip_40,2,CL_XGB,0.8307312390389356,pairflip,40
cifar10,pairflip_40,3,CL_XGB,0.8319775477091802,pairflip,40
cifar10,pairflip_40,4,CL_XGB,0.8265148103986151,pairflip,40
cifar10,symmetric_10,0,CL_XGB,0.856633969189941,symmetric,10
cifar10,symmetric_10,1,CL_XGB,0.8728486336343722,symmetric,10
cifar10,symmetric_10,2,CL_XGB,0.8642575326460765,symmetric,10
cifar10,symmetric_10,3,CL_XGB,0.8716667461389017,symmetric,10
cifar10,symmetric_10,4,CL_XGB,0.8569970243153545,symmetric,10
cifar10,symmetric_20,0,CL_XGB,0.8546207195623164,symmetric,20
cifar10,symmetric_20,1,CL_XGB,0.8668001549527705,symmetric,20
cifar10,symmetric_20,2,CL_XGB,0.8610527970011391,symmetric,20
cifar10,symmetric_20,3,CL_XGB,0.8639556077973838,symmetric,20
cifar10,symmetric_20,4,CL_XGB,0.8555833302804494,symmetric,20
cifar10,symmetric_30,0,CL_XGB,0.8505853252417154,symmetric,30
cifar10,symmetric_30,1,CL_XGB,0.8565465946954657,symmetric,30
cifar10,symmetric_30,2,CL_XGB,0.8553930054341332,symmetric,30
cifar10,symmetric_30,3,CL_XGB,0.8654028046456472,symmetric,30
cifar10,symmetric_30,4,CL_XGB,0.8481494617422293,symmetric,30
cifar10,symmetric_40,0,CL_XGB,0.8466462685760685,symmetric,40
cifar10,symmetric_40,1,CL_XGB,0.8536172572163515,symmetric,40
cifar10,symmetric_40,2,CL_XGB,0.8506856941914676,symmetric,40
cifar10,symmetric_40,3,CL_XGB,0.858737009893076,symmetric,40
cifar10,symmetric_40,4,CL_XGB,0.845538088556037,symmetric,40
drybean,asymmetric_10,0,GCE_XGB,0.929465145355773,asymmetric,10
drybean,asymmetric_10,1,GCE_XGB,0.9330638384876982,asymmetric,10
drybean,asymmetric_10,2,GCE_XGB,0.928261996442744,asymmetric,10
drybean,asymmetric_10,3,GCE_XGB,0.9325556801327683,asymmetric,10
drybean,asymmetric_10,4,GCE_XGB,0.9403987476112786,asymmetric,10
drybean,asymmetric_20,0,GCE_XGB,0.8909581368567397,asymmetric,20
drybean,asymmetric_20,1,GCE_XGB,0.9073617968597182,asymmetric,20
drybean,asymmetric_20,2,GCE_XGB,0.8986861193310033,asymmetric,20
drybean,asymmetric_20,3,GCE_XGB,0.8825249952595879,asymmetric,20
drybean,asymmetric_20,4,GCE_XGB,0.9025918554286092,asymmetric,20
drybean,asymmetric_30,0,GCE_XGB,0.8045680440987205,asymmetric,30
drybean,asymmetric_30,1,GCE_XGB,0.8359591338945551,asymmetric,30
drybean,asymmetric_30,2,GCE_XGB,0.8141570245318264,asymmetric,30
drybean,asymmetric_30,3,GCE_XGB,0.8091766588375069,asymmetric,30
drybean,asymmetric_30,4,GCE_XGB,0.8374541368212142,asymmetric,30
drybean,asymmetric_40,0,GCE_XGB,0.6912564237849981,asymmetric,40
drybean,asymmetric_40,1,GCE_XGB,0.6536898974637845,asymmetric,40
drybean,asymmetric_40,2,GCE_XGB,0.7066102266758446,asymmetric,40
drybean,asymmetric_40,3,GCE_XGB,0.6687258850324324,asymmetric,40
drybean,asymmetric_40,4,GCE_XGB,0.701127400906713,asymmetric,40
drybean,clean_0,0,GCE_XGB,0.943046724997162,clean,0
drybean,clean_0,1,GCE_XGB,0.9407256239080516,clean,0
drybean,clean_0,2,GCE_XGB,0.9324629561023964,clean,0
drybean,clean_0,3,GCE_XGB,0.9326040502257086,clean,0
drybean,clean_0,4,GCE_XGB,0.9416427798633152,clean,0
drybean,pairflip_40,0,GCE_XGB,0.8072868071993954,pairflip,40
drybean,pairflip_40,1,GCE_XGB,0.8050720997101479,pairflip,40
drybean,pairflip_40,2,GCE_XGB,0.8261620143237532,pairflip,40
drybean,pairflip_40,3,GCE_XGB,0.7955788210626792,pairflip,40
drybean,pairflip_40,4,GCE_XGB,0.8047885440168844,pairflip,40
drybean,symmetric_10,0,GCE_XGB,0.9432832614021736,symmetric,10
drybean,symmetric_10,1,GCE_XGB,0.9424829004451178,symmetric,10
drybean,symmetric_10,2,GCE_XGB,0.932434572641196,symmetric,10
drybean,symmetric_10,3,GCE_XGB,0.9321011990143956,symmetric,10
drybean,symmetric_10,4,GCE_XGB,0.9409649486200206,symmetric,10
drybean,symmetric_20,0,GCE_XGB,0.932970248380196,symmetric,20
drybean,symmetric_20,1,GCE_XGB,0.9332467636811276,symmetric,20
drybean,symmetric_20,2,GCE_XGB,0.9396507708343592,symmetric,20
drybean,symmetric_20,3,GCE_XGB,0.9306018314980504,symmetric,20
drybean,symmetric_20,4,GCE_XGB,0.9399816381288691,symmetric,20
drybean,symmetric_30,0,GCE_XGB,0.9311549361076688,symmetric,30
drybean,symmetric_30,1,GCE_XGB,0.9223786857932976,symmetric,30
drybean,symmetric_30,2,GCE_XGB,0.9255352615514176,symmetric,30
drybean,symmetric_30,3,GCE_XGB,0.9091349197598944,symmetric,30
drybean,symmetric_30,4,GCE_XGB,0.9328927959713283,symmetric,30
drybean,symmetric_40,0,GCE_XGB,0.9075636531217884,symmetric,40
drybean,symmetric_40,1,GCE_XGB,0.912088811390351,symmetric,40
drybean,symmetric_40,2,GCE_XGB,0.895376552944359,symmetric,40
drybean,symmetric_40,3,GCE_XGB,0.8920634851228525,symmetric,40
drybean,symmetric_40,4,GCE_XGB,0.919274268862858,symmetric,40
pendigits,asymmetric_10,0,GCE_XGB,0.9738420343826067,asymmetric,10
pendigits,asymmetric_10,1,GCE_XGB,0.9796465189280036,asymmetric,10
pendigits,asymmetric_10,2,GCE_XGB,0.9727886573109245,asymmetric,10
pendigits,asymmetric_10,3,GCE_XGB,0.9726121000713844,asymmetric,10
pendigits,asymmetric_10,4,GCE_XGB,0.9706538950325534,asymmetric,10
pendigits,asymmetric_20,0,GCE_XGB,0.9311179175407498,asymmetric,20
pendigits,asymmetric_20,1,GCE_XGB,0.929037006120508,asymmetric,20
pendigits,asymmetric_20,2,GCE_XGB,0.9340860183630202,asymmetric,20
pendigits,asymmetric_20,3,GCE_XGB,0.9104119114226672,asymmetric,20
pendigits,asymmetric_20,4,GCE_XGB,0.9180723580968854,asymmetric,20
pendigits,asymmetric_30,0,GCE_XGB,0.8296627875873046,asymmetric,30
pendigits,asymmetric_30,1,GCE_XGB,0.841506550653292,asymmetric,30
pendigits,asymmetric_30,2,GCE_XGB,0.8279496638926007,asymmetric,30
pendigits,asymmetric_30,3,GCE_XGB,0.8202667077973823,asymmetric,30
pendigits,asymmetric_30,4,GCE_XGB,0.8187867471108368,asymmetric,30
pendigits,asymmetric_40,0,GCE_XGB,0.6726437221012036,asymmetric,40
pendigits,asymmetric_40,1,GCE_XGB,0.635746371445342,asymmetric,40
pendigits,asymmetric_40,2,GCE_XGB,0.6918444623956893,asymmetric,40
pendigits,asymmetric_40,3,GCE_XGB,0.6860071326628262,asymmetric,40
pendigits,asymmetric_40,4,GCE_XGB,0.6758500127502429,asymmetric,40
pendigits,clean_0,0,GCE_XGB,0.990984433501317,clean,0
pendigits,clean_0,1,GCE_XGB,0.9969617256764892,clean,0
pendigits,clean_0,2,GCE_XGB,0.9902295413692016,clean,0
pendigits,clean_0,3,GCE_XGB,0.9908246617962376,clean,0
pendigits,clean_0,4,GCE_XGB,0.9880998978976444,clean,0
pendigits,pairflip_40,0,GCE_XGB,0.8049963096365949,pairflip,40
pendigits,pairflip_40,1,GCE_XGB,0.7806741191231404,pairflip,40
pendigits,pairflip_40,2,GCE_XGB,0.8020320059685655,pairflip,40
pendigits,pairflip_40,3,GCE_XGB,0.8093051153832406,pairflip,40
pendigits,pairflip_40,4,GCE_XGB,0.805129776358595,pairflip,40
pendigits,symmetric_10,0,GCE_XGB,0.9872515647863954,symmetric,10
pendigits,symmetric_10,1,GCE_XGB,0.9902347750007532,symmetric,10
pendigits,symmetric_10,2,GCE_XGB,0.9818830670928224,symmetric,10
pendigits,symmetric_10,3,GCE_XGB,0.9908284283416868,symmetric,10
pendigits,symmetric_10,4,GCE_XGB,0.9841015402953828,symmetric,10
pendigits,symmetric_20,0,GCE_XGB,0.9803679647458152,symmetric,20
pendigits,symmetric_20,1,GCE_XGB,0.9894295051647826,symmetric,20
pendigits,symmetric_20,2,GCE_XGB,0.9819755168218396,symmetric,20
pendigits,symmetric_20,3,GCE_XGB,0.9755205662912272,symmetric,20
pendigits,symmetric_20,4,GCE_XGB,0.9742430238769048,symmetric,20
pendigits,symmetric_30,0,GCE_XGB,0.9624482757786392,symmetric,30
pendigits,symmetric_30,1,GCE_XGB,0.9734376676868032,symmetric,30
pendigits,symmetric_30,2,GCE_XGB,0.9660174815940576,symmetric,30
pendigits,symmetric_30,3,GCE_XGB,0.950535146903722,symmetric,30
pendigits,symmetric_30,4,GCE_XGB,0.9574205701655788,symmetric,30
pendigits,symmetric_40,0,GCE_XGB,0.924690652370867,symmetric,40
pendigits,symmetric_40,1,GCE_XGB,0.8945937580230471,symmetric,40
pendigits,symmetric_40,2,GCE_XGB,0.9053705971224996,symmetric,40
pendigits,symmetric_40,3,GCE_XGB,0.921475214343934,symmetric,40
pendigits,symmetric_40,4,GCE_XGB,0.908783403204122,symmetric,40
satimage,asymmetric_10,0,GCE_XGB,0.8952340784913836,asymmetric,10
satimage,asymmetric_10,1,GCE_XGB,0.8699803686303804,asymmetric,10
satimage,asymmetric_10,2,GCE_XGB,0.8794620222650056,asymmetric,10
satimage,asymmetric_10,3,GCE_XGB,0.8859719382906261,asymmetric,10
satimage,asymmetric_10,4,GCE_XGB,0.8902068533559957,asymmetric,10
satimage,asymmetric_20,0,GCE_XGB,0.8424018489674815,asymmetric,20
satimage,asymmetric_20,1,GCE_XGB,0.8279349584789828,asymmetric,20
satimage,asymmetric_20,2,GCE_XGB,0.8472025420541298,asymmetric,20
satimage,asymmetric_20,3,GCE_XGB,0.8507110806751981,asymmetric,20
satimage,asymmetric_20,4,GCE_XGB,0.8528330271527217,asymmetric,20
satimage,asymmetric_30,0,GCE_XGB,0.7613494407827929,asymmetric,30
satimage,asymmetric_30,1,GCE_XGB,0.7596760697399924,asymmetric,30
satimage,asymmetric_30,2,GCE_XGB,0.7778440180905184,asymmetric,30
satimage,asymmetric_30,3,GCE_XGB,0.7893767190667416,asymmetric,30
satimage,asymmetric_30,4,GCE_XGB,0.7548799116796033,asymmetric,30
satimage,asymmetric_40,0,GCE_XGB,0.6686880427504712,asymmetric,40
satimage,asymmetric_40,1,GCE_XGB,0.5941665865115641,asymmetric,40
satimage,asymmetric_40,2,GCE_XGB,0.6405862686341023,asymmetric,40
satimage,asymmetric_40,3,GCE_XGB,0.6428310778388714,asymmetric,40
satimage,asymmetric_40,4,GCE_XGB,0.6733122830718238,asymmetric,40
satimage,clean_0,0,GCE_XGB,0.9020130596804888,clean,0
satimage,clean_0,1,GCE_XGB,0.886553902375486,clean,0
satimage,clean_0,2,GCE_XGB,0.90172391874498,clean,0
satimage,clean_0,3,GCE_XGB,0.9090911149733664,clean,0
satimage,clean_0,4,GCE_XGB,0.9108914551619232,clean,0
satimage,pairflip_40,0,GCE_XGB,0.7606708235756,pairflip,40
satimage,pairflip_40,1,GCE_XGB,0.6828066392037074,pairflip,40
satimage,pairflip_40,2,GCE_XGB,0.7351564605223988,pairflip,40
satimage,pairflip_40,3,GCE_XGB,0.7324317454278596,pairflip,40
satimage,pairflip_40,4,GCE_XGB,0.7531447463856448,pairflip,40
satimage,symmetric_10,0,GCE_XGB,0.8915772643301735,symmetric,10
satimage,symmetric_10,1,GCE_XGB,0.8826947049940762,symmetric,10
satimage,symmetric_10,2,GCE_XGB,0.8894420631821212,symmetric,10
satimage,symmetric_10,3,GCE_XGB,0.8977641753080832,symmetric,10
satimage,symmetric_10,4,GCE_XGB,0.9120376825583496,symmetric,10
satimage,symmetric_20,0,GCE_XGB,0.865622843468156,symmetric,20
satimage,symmetric_20,1,GCE_XGB,0.8692084753505851,symmetric,20
satimage,symmetric_20,2,GCE_XGB,0.873745707505948,symmetric,20
satimage,symmetric_20,3,GCE_XGB,0.8954828169163745,symmetric,20
satimage,symmetric_20,4,GCE_XGB,0.9084829172176344,symmetric,20
satimage,symmetric_30,0,GCE_XGB,0.8606572644217773,symmetric,30
satimage,symmetric_30,1,GCE_XGB,0.832895068921642,symmetric,30
satimage,symmetric_30,2,GCE_XGB,0.8542380183128517,symmetric,30
satimage,symmetric_30,3,GCE_XGB,0.8587978261214105,symmetric,30
satimage,symmetric_30,4,GCE_XGB,0.8505433084644572,symmetric,30
satimage,symmetric_40,0,GCE_XGB,0.8160763442642698,symmetric,40
satimage,symmetric_40,1,GCE_XGB,0.7646436432685965,symmetric,40
satimage,symmetric_40,2,GCE_XGB,0.8064743429914496,symmetric,40
satimage,symmetric_40,3,GCE_XGB,0.77923870736202,symmetric,40
satimage,symmetric_40,4,GCE_XGB,0.823489797206046,symmetric,40
shuttle,asymmetric_10,0,GCE_XGB,0.93402503548845,asymmetric,10
shuttle,asymmetric_10,1,GCE_XGB,0.9097287377870442,asymmetric,10
shuttle,asymmetric_10,2,GCE_XGB,0.8679262795280086,asymmetric,10
shuttle,asymmetric_10,3,GCE_XGB,0.9277990073170334,asymmetric,10
shuttle,asymmetric_10,4,GCE_XGB,0.8816654613082979,asymmetric,10
shuttle,asymmetric_20,0,GCE_XGB,0.8738854902465718,asymmetric,20
shuttle,asymmetric_20,1,GCE_XGB,0.8528628659266883,asymmetric,20
shuttle,asymmetric_20,2,GCE_XGB,0.8172778461877463,asymmetric,20
shuttle,asymmetric_20,3,GCE_XGB,0.8666666409931866,asymmetric,20
shuttle,asymmetric_20,4,GCE_XGB,0.8165104822424651,asymmetric,20
shuttle,asymmetric_30,0,GCE_XGB,0.7783397821462987,asymmetric,30
shuttle,asymmetric_30,1,GCE_XGB,0.8226929787523287,asymmetric,30
shuttle,asymmetric_30,2,GCE_XGB,0.7854449211488197,asymmetric,30
shuttle,asymmetric_30,3,GCE_XGB,0.8077567153891706,asymmetric,30
shuttle,asymmetric_30,4,GCE_XGB,0.7721173129515617,asymmetric,30
shuttle,asymmetric_40,0,GCE_XGB,0.7046307456797318,asymmetric,40
shuttle,asymmetric_40,1,GCE_XGB,0.7366052153217808,asymmetric,40
shuttle,asymmetric_40,2,GCE_XGB,0.6777361219372795,asymmetric,40
shuttle,asymmetric_40,3,GCE_XGB,0.7231496591114372,asymmetric,40
shuttle,asymmetric_40,4,GCE_XGB,0.7133350938113576,asymmetric,40
shuttle,clean_0,0,GCE_XGB,0.9093271423217438,clean,0
shuttle,clean_0,1,GCE_XGB,0.903257450880386,clean,0
shuttle,clean_0,2,GCE_XGB,0.8580251499535474,clean,0
shuttle,clean_0,3,GCE_XGB,0.8740130644644648,clean,0
shuttle,clean_0,4,GCE_XGB,0.9024666249932336,clean,0
shuttle,pairflip_40,0,GCE_XGB,0.710389916279529,pairflip,40
shuttle,pairflip_40,1,GCE_XGB,0.7324768552018815,pairflip,40
shuttle,pairflip_40,2,GCE_XGB,0.6838283119220482,pairflip,40
shuttle,pairflip_40,3,GCE_XGB,0.7349341067179398,pairflip,40
shuttle,pairflip_40,4,GCE_XGB,0.7247197630364981,pairflip,40
shuttle,symmetric_10,0,GCE_XGB,0.9090031069047368,symmetric,10
shuttle,symmetric_10,1,GCE_XGB,0.9161043711827728,symmetric,10
shuttle,symmetric_10,2,GCE_XGB,0.8744647057623606,symmetric,10
shuttle,symmetric_10,3,GCE_XGB,0.8837371824466166,symmetric,10
shuttle,symmetric_10,4,GCE_XGB,0.896240982681433,symmetric,10
shuttle,symmetric_20,0,GCE_XGB,0.862775848209893,symmetric,20
shuttle,symmetric_20,1,GCE_XGB,0.90197957092273,symmetric,20
shuttle,symmetric_20,2,GCE_XGB,0.8733800284746832,symmetric,20
shuttle,symmetric_20,3,GCE_XGB,0.9158678043846664,symmetric,20
shuttle,symmetric_20,4,GCE_XGB,0.8887877412369213,symmetric,20
shuttle,symmetric_30,0,GCE_XGB,0.8490129714570612,symmetric,30
shuttle,symmetric_30,1,GCE_XGB,0.886295683716363,symmetric,30
shuttle,symmetric_30,2,GCE_XGB,0.8449831649831651,symmetric,30
shuttle,symmetric_30,3,GCE_XGB,0.8639726238399923,symmetric,30
shuttle,symmetric_30,4,GCE_XGB,0.8921634790136459,symmetric,30
shuttle,symmetric_40,0,GCE_XGB,0.8053501947314384,symmetric,40
shuttle,symmetric_40,1,GCE_XGB,0.8135782443647345,symmetric,40
shuttle,symmetric_40,2,GCE_XGB,0.7435979544333747,symmetric,40
shuttle,symmetric_40,3,GCE_XGB,0.7804532343133397,symmetric,40
shuttle,symmetric_40,4,GCE_XGB,0.7894049344190583,symmetric,40
har,asymmetric_10,0,GCE_XGB,0.9802093216580966,asymmetric,10
har,asymmetric_10,1,GCE_XGB,0.9833306371745584,asymmetric,10
har,asymmetric_10,2,GCE_XGB,0.9704305788267434,asymmetric,10
har,asymmetric_10,3,GCE_XGB,0.9783633029084668,asymmetric,10
har,asymmetric_10,4,GCE_XGB,0.9781867978291706,asymmetric,10
har,asymmetric_20,0,GCE_XGB,0.9560961245694992,asymmetric,20
har,asymmetric_20,1,GCE_XGB,0.957174964367962,asymmetric,20
har,asymmetric_20,2,GCE_XGB,0.9482908826842577,asymmetric,20
har,asymmetric_20,3,GCE_XGB,0.954168863872676,asymmetric,20
har,asymmetric_20,4,GCE_XGB,0.9522953601139742,asymmetric,20
har,asymmetric_30,0,GCE_XGB,0.8944942214638099,asymmetric,30
har,asymmetric_30,1,GCE_XGB,0.8878752204940152,asymmetric,30
har,asymmetric_30,2,GCE_XGB,0.8655555032491266,asymmetric,30
har,asymmetric_30,3,GCE_XGB,0.9098739362886,asymmetric,30
har,asymmetric_30,4,GCE_XGB,0.8797505679115444,asymmetric,30
har,asymmetric_40,0,GCE_XGB,0.7724055202891876,asymmetric,40
har,asymmetric_40,1,GCE_XGB,0.70164566497755,asymmetric,40
har,asymmetric_40,2,GCE_XGB,0.7324555763706081,asymmetric,40
har,asymmetric_40,3,GCE_XGB,0.7205953697763642,asymmetric,40
har,asymmetric_40,4,GCE_XGB,0.7298377308922959,asymmetric,40
har,clean_0,0,GCE_XGB,0.9900421858247308,clean,0
har,clean_0,1,GCE_XGB,0.992956125056173,clean,0
har,clean_0,2,GCE_XGB,0.9847152981835308,clean,0
har,clean_0,3,GCE_XGB,0.9841944027167956,clean,0
har,clean_0,4,GCE_XGB,0.9863883837090344,clean,0
har,pairflip_40,0,GCE_XGB,0.8140876314456792,pairflip,40
har,pairflip_40,1,GCE_XGB,0.8068706966761713,pairflip,40
har,pairflip_40,2,GCE_XGB,0.8208489333429543,pairflip,40
har,pairflip_40,3,GCE_XGB,0.8040945558725504,pairflip,40
har,pairflip_40,4,GCE_XGB,0.8082768618078652,pairflip,40
har,symmetric_10,0,GCE_XGB,0.9828022259125316,symmetric,10
har,symmetric_10,1,GCE_XGB,0.9836314143796264,symmetric,10
har,symmetric_10,2,GCE_XGB,0.9734350632632814,symmetric,10
har,symmetric_10,3,GCE_XGB,0.9797787822634006,symmetric,10
har,symmetric_10,4,GCE_XGB,0.9822972441575092,symmetric,10
har,symmetric_20,0,GCE_XGB,0.9735623820420392,symmetric,20
har,symmetric_20,1,GCE_XGB,0.9835246743373766,symmetric,20
har,symmetric_20,2,GCE_XGB,0.9769203660382708,symmetric,20
har,symmetric_20,3,GCE_XGB,0.9758898099111624,symmetric,20
har,symmetric_20,4,GCE_XGB,0.9771367942613216,symmetric,20
har,symmetric_30,0,GCE_XGB,0.9609170100250498,symmetric,30
har,symmetric_30,1,GCE_XGB,0.9618809732685946,symmetric,30
har,symmetric_30,2,GCE_XGB,0.9595847713805712,symmetric,30
har,symmetric_30,3,GCE_XGB,0.968513917918112,symmetric,30
har,symmetric_30,4,GCE_XGB,0.9605371783165234,symmetric,30
har,symmetric_40,0,GCE_XGB,0.9446222658705198,symmetric,40
har,symmetric_40,1,GCE_XGB,0.9450289877508948,symmetric,40
har,symmetric_40,2,GCE_XGB,0.9373413030836356,symmetric,40
har,symmetric_40,3,GCE_XGB,0.929766099021018,symmetric,40
har,symmetric_40,4,GCE_XGB,0.9307921955169368,symmetric,40
isolet,asymmetric_10,0,GCE_XGB,0.9295402217226028,asymmetric,10
isolet,asymmetric_10,1,GCE_XGB,0.9314286347200604,asymmetric,10
isolet,asymmetric_10,2,GCE_XGB,0.9279295610653832,asymmetric,10
isolet,asymmetric_10,3,GCE_XGB,0.946567739649616,asymmetric,10
isolet,asymmetric_10,4,GCE_XGB,0.922860499841666,asymmetric,10
isolet,asymmetric_20,0,GCE_XGB,0.8882942673211344,asymmetric,20
isolet,asymmetric_20,1,GCE_XGB,0.908143579749592,asymmetric,20
isolet,asymmetric_20,2,GCE_XGB,0.9053812514017948,asymmetric,20
isolet,asymmetric_20,3,GCE_XGB,0.9084426258928572,asymmetric,20
isolet,asymmetric_20,4,GCE_XGB,0.906132449286877,asymmetric,20
isolet,asymmetric_30,0,GCE_XGB,0.8164092995154758,asymmetric,30
isolet,asymmetric_30,1,GCE_XGB,0.8287427396752446,asymmetric,30
isolet,asymmetric_30,2,GCE_XGB,0.8200353453843306,asymmetric,30
isolet,asymmetric_30,3,GCE_XGB,0.8316895709855859,asymmetric,30
isolet,asymmetric_30,4,GCE_XGB,0.8200204514311391,asymmetric,30
isolet,asymmetric_40,0,GCE_XGB,0.6890845137833264,asymmetric,40
isolet,asymmetric_40,1,GCE_XGB,0.6536276328488511,asymmetric,40
isolet,asymmetric_40,2,GCE_XGB,0.691241651255661,asymmetric,40
isolet,asymmetric_40,3,GCE_XGB,0.6554983375279566,asymmetric,40
isolet,asymmetric_40,4,GCE_XGB,0.6541538514908167,asymmetric,40
isolet,clean_0,0,GCE_XGB,0.933967218532006,clean,0
isolet,clean_0,1,GCE_XGB,0.9392638863097088,clean,0
isolet,clean_0,2,GCE_XGB,0.9367550507437178,clean,0
isolet,clean_0,3,GCE_XGB,0.9624274063694844,clean,0
isolet,clean_0,4,GCE_XGB,0.9475235012435488,clean,0
isolet,pairflip_40,0,GCE_XGB,0.8538573284013702,pairflip,40
isolet,pairflip_40,1,GCE_XGB,0.8722184733169048,pairflip,40
isolet,pairflip_40,2,GCE_XGB,0.8940180940051796,pairflip,40
isolet,pairflip_40,3,GCE_XGB,0.8769447518533996,pairflip,40
isolet,pairflip_40,4,GCE_XGB,0.8725554015005496,pairflip,40
isolet,symmetric_10,0,GCE_XGB,0.9328768839141708,symmetric,10
isolet,symmetric_10,1,GCE_XGB,0.9347093676303864,symmetric,10
isolet,symmetric_10,2,GCE_XGB,0.926049800162862,symmetric,10
isolet,symmetric_10,3,GCE_XGB,0.9550778066019984,symmetric,10
isolet,symmetric_10,4,GCE_XGB,0.9432483783497664,symmetric,10
isolet,symmetric_20,0,GCE_XGB,0.9199917473047096,symmetric,20
isolet,symmetric_20,1,GCE_XGB,0.9250359914315568,symmetric,20
isolet,symmetric_20,2,GCE_XGB,0.926511954617846,symmetric,20
isolet,symmetric_20,3,GCE_XGB,0.9432821550377528,symmetric,20
isolet,symmetric_20,4,GCE_XGB,0.92259169717282,symmetric,20
isolet,symmetric_30,0,GCE_XGB,0.8955555758028153,symmetric,30
isolet,symmetric_30,1,GCE_XGB,0.9108770204906308,symmetric,30
isolet,symmetric_30,2,GCE_XGB,0.9019383069634164,symmetric,30
isolet,symmetric_30,3,GCE_XGB,0.916515316925852,symmetric,30
isolet,symmetric_30,4,GCE_XGB,0.91071286119198,symmetric,30
isolet,symmetric_40,0,GCE_XGB,0.8617643465159769,symmetric,40
isolet,symmetric_40,1,GCE_XGB,0.8792486417906584,symmetric,40
isolet,symmetric_40,2,GCE_XGB,0.8995977108234583,symmetric,40
isolet,symmetric_40,3,GCE_XGB,0.917570192356326,symmetric,40
isolet,symmetric_40,4,GCE_XGB,0.8976546743781673,symmetric,40
fmnist,asymmetric_10,0,GCE_XGB,0.8940313961352763,asymmetric,10
fmnist,asymmetric_10,1,GCE_XGB,0.8889203181876908,asymmetric,10
fmnist,asymmetric_10,2,GCE_XGB,0.8874915445520088,asymmetric,10
fmnist,asymmetric_10,3,GCE_XGB,0.8877120559566262,asymmetric,10
fmnist,asymmetric_10,4,GCE_XGB,0.894401098638326,asymmetric,10
fmnist,asymmetric_20,0,GCE_XGB,0.882095505795634,asymmetric,20
fmnist,asymmetric_20,1,GCE_XGB,0.8789920644303881,asymmetric,20
fmnist,asymmetric_20,2,GCE_XGB,0.880402478080318,asymmetric,20
fmnist,asymmetric_20,3,GCE_XGB,0.8780692033702067,asymmetric,20
fmnist,asymmetric_20,4,GCE_XGB,0.884006271465567,asymmetric,20
fmnist,asymmetric_30,0,GCE_XGB,0.8456553245449945,asymmetric,30
fmnist,asymmetric_30,1,GCE_XGB,0.8399253796014345,asymmetric,30
fmnist,asymmetric_30,2,GCE_XGB,0.8326989015550919,asymmetric,30
fmnist,asymmetric_30,3,GCE_XGB,0.8397931554544721,asymmetric,30
fmnist,asymmetric_30,4,GCE_XGB,0.8458678284433058,asymmetric,30
fmnist,asymmetric_40,0,GCE_XGB,0.7064549452865001,asymmetric,40
fmnist,asymmetric_40,1,GCE_XGB,0.6967527996505838,asymmetric,40
fmnist,asymmetric_40,2,GCE_XGB,0.7080985698666465,asymmetric,40
fmnist,asymmetric_40,3,GCE_XGB,0.7058603956459528,asymmetric,40
fmnist,asymmetric_40,4,GCE_XGB,0.7094295650469937,asymmetric,40
fmnist,clean_0,0,GCE_XGB,0.8983716355695849,clean,0
fmnist,clean_0,1,GCE_XGB,0.8936265431889681,clean,0
fmnist,clean_0,2,GCE_XGB,0.8962501469411631,clean,0
fmnist,clean_0,3,GCE_XGB,0.8906553282928202,clean,0
fmnist,clean_0,4,GCE_XGB,0.8998660269028681,clean,0
fmnist,pairflip_40,0,GCE_XGB,0.7843193637161625,pairflip,40
fmnist,pairflip_40,1,GCE_XGB,0.7681141082778593,pairflip,40
fmnist,pairflip_40,2,GCE_XGB,0.787638561880602,pairflip,40
fmnist,pairflip_40,3,GCE_XGB,0.7867435555421148,pairflip,40
fmnist,pairflip_40,4,GCE_XGB,0.7825950693360625,pairflip,40
fmnist,symmetric_10,0,GCE_XGB,0.894549677726781,symmetric,10
fmnist,symmetric_10,1,GCE_XGB,0.8903826261082471,symmetric,10
fmnist,symmetric_10,2,GCE_XGB,0.8886857010567228,symmetric,10
fmnist,symmetric_10,3,GCE_XGB,0.8902372174686833,symmetric,10
fmnist,symmetric_10,4,GCE_XGB,0.8954660294483162,symmetric,10
fmnist,symmetric_20,0,GCE_XGB,0.8872093864813996,symmetric,20
fmnist,symmetric_20,1,GCE_XGB,0.8852841842440851,symmetric,20
fmnist,symmetric_20,2,GCE_XGB,0.8839300348329703,symmetric,20
fmnist,symmetric_20,3,GCE_XGB,0.8810448804724352,symmetric,20
fmnist,symmetric_20,4,GCE_XGB,0.8904818063509051,symmetric,20
fmnist,symmetric_30,0,GCE_XGB,0.8820780113407455,symmetric,30
fmnist,symmetric_30,1,GCE_XGB,0.8744148360609223,symmetric,30
fmnist,symmetric_30,2,GCE_XGB,0.8724986664685657,symmetric,30
fmnist,symmetric_30,3,GCE_XGB,0.8745794913423287,symmetric,30
fmnist,symmetric_30,4,GCE_XGB,0.8787115129931058,symmetric,30
fmnist,symmetric_40,0,GCE_XGB,0.8651687711475077,symmetric,40
fmnist,symmetric_40,1,GCE_XGB,0.8554752713749181,symmetric,40
fmnist,symmetric_40,2,GCE_XGB,0.8592378490163668,symmetric,40
fmnist,symmetric_40,3,GCE_XGB,0.8586436629797675,symmetric,40
fmnist,symmetric_40,4,GCE_XGB,0.8624540601778576,symmetric,40
cifar10,asymmetric_10,0,GCE_XGB,0.8579621032293148,asymmetric,10
cifar10,asymmetric_10,1,GCE_XGB,0.872153398810925,asymmetric,10
cifar10,asymmetric_10,2,GCE_XGB,0.8656214171618466,asymmetric,10
cifar10,asymmetric_10,3,GCE_XGB,0.8770996946105637,asymmetric,10
cifar10,asymmetric_10,4,GCE_XGB,0.8590171781814944,asymmetric,10
cifar10,asymmetric_20,0,GCE_XGB,0.8401648437597917,asymmetric,20
cifar10,asymmetric_20,1,GCE_XGB,0.8590327802338512,asymmetric,20
cifar10,asymmetric_20,2,GCE_XGB,0.8498431242775439,asymmetric,20
cifar10,asymmetric_20,3,GCE_XGB,0.8557260837212708,asymmetric,20
cifar10,asymmetric_20,4,GCE_XGB,0.843464931375814,asymmetric,20
cifar10,asymmetric_30,0,GCE_XGB,0.7929527042041542,asymmetric,30
cifar10,asymmetric_30,1,GCE_XGB,0.8074201251021081,asymmetric,30
cifar10,asymmetric_30,2,GCE_XGB,0.7954659529267664,asymmetric,30
cifar10,asymmetric_30,3,GCE_XGB,0.8083604306943982,asymmetric,30
cifar10,asymmetric_30,4,GCE_XGB,0.7973683716864997,asymmetric,30
cifar10,asymmetric_40,0,GCE_XGB,0.66461117820698,asymmetric,40
cifar10,asymmetric_40,1,GCE_XGB,0.6836928471194842,asymmetric,40
cifar10,asymmetric_40,2,GCE_XGB,0.6648631342568009,asymmetric,40
cifar10,asymmetric_40,3,GCE_XGB,0.6769154476974639,asymmetric,40
cifar10,asymmetric_40,4,GCE_XGB,0.6750255965376964,asymmetric,40
cifar10,c10n_aggre_0,0,GCE_XGB,0.8639453296233907,c10n_aggre,0
cifar10,c10n_aggre_0,1,GCE_XGB,0.8670973262579341,c10n_aggre,0
cifar10,c10n_aggre_0,2,GCE_XGB,0.8639122670436216,c10n_aggre,0
cifar10,c10n_aggre_0,3,GCE_XGB,0.8764611045946913,c10n_aggre,0
cifar10,c10n_aggre_0,4,GCE_XGB,0.8601539410708183,c10n_aggre,0
cifar10,c10n_random1_0,0,GCE_XGB,0.8528262144869176,c10n_random1,0
cifar10,c10n_random1_0,1,GCE_XGB,0.8516406239781256,c10n_random1,0
cifar10,c10n_random1_0,2,GCE_XGB,0.8527882122911221,c10n_random1,0
cifar10,c10n_random1_0,3,GCE_XGB,0.8631624204533569,c10n_random1,0
cifar10,c10n_random1_0,4,GCE_XGB,0.8517496579813179,c10n_random1,0
cifar10,c10n_worse_0,0,GCE_XGB,0.7812227052488185,c10n_worse,0
cifar10,c10n_worse_0,1,GCE_XGB,0.7931440129015029,c10n_worse,0
cifar10,c10n_worse_0,2,GCE_XGB,0.7926665547738093,c10n_worse,0
cifar10,c10n_worse_0,3,GCE_XGB,0.8016824066361716,c10n_worse,0
cifar10,c10n_worse_0,4,GCE_XGB,0.7878883010605204,c10n_worse,0
cifar10,clean_0,0,GCE_XGB,0.8730974505503065,clean,0
cifar10,clean_0,1,GCE_XGB,0.8785955589737098,clean,0
cifar10,clean_0,2,GCE_XGB,0.8784641417149697,clean,0
cifar10,clean_0,3,GCE_XGB,0.8821341055080858,clean,0
cifar10,clean_0,4,GCE_XGB,0.8688815507111322,clean,0
cifar10,pairflip_40,0,GCE_XGB,0.7486878201402073,pairflip,40
cifar10,pairflip_40,1,GCE_XGB,0.7508933494008885,pairflip,40
cifar10,pairflip_40,2,GCE_XGB,0.7561720215511756,pairflip,40
cifar10,pairflip_40,3,GCE_XGB,0.7615965003164437,pairflip,40
cifar10,pairflip_40,4,GCE_XGB,0.7583120644814717,pairflip,40
cifar10,symmetric_10,0,GCE_XGB,0.8623654069452783,symmetric,10
cifar10,symmetric_10,1,GCE_XGB,0.8727701428487498,symmetric,10
cifar10,symmetric_10,2,GCE_XGB,0.8662448074566305,symmetric,10
cifar10,symmetric_10,3,GCE_XGB,0.8785972209366172,symmetric,10
cifar10,symmetric_10,4,GCE_XGB,0.864598634629403,symmetric,10
cifar10,symmetric_20,0,GCE_XGB,0.8484538922488764,symmetric,20
cifar10,symmetric_20,1,GCE_XGB,0.8584685824509369,symmetric,20
cifar10,symmetric_20,2,GCE_XGB,0.8555659450033589,symmetric,20
cifar10,symmetric_20,3,GCE_XGB,0.8649477360890389,symmetric,20
cifar10,symmetric_20,4,GCE_XGB,0.8507536245695974,symmetric,20
cifar10,symmetric_30,0,GCE_XGB,0.8417509355312397,symmetric,30
cifar10,symmetric_30,1,GCE_XGB,0.8471090918789799,symmetric,30
cifar10,symmetric_30,2,GCE_XGB,0.8373413960465552,symmetric,30
cifar10,symmetric_30,3,GCE_XGB,0.8512886655244862,symmetric,30
cifar10,symmetric_30,4,GCE_XGB,0.8377103292860204,symmetric,30
cifar10,symmetric_40,0,GCE_XGB,0.8202927015273478,symmetric,40
cifar10,symmetric_40,1,GCE_XGB,0.82122163835018,symmetric,40
cifar10,symmetric_40,2,GCE_XGB,0.8302502917076608,symmetric,40
cifar10,symmetric_40,3,GCE_XGB,0.8280514287402367,symmetric,40
cifar10,symmetric_40,4,GCE_XGB,0.8128587014028895,symmetric,40
