dataset,condition,noise_type,fold,actual_noise_pct,f1_RF,acc_RF,f1_XGB,acc_XGB,f1_ET,acc_ET,f1_Voting,acc_Voting,f1_PlainStack,acc_PlainStack,f1_DAS,acc_DAS,mean_pairwise_kappa,f1_best_single,stack_gap_vs_best,das_delta
drybean,asymmetric_10,asymmetric,0,10.257195345988977,0.9283742782196238,0.9167686658506732,0.9264243040098002,0.9179926560587516,0.923401003904374,0.9112607099143207,0.9297434160105039,0.9186046511627907,0.9222600828997649,0.9118727050183598,0.9236453352006256,0.9149326805385557,0.952155347485789,0.9283742782196238,-0.006114195319858906,0.0013852523008607287
drybean,asymmetric_10,asymmetric,1,11.143425684983928,0.9274967194248955,0.9197795468462951,0.932993085360774,0.9252908756889161,0.9235694055339826,0.9154929577464789,0.9323565027713211,0.9246785058175138,0.9298131900200766,0.9197795468462951,0.931305168518312,0.9216166564605022,0.9614712006335141,0.932993085360774,-0.003179895340697403,0.0014919784982354578
drybean,asymmetric_10,asymmetric,2,9.918873411908772,0.9326184638778426,0.9203919167176975,0.9332386381633189,0.9179424372320881,0.9238062604169109,0.9130434782608695,0.9320322034056473,0.9173300673606859,0.9340155829160259,0.9197795468462951,0.9347581955215799,0.9197795468462951,0.9604736725321835,0.9332386381633189,0.000776944752707065,0.0007426126055539717
drybean,asymmetric_10,asymmetric,3,9.90356650849533,0.9283070264956031,0.9154929577464789,0.9314232520545297,0.9167176974892836,0.9233295814042112,0.9112063686466626,0.9334564466283538,0.9185548071034905,0.9303810772756022,0.9161053276178812,0.9286675342675049,0.9167176974892836,0.9636475080473511,0.9314232520545297,-0.0010421747789275404,-0.0017135430080972291
drybean,asymmetric_10,asymmetric,4,10.117863156283484,0.933339344358861,0.9240661359461114,0.9320409987343704,0.9228413962033069,0.9269934654887232,0.9167176974892836,0.9356800687495379,0.9265156154317208,0.9293452231829169,0.9203919167176975,0.9328139590588636,0.9240661359461114,0.9636934772880158,0.933339344358861,-0.00399412117594411,0.003468735875946649
drybean,asymmetric_20,asymmetric,0,20.9736680955297,0.9150510984418021,0.9057527539779682,0.8874635868792268,0.8867809057527539,0.9004273355892608,0.8953488372093024,0.9127806832492725,0.9063647490820074,0.9005325973776203,0.8929008567931457,0.8956068384553918,0.8953488372093024,0.9160112607255316,0.9150510984418021,-0.014518501064181843,-0.0049257589222284626
drybean,asymmetric_20,asymmetric,1,19.54691565896219,0.9172181643632794,0.9112063686466626,0.8994080820952053,0.8983466013472137,0.8915746337207971,0.8909981628903858,0.9170105189459855,0.9124311083894673,0.9010740368222637,0.8952847519902021,0.9093514419664226,0.904470300061237,0.93168492867611,0.9172181643632794,-0.016144127541015685,0.008277405144158867
drybean,asymmetric_20,asymmetric,2,19.684677789683146,0.9167622817461754,0.9056950398040416,0.9099381919722217,0.900796080832823,0.9021706902808153,0.8909981628903858,0.9271671231731672,0.9154929577464789,0.9107196492399182,0.8977342314758114,0.9129340784148511,0.90263319044703,0.9385695808926573,0.9167622817461754,-0.0060426325062571395,0.0022144291749328637
drybean,asymmetric_20,asymmetric,3,20.021429664778815,0.8961163906527065,0.893447642375995,0.8774115337261066,0.8775260257195346,0.8928872985993754,0.8928352725045928,0.9050043837273222,0.9001837109614207,0.8908471100078215,0.8854868340477648,0.8939911387092057,0.8909981628903858,0.9245960555404004,0.8961163906527065,-0.005269280644885077,0.003144028701384194
drybean,asymmetric_20,asymmetric,4,19.118322363385886,0.9225407829743479,0.9124311083894673,0.9001926116574498,0.8977342314758114,0.8997952224662862,0.893447642375995,0.920581830936741,0.9142682180036742,0.9027693570270446,0.893447642375995,0.9067263466927222,0.8983466013472137,0.9290572172495146,0.9225407829743479,-0.0197714259473033,0.0039569896656775905
drybean,asymmetric_30,asymmetric,0,29.562155541947337,0.8344226172288819,0.8378212974296205,0.799591337070454,0.8194614443084456,0.8203925955617352,0.824969400244798,0.8364270706250337,0.8408812729498164,0.8429746498313363,0.8512851897184822,0.8436158754802092,0.8555691554467564,0.8528829379153381,0.8344226172288819,0.008552032602454407,0.0006412256488729229
drybean,asymmetric_30,asymmetric,1,29.542323587938156,0.8597765382471768,0.8585425597060624,0.8288792805541233,0.8315982853643601,0.8293121737071107,0.838946723821188,0.8538927923435379,0.8542559706062461,0.8696094127181688,0.8677281077770974,0.8659009862482344,0.8646662584200857,0.8652502078473291,0.8597765382471768,0.009832874470992015,-0.0037084264699344116
drybean,asymmetric_30,asymmetric,2,29.710699525485996,0.8494791404194026,0.8493570116350275,0.8001586986624675,0.8028169014084507,0.8166054089863037,0.8273116962645438,0.8512590651473504,0.848132271892223,0.8552712069525057,0.8573178199632578,0.8555413842469523,0.8603796693202694,0.8548915730212084,0.8494791404194026,0.005792066533103046,0.0002701772944465608
drybean,asymmetric_30,asymmetric,3,29.32802694015001,0.8378398535376567,0.8401714635639926,0.807748290799535,0.8120024494794856,0.8090518938689353,0.8162890385793019,0.8375487063752669,0.8413962033067973,0.8236679992004513,0.8322106552357624,0.8346233795138517,0.8462951622780159,0.8711222331046612,0.8378398535376567,-0.014171854337205358,0.010955380313400376
drybean,asymmetric_30,asymmetric,4,30.506658502984845,0.8408998647699883,0.8401714635639926,0.8134288194567413,0.8144519289650949,0.8136520384098568,0.8193508879363135,0.8418614875542536,0.8401714635639926,0.8283182572650322,0.8322106552357624,0.83059516745093,0.8450704225352113,0.8607530170275854,0.8408998647699883,-0.012581607504956183,0.002276910185897818
drybean,asymmetric_40,asymmetric,0,39.57440293937538,0.7113745526522364,0.7227662178702571,0.6663218983586928,0.6768665850673194,0.700077375675048,0.7141982864137086,0.7167114192813827,0.7233782129742962,0.7970221156570656,0.799265605875153,0.7698421468614917,0.7833537331701347,0.7653896241552491,0.7113745526522364,0.08564756300482923,-0.02717996879557394
drybean,asymmetric_40,asymmetric,1,40.28776978417266,0.6525490546776443,0.676056338028169,0.6380586573424745,0.6631965707287202,0.6342479018282734,0.6601347213717085,0.6653025881721598,0.6901408450704225,0.7505953461758669,0.7844458052663809,0.7518335142383802,0.7868952847519902,0.7580649156391175,0.6525490546776443,0.09804629149822253,0.0012381680625133118
drybean,asymmetric_40,asymmetric,2,39.55303842032757,0.7072176471296086,0.7164727495407226,0.6969763254945978,0.6999387630128597,0.65405867328645,0.6785058175137784,0.7144514600857211,0.7232088181261482,0.7573585812921515,0.7789344764237599,0.7533745467276833,0.777097366809553,0.7688959813002351,0.7072176471296086,0.05014093416254295,-0.003984034564468164
drybean,asymmetric_40,asymmetric,3,40.31838359099954,0.6760423007995872,0.6968769136558481,0.6501074567001013,0.6699326393141457,0.651641953890019,0.6723821187997551,0.6787232869675058,0.6962645437844458,0.7617263779133842,0.782608695652174,0.741299260242048,0.769748928352725,0.7784724787717917,0.6760423007995872,0.085684077113797,-0.020427117671336203
drybean,asymmetric_40,asymmetric,4,40.303076687586106,0.6992551579004734,0.7109614206981016,0.6798968256177187,0.6870789957134109,0.6625752709898781,0.6821800367421923,0.6937262329724818,0.7066748315982854,0.7937942656915224,0.8156766687078996,0.7904635424720056,0.8077158603796694,0.752488020794734,0.6992551579004734,0.09453910779104902,-0.0033307232195168845
drybean,clean_0,clean,0,0.0,0.931704388251975,0.9198286413708691,0.9435978481665622,0.9320685434516524,0.927068798847874,0.9155446756425949,0.9410341738673507,0.9296205630354957,0.9401913842335359,0.9277845777233782,0.9373197361322826,0.9241126070991432,0.9568606966230115,0.9435978481665622,-0.003406463933026349,-0.002871648101253288
drybean,clean_0,clean,1,0.0,0.9350232076136491,0.9265156154317208,0.941204556902564,0.9320269442743417,0.9269935386168309,0.9179424372320881,0.9404240622892421,0.9308022045315371,0.9406123281411803,0.9301898346601347,0.9382158903413597,0.9283527250459277,0.966430016018129,0.941204556902564,-0.0005922287613836508,-0.002396437799820683
drybean,clean_0,clean,2,0.0,0.9281838355828681,0.9154929577464789,0.9365374063243657,0.9222290263319045,0.9225288434561828,0.9112063686466626,0.9354482906783975,0.9216166564605022,0.9372850920314191,0.9222290263319045,0.9351876613637901,0.9210042865890998,0.9587113905914896,0.9365374063243657,0.0007476857070534138,-0.002097430667629019
drybean,clean_0,clean,3,0.0,0.9311646682608575,0.9191671769748928,0.9331300031105865,0.9173300673606859,0.9248032181946911,0.9124311083894673,0.9314950537172244,0.9173300673606859,0.9303394901431002,0.9154929577464789,0.9337315928816432,0.9210042865890998,0.9656259449804575,0.9331300031105865,-0.002790512967486225,0.003392102738542957
drybean,clean_0,clean,4,0.0,0.9401223284598788,0.9283527250459277,0.9447600661622183,0.9326393141457441,0.9313840694015498,0.9179424372320881,0.9430865621913554,0.9314145744029394,0.9431683578972354,0.9320269442743417,0.9429005472144157,0.9314145744029394,0.9654130160844353,0.9447600661622183,-0.001591708264982894,-0.00026781068281966913
drybean,pairflip_40,pairflip,0,26.454378444580527,0.8131293245250538,0.7906976744186046,0.8210566653477607,0.799265605875153,0.8020458059345813,0.7772337821297429,0.8175732769668352,0.7974296205630355,0.8199813317386734,0.8023255813953488,0.8207054797982164,0.8011015911872705,0.852417658866394,0.8210566653477607,-0.0010753336090872923,0.0007241480595430172
drybean,pairflip_40,pairflip,1,27.031991428134088,0.8121062843003906,0.7789344764237599,0.7945122707981227,0.7642375995101041,0.7914316934865055,0.7587262706674831,0.8070477890077209,0.7740355174525413,0.8104433320849396,0.7905695039804042,0.8127449444764608,0.7924066135946112,0.8435877226464665,0.8121062843003906,-0.0016629522154509857,0.0023016123915212683
drybean,pairflip_40,pairflip,2,26.251339354048675,0.8147180259933872,0.7875076546233926,0.8112335343476417,0.7807715860379669,0.7982904370588644,0.7728107777097367,0.8150121516822966,0.7887323943661971,0.7982306059438324,0.7862829148805879,0.8058941839523761,0.7979179424372321,0.8461817514222587,0.8147180259933872,-0.016487420049554724,0.00766357800854367
drybean,pairflip_40,pairflip,3,27.093219041787847,0.8178092910669299,0.7868952847519902,0.788578586364092,0.7605633802816901,0.8100048823748253,0.7801592161665646,0.8137913797054621,0.7881200244947949,0.767634147075704,0.7654623392529087,0.760848482738926,0.7654623392529087,0.8575326990625597,0.8178092910669299,-0.05017514399122591,-0.0067856643367779634
drybean,pairflip_40,pairflip,4,26.618705035971225,0.8122311989758116,0.7850581751377832,0.8010163936684181,0.7672994488671158,0.8059720902715606,0.7813839559093693,0.8157223948374911,0.7887323943661971,0.8163470934462629,0.8040416411512553,0.8115571317999066,0.8022045315370484,0.8411395077052518,0.8122311989758116,0.004115894470451242,-0.0047899616463562555
drybean,symmetric_10,symmetric,0,10.257195345988977,0.9317728288131119,0.9210526315789473,0.9440118577355987,0.9320685434516524,0.9216125237893745,0.9112607099143207,0.9417282425052448,0.9296205630354957,0.941946692724476,0.9296205630354957,0.9417745784762904,0.9296205630354957,0.9492110178544525,0.9440118577355987,-0.0020651650111227493,-0.00017211424818552867
drybean,symmetric_10,symmetric,1,11.143425684983928,0.9354326350283877,0.9277403551745255,0.9377286113258348,0.9301898346601347,0.9245805375624948,0.9191671769748928,0.9383509906562135,0.9301898346601347,0.9403676380641984,0.9308022045315371,0.9398379848890613,0.9308022045315371,0.9619683778488475,0.9377286113258348,0.0026390267383635813,-0.0005296531751370903
drybean,symmetric_10,symmetric,2,9.918873411908772,0.9313646782700618,0.9185548071034905,0.9307411919662023,0.9179424372320881,0.9215838865129393,0.9112063686466626,0.9358218871868553,0.9203919167176975,0.9336187322728978,0.9191671769748928,0.9316177417537947,0.9167176974892836,0.957024650808285,0.9313646782700618,0.00225405400283607,-0.002000990519103074
drybean,symmetric_10,symmetric,3,9.90356650849533,0.924444664633645,0.9136558481322719,0.9305584450048847,0.9167176974892836,0.9213545907511891,0.9099816289038579,0.9309853532106586,0.9173300673606859,0.931118887168877,0.9161053276178812,0.9356530392504444,0.9228413962033069,0.963873387841088,0.9305584450048847,0.0005604421639923141,0.0045341520815673775
drybean,symmetric_10,symmetric,4,10.117863156283484,0.93866059107673,0.9265156154317208,0.938515202556224,0.9271279853031231,0.9284849445510382,0.9179424372320881,0.940335960566057,0.9277403551745255,0.9399158032673188,0.9271279853031231,0.9390982715800403,0.9259032455603184,0.9659007879961335,0.93866059107673,0.0012552121905887725,-0.0008175316872784943
drybean,symmetric_20,symmetric,0,20.9736680955297,0.9327765984594141,0.923500611995104,0.9320059545910618,0.9216646266829865,0.9292349844690205,0.9167686658506732,0.9361714631796353,0.9253365973072215,0.9403393281972579,0.9283965728274174,0.9416143661375047,0.9290085679314566,0.9530932558848967,0.9327765984594141,0.007562729737843776,0.0012750379402468592
drybean,symmetric_20,symmetric,1,19.54691565896219,0.933838194647897,0.9259032455603184,0.9358921804441049,0.9277403551745255,0.9186470852386774,0.9124311083894673,0.9344066936045264,0.9240661359461114,0.9382717977988217,0.9283527250459277,0.9341497472719772,0.9252908756889161,0.9587950796888632,0.9358921804441049,0.002379617354716812,-0.004122050526844556
drybean,symmetric_20,symmetric,2,19.684677789683146,0.9274607661721183,0.9154929577464789,0.9269973044932069,0.9154929577464789,0.9180176723160393,0.9093692590324556,0.929952161972056,0.9185548071034905,0.9313620307596463,0.9191671769748928,0.9346803053303475,0.9216166564605022,0.9560435988674004,0.9274607661721183,0.0039012645875280416,0.0033182745707012185
drybean,symmetric_20,symmetric,3,20.021429664778815,0.9239764937463594,0.9124311083894673,0.9252051343987199,0.9118187385180649,0.9159375019544943,0.9056950398040416,0.9234495709904319,0.9118187385180649,0.9263718473147468,0.9136558481322719,0.9282689041992328,0.9167176974892836,0.9594605535530479,0.9252051343987199,0.0011667129160268797,0.001897056884486048
drybean,symmetric_20,symmetric,4,19.118322363385886,0.9355492247789197,0.9240661359461114,0.9411452094889842,0.9314145744029394,0.9285607931557355,0.9179424372320881,0.9397241347999362,0.9277403551745255,0.9426364849464909,0.9314145744029394,0.9375179895321535,0.9271279853031231,0.9629435521407906,0.9411452094889842,0.0014912754575067133,-0.005118495414337398
drybean,symmetric_30,symmetric,0,29.562155541947337,0.9124895263817436,0.9075887392900857,0.9235543978172067,0.9173806609547124,0.9016957742843966,0.9008567931456548,0.9232754296699294,0.916156670746634,0.9255178253325634,0.9173806609547124,0.9261804890838519,0.916156670746634,0.9421410633290982,0.9235543978172067,0.0019634275153567193,0.0006626637512884281
drybean,symmetric_30,symmetric,1,29.542323587938156,0.9192961835950156,0.9124311083894673,0.9172734542572599,0.9124311083894673,0.9049526289256354,0.90263319044703,0.9263027310352631,0.9203919167176975,0.9240437336345667,0.9161053276178812,0.9226097906129483,0.9142682180036742,0.937839824565644,0.9192961835950156,0.004747550039551074,-0.0014339430216183668
drybean,symmetric_30,symmetric,2,29.710699525485996,0.9158300733113622,0.9038579301898346,0.919404041604359,0.9056950398040416,0.8926886919878011,0.8891610532761788,0.9205356172307526,0.9087568891610532,0.9207022965625037,0.9081445192896509,0.9267966884996576,0.9136558481322719,0.9467082166846087,0.919404041604359,0.001298254958144729,0.006094391937153887
drybean,symmetric_30,symmetric,3,29.32802694015001,0.9111698217882999,0.9014084507042254,0.9062428201671561,0.8946723821187997,0.9089767686430276,0.8983466013472137,0.9206427387448851,0.906307409675444,0.9192405775571876,0.9038579301898346,0.9140062024265655,0.898958971218616,0.9455821998014701,0.9111698217882999,0.008070755768887716,-0.005234375130622082
drybean,symmetric_30,symmetric,4,30.506658502984845,0.9235813870982879,0.9130434782608695,0.9249277978334695,0.9130434782608695,0.9082849536179963,0.90263319044703,0.9303759055451225,0.9161053276178812,0.9322730164568686,0.9173300673606859,0.9328367270248306,0.9191671769748928,0.9494523012458599,0.9249277978334695,0.007345218623399097,0.0005637105679620058
drybean,symmetric_40,symmetric,0,39.57440293937538,0.8925841345178949,0.8947368421052632,0.9010962854277679,0.8984088127294981,0.8753127165635134,0.8818849449204407,0.9019649890024191,0.9020807833537332,0.9080897168126653,0.9057527539779682,0.9072080060351418,0.905140758873929,0.9249990477758323,0.9010962854277679,0.006993431384897386,-0.0008817107775234145
drybean,symmetric_40,symmetric,1,40.28776978417266,0.9099884387126215,0.9118187385180649,0.9037893538652713,0.90263319044703,0.8723084824665431,0.8812002449479486,0.913587874668827,0.9118187385180649,0.9140079475470922,0.9112063686466626,0.912318540543753,0.9112063686466626,0.9130333672758244,0.9099884387126215,0.004019508834470775,-0.001689407003339194
drybean,symmetric_40,symmetric,2,39.55303842032757,0.8952423275399318,0.8952847519902021,0.895254206466023,0.8897734231475811,0.8686860613133213,0.8714023270055113,0.9073637397152403,0.9020208205756277,0.9127904043422153,0.9056950398040416,0.9142751920632877,0.9069197795468463,0.9145679550597045,0.895254206466023,0.017536197876192205,0.0014847877210724114
drybean,symmetric_40,symmetric,3,40.31838359099954,0.8988772630954784,0.8946723821187997,0.8936569636532766,0.8903857930189835,0.8784645566772389,0.8744641763625229,0.9137771858942465,0.9069197795468463,0.9105642156536504,0.9001837109614207,0.9051264706046075,0.8965094917330068,0.9109935379927193,0.8988772630954784,0.011686952558171981,-0.00543774504904293
drybean,symmetric_40,symmetric,4,40.303076687586106,0.9134534877205088,0.9069197795468463,0.9185068601102434,0.9081445192896509,0.8929987740884778,0.8916105327617881,0.9152146991117736,0.9081445192896509,0.924899681651138,0.9148805878750765,0.9240601927672302,0.9148805878750765,0.9278358002643813,0.9185068601102434,0.0063928215408946,-0.0008394888839078352
har,asymmetric_10,asymmetric,0,10.378312765527008,0.9748959295067702,0.9757281553398058,0.9788148838305245,0.9789644012944984,0.9788117621577057,0.9789644012944984,0.9824410209637628,0.982200647249191,0.9705796048941072,0.970873786407767,0.9810674517280714,0.9813915857605178,0.9717671982104426,0.9788148838305245,-0.00823527893641729,0.010487846833964198
har,asymmetric_10,asymmetric,1,10.843617236496055,0.9766751366361767,0.9765372168284789,0.9802434900817557,0.9797734627831716,0.9810519519489658,0.9805825242718447,0.9869850812264911,0.9862459546925566,0.9761704895519671,0.9757281553398058,0.9822884654943836,0.9813915857605178,0.9750169596839356,0.9810519519489658,-0.004881462396998715,0.006117975942416587
har,asymmetric_10,asymmetric,2,9.973700182075662,0.9586825033074614,0.9587378640776699,0.9713690978316333,0.9716828478964401,0.9660300466445061,0.9660194174757282,0.9730231954546614,0.9733009708737864,0.9681830757696382,0.9684466019417476,0.9704841095761153,0.970873786407767,0.9707935911677784,0.9713690978316333,-0.003186022061995031,0.0023010338064770597
har,asymmetric_10,asymmetric,3,10.074853327938499,0.9671140783206841,0.9676375404530745,0.9805281474039788,0.9805825242718447,0.9740566529625836,0.9741100323624595,0.9797024178731343,0.9797734627831716,0.9781437891870115,0.9781553398058253,0.9788107428828215,0.9789644012944984,0.9717802118448216,0.9805281474039788,-0.002384358216967253,0.0006669536958100464
har,asymmetric_10,asymmetric,4,10.436893203883495,0.9686109602167479,0.9700404858299595,0.9822127224947469,0.9821862348178138,0.9745376344873714,0.9748987854251012,0.983557988088422,0.9838056680161943,0.9787760815031613,0.9789473684210527,0.9788161008931523,0.9789473684210527,0.9756434315088526,0.9822127224947469,-0.0034366409915855822,4.00193899909862e-05
har,asymmetric_20,asymmetric,0,20.675703014363748,0.9634118703458224,0.9635922330097088,0.963652087162257,0.9627831715210357,0.9614581708405238,0.9611650485436893,0.969117883393423,0.9684466019417476,0.9579407443865414,0.9579288025889967,0.9645814969706477,0.9644012944983819,0.9558384415086089,0.963652087162257,-0.005711342775715611,0.006640752584106235
har,asymmetric_20,asymmetric,1,19.643940926562816,0.9693715044536212,0.9692556634304207,0.9470799884549715,0.9474110032362459,0.964296744327067,0.9635922330097088,0.9665033953985516,0.9660194174757282,0.9453420786819847,0.9457928802588996,0.9564418496711599,0.9571197411003236,0.9486686449974457,0.9693715044536212,-0.02402942577163647,0.01109977098917514
har,asymmetric_20,asymmetric,2,19.765324701598217,0.9544596632170492,0.9546925566343042,0.9501849014216971,0.9498381877022654,0.9596104025801319,0.959546925566343,0.9620126778402173,0.9619741100323624,0.9463845270861371,0.9466019417475728,0.9482273307397814,0.9474110032362459,0.9603770500746198,0.9596104025801319,-0.013225875493994788,0.0018428036536443093
har,asymmetric_20,asymmetric,3,20.149706655876997,0.9569887804396285,0.9579288025889967,0.9631228107798001,0.9635922330097088,0.9609547946683659,0.9611650485436893,0.966362375789655,0.9668284789644013,0.9526670498678266,0.9530744336569579,0.969486632438534,0.9692556634304207,0.9630073461066398,0.9631228107798001,-0.010455760911973533,0.01681958257070737
har,asymmetric_20,asymmetric,4,19.457928802589,0.9577896444668083,0.9587044534412955,0.9576219180827593,0.957085020242915,0.9602163072358416,0.9603238866396762,0.9670741887839297,0.9668016194331984,0.953395353916758,0.9530364372469635,0.9567287480007436,0.9562753036437247,0.9535371354037266,0.9602163072358416,-0.006820953319083611,0.003333394083985586
har,asymmetric_30,asymmetric,0,29.53671859194821,0.9330105080566264,0.9328478964401294,0.8991146093028624,0.8988673139158576,0.925608123082903,0.9255663430420712,0.9257192356459182,0.9255663430420712,0.9234079831693244,0.9231391585760518,0.9339502068180957,0.9352750809061489,0.9029974349439588,0.9330105080566264,-0.009602524887302066,0.010542223648771332
har,asymmetric_30,asymmetric,1,29.617641108638477,0.9304408466296331,0.93042071197411,0.8847906516528941,0.8859223300970874,0.9229778960339678,0.9231391585760518,0.920137030340744,0.9207119741100324,0.9153328561501706,0.9166666666666666,0.9314998864880794,0.9328478964401294,0.9031430489558798,0.9304408466296331,-0.01510799047946254,0.016167030337908783
har,asymmetric_30,asymmetric,2,29.880639287881856,0.9058733368811368,0.906957928802589,0.8566000992814695,0.8584142394822006,0.9026265011969258,0.9037216828478964,0.8940049919892488,0.8956310679611651,0.8996377271230395,0.901294498381877,0.9238585599376031,0.9247572815533981,0.8882362621785842,0.9058733368811368,-0.006235609758097338,0.024220832814563664
har,asymmetric_30,asymmetric,3,29.213028525187134,0.9331242269396927,0.9336569579288025,0.9126101245971915,0.912621359223301,0.9358917306757082,0.936084142394822,0.936220480165738,0.936084142394822,0.9241580248613497,0.9239482200647249,0.9343554277178231,0.9336569579288025,0.9178546484774381,0.9358917306757082,-0.011733705814358508,0.010197402856473414
har,asymmetric_30,asymmetric,4,30.6836569579288,0.9288082302264016,0.9295546558704454,0.8796881375597553,0.8801619433198381,0.9284123279988009,0.928744939271255,0.9125742076124088,0.9133603238866397,0.9175439236218682,0.9190283400809717,0.9246521910225475,0.9263157894736842,0.897867306627707,0.9288082302264016,-0.01126430660453337,0.007108267400679269
har,asymmetric_40,asymmetric,0,39.3081124822982,0.8061485665383734,0.8122977346278317,0.7584038487879163,0.7637540453074434,0.7902097001953479,0.7961165048543689,0.785878770031892,0.790453074433657,0.861312450409153,0.8640776699029126,0.8610798024885322,0.8648867313915858,0.8130057060928114,0.8061485665383734,0.05516388387077964,-0.00023264792062083206
har,asymmetric_40,asymmetric,1,40.38033582844427,0.7986649953023192,0.8042071197411004,0.6965054616610225,0.7014563106796117,0.7737079631483273,0.7815533980582524,0.7469031620528019,0.7524271844660194,0.8600116990927703,0.8648867313915858,0.8617266316287177,0.866504854368932,0.7876038769461973,0.7986649953023192,0.06134670379045115,0.0017149325359473444
har,asymmetric_40,asymmetric,2,39.368804369815905,0.7961954132391885,0.8001618122977346,0.7285171507593938,0.7313915857605178,0.7915485800944349,0.7961165048543689,0.7684977736006586,0.7718446601941747,0.8474584247508115,0.8527508090614887,0.8570928867589119,0.8632686084142395,0.8084525355194345,0.7961954132391885,0.051263011511622936,0.009634462008100475
har,asymmetric_40,asymmetric,3,40.52195023265224,0.8032821459297207,0.8066343042071198,0.7254357664181756,0.7281553398058253,0.7904443520152015,0.7928802588996764,0.7721206900252966,0.7742718446601942,0.8278561409915507,0.8284789644012945,0.8277607708073328,0.8284789644012945,0.788092281704052,0.8032821459297207,0.02457399506183,-9.537018421790222e-05
har,asymmetric_40,asymmetric,4,39.66423948220065,0.8160013181254874,0.8186234817813766,0.7201454025637269,0.7214574898785425,0.8080768507937188,0.8113360323886639,0.7691013897513397,0.7708502024291498,0.8407505234430861,0.8421052631578947,0.8443052451911317,0.8477732793522267,0.7826443579764565,0.8160013181254874,0.02474920531759872,0.0035547217480456084
har,clean_0,clean,0,0.0,0.9699296008783275,0.970873786407767,0.9887663926817521,0.988673139158576,0.9820969404055528,0.982200647249191,0.9879594270713522,0.9878640776699029,0.9903685107688635,0.9902912621359223,0.9888605576169619,0.988673139158576,0.9766415060401532,0.9887663926817521,0.0016021180871113039,-0.0015079531519015532
har,clean_0,clean,1,0.0,0.9786240200671371,0.9781553398058253,0.9911590653346883,0.9911003236245954,0.9859395984090246,0.9854368932038835,0.9896437208600838,0.9894822006472492,0.9921986198615773,0.9919093851132686,0.9922003645636824,0.9919093851132686,0.9811813360943605,0.9911590653346883,0.001039554526888975,1.744702105122009e-06
har,clean_0,clean,2,0.0,0.9671673491591298,0.9676375404530745,0.9860821988928753,0.9862459546925566,0.9732950185320819,0.9733009708737864,0.9838160404413604,0.9838187702265372,0.9853252697623608,0.9854368932038835,0.9845732474862258,0.9846278317152104,0.9785837442916235,0.9860821988928753,-0.0007569291305145054,-0.0007520222761350226
har,clean_0,clean,3,0.0,0.9696470812446779,0.9700647249190939,0.9872163107018221,0.9870550161812298,0.9749080242682336,0.9749190938511327,0.9830682870587925,0.9830097087378641,0.9864589283918986,0.9862459546925566,0.9825054621650574,0.982200647249191,0.9759974457002033,0.9872163107018221,-0.0007573823099235044,-0.003953466226841229
har,clean_0,clean,4,0.0,0.9656345701714905,0.9668016194331984,0.9878479309172968,0.9878542510121457,0.9774907304645971,0.9781376518218623,0.98472716230126,0.9846153846153847,0.9871881732548259,0.9870445344129555,0.9886096711819975,0.988663967611336,0.9743456058122498,0.9878479309172968,-0.00065975766247095,0.001421497927171611
har,pairflip_40,pairflip,0,25.93566659923124,0.848451895345015,0.8551779935275081,0.8150780317537013,0.8236245954692557,0.8382672210850601,0.8454692556634305,0.8391662395791647,0.8462783171521036,0.8344389346903558,0.8446601941747572,0.8315544469213177,0.843042071197411,0.8396830558368299,0.848451895345015,-0.014012960654659179,-0.0028844877690380466
har,pairflip_40,pairflip,1,26.057050374266638,0.8603594548537844,0.8673139158576052,0.8030688914835182,0.8114886731391586,0.8517782336781123,0.8584142394822006,0.8238009025211198,0.8317152103559871,0.8587215760827616,0.8673139158576052,0.849524206310243,0.8576051779935275,0.8464350604283291,0.8603594548537844,-0.0016378787710228382,-0.009197369772518615
har,pairflip_40,pairflip,2,25.571515274125023,0.8603834729800622,0.8640776699029126,0.8121544115015457,0.8179611650485437,0.8510019797284586,0.8543689320388349,0.8454166639246257,0.8495145631067961,0.8403244730838763,0.8454692556634305,0.8415814606634894,0.8462783171521036,0.858864874304135,0.8603834729800622,-0.02005899989618598,0.0012569875796131225
har,pairflip_40,pairflip,3,25.97612785757637,0.8758555826595297,0.8786407766990292,0.8022892453286342,0.808252427184466,0.8574651926752966,0.8616504854368932,0.8248507665785763,0.8292880258899676,0.8501511691510267,0.8576051779935275,0.8563866351530632,0.8616504854368932,0.8469779319720901,0.8758555826595297,-0.025704413508502943,0.006235466002036505
har,pairflip_40,pairflip,4,25.50566343042071,0.8632842931988876,0.8655870445344129,0.7920656744288914,0.7975708502024291,0.8645596622062044,0.8663967611336032,0.815252253172868,0.8202429149797571,0.8768193539350185,0.8793522267206477,0.8789049580753159,0.8809716599190284,0.8362732228043912,0.8645596622062044,0.012259691728814137,0.002085604140297348
har,symmetric_10,symmetric,0,10.378312765527008,0.9699318331442616,0.970873786407767,0.9832243544986602,0.9830097087378641,0.9825930191252511,0.9830097087378641,0.9848327651837804,0.9846278317152104,0.9839824338546245,0.9838187702265372,0.9862542490546063,0.9862459546925566,0.9746861415983729,0.9832243544986602,0.0007580793559642807,0.0022718151999818748
har,symmetric_10,symmetric,1,10.843617236496055,0.9750441430560964,0.9749190938511327,0.9853308272884079,0.9846278317152104,0.9842019542437623,0.9838187702265372,0.9868442940539133,0.9862459546925566,0.9876051277379571,0.9870550161812298,0.9883626198606907,0.9878640776699029,0.9785861965434615,0.9853308272884079,0.002274300449549127,0.0007574921227336828
har,symmetric_10,symmetric,2,9.973700182075662,0.9673732089426771,0.9676375404530745,0.9786336093461294,0.9781553398058253,0.9670037096494134,0.9668284789644013,0.9776737255522923,0.9773462783171522,0.9793775907255529,0.9789644012944984,0.9784299229200287,0.9781553398058253,0.9772866845500435,0.9786336093461294,0.0007439813794234418,-0.0009476678055241328
har,symmetric_10,symmetric,3,10.074853327938499,0.9723213467118353,0.9724919093851133,0.9823933116781243,0.982200647249191,0.9731334937920925,0.9733009708737864,0.9837697342254997,0.9838187702265372,0.9823933116781243,0.982200647249191,0.9801280607925896,0.9797734627831716,0.9772967906217631,0.9823933116781243,0.0,-0.002265250885534642
har,symmetric_10,symmetric,4,10.436893203883495,0.969093515750895,0.9700404858299595,0.9858328764628091,0.9854251012145749,0.9754695550433371,0.9757085020242915,0.9831404515420625,0.982995951417004,0.9858268403783418,0.9854251012145749,0.9856805313628604,0.9854251012145749,0.9775951451754391,0.9858328764628091,-6.036084467364589e-06,-0.00014630901548140507
har,symmetric_20,symmetric,0,20.675703014363748,0.9667008819104798,0.9668284789644013,0.9749497832897877,0.9741100323624595,0.9781443914028549,0.9781553398058253,0.9792484566797075,0.9789644012944984,0.9787278864116752,0.9781553398058253,0.9779786798821197,0.9773462783171522,0.968853718250044,0.9781443914028549,0.0005834950088202673,-0.0007492065295554573
har,symmetric_20,symmetric,1,19.643940926562816,0.9782310216536491,0.9781553398058253,0.980088568215764,0.9797734627831716,0.9770072215492632,0.9765372168284789,0.9851845414345415,0.9846278317152104,0.9801484117266636,0.9797734627831716,0.9851963508175121,0.9846278317152104,0.9707936500919567,0.980088568215764,5.984351089960427e-05,0.005047939090848552
har,symmetric_20,symmetric,2,19.765324701598217,0.9628034709755062,0.9627831715210357,0.9775686391394913,0.9773462783171522,0.9710262393336864,0.970873786407767,0.9783502204034441,0.9781553398058253,0.9790748270899878,0.9789644012944984,0.977798145251548,0.9773462783171522,0.9714488443472508,0.9775686391394913,0.001506187950496507,-0.0012766818384398748
har,symmetric_20,symmetric,3,20.149706655876997,0.9680586106196906,0.9684466019417476,0.9766387684314984,0.9765372168284789,0.9692465601150565,0.9700647249190939,0.9800042321468524,0.9797734627831716,0.9773968272401848,0.9773462783171522,0.9782542180639279,0.9781553398058253,0.9711357350680282,0.9766387684314984,0.0007580588086864015,0.0008573908237430317
har,symmetric_20,symmetric,4,19.457928802589,0.964986295174226,0.965991902834008,0.9763706112118277,0.9757085020242915,0.976252013949932,0.9765182186234818,0.9803868445664334,0.979757085020243,0.9763487320685506,0.9757085020242915,0.9764236288832803,0.9757085020242915,0.9704537993019423,0.9763706112118277,-2.187914327711482e-05,7.48968147297191e-05
har,symmetric_30,symmetric,0,29.53671859194821,0.9639962550859827,0.9644012944983819,0.967819410026289,0.9676375404530745,0.9788945057087658,0.9789644012944984,0.9750207570942293,0.9749190938511327,0.9734336011863753,0.9733009708737864,0.9729042903935685,0.9724919093851133,0.9601015962395381,0.9788945057087658,-0.005460904522390453,-0.0005293107928068252
har,symmetric_30,symmetric,1,29.617641108638477,0.9705970611302108,0.9700647249190939,0.9711400219569933,0.970873786407767,0.9698323092026445,0.9692556634304207,0.9754070621067665,0.9749190938511327,0.9768418565217575,0.9765372168284789,0.9719474899019213,0.9716828478964401,0.9636528744720115,0.9711400219569933,0.005701834564764141,-0.004894366619836221
har,symmetric_30,symmetric,2,29.880639287881856,0.9625832357997882,0.9627831715210357,0.9664000676450873,0.9660194174757282,0.9664345301818916,0.9660194174757282,0.9689385278197976,0.9684466019417476,0.9660760660923531,0.9660194174757282,0.9703966337362099,0.9700647249190939,0.9636637776613352,0.9664345301818916,-0.000358464089538546,0.004320567643856799
har,symmetric_30,symmetric,3,29.213028525187134,0.9677062279795107,0.9684466019417476,0.9713991037294232,0.970873786407767,0.9703590851051646,0.970873786407767,0.9759328918808352,0.9757281553398058,0.9743101531320076,0.9741100323624595,0.9739000164302353,0.9733009708737864,0.9646461059961936,0.9713991037294232,0.0029110494025844647,-0.00041013670177236783
har,symmetric_30,symmetric,4,30.6836569579288,0.9598025615786135,0.9611336032388664,0.9649625143810622,0.9651821862348178,0.9636526355935521,0.9643724696356275,0.9697930964091044,0.9700404858299595,0.9695211835687719,0.9700404858299595,0.968825538548942,0.9692307692307692,0.9580930996854461,0.9649625143810622,0.004558669187709752,-0.0006956450198298825
har,symmetric_40,symmetric,0,39.3081124822982,0.9638345509765149,0.9652103559870551,0.950711206136582,0.9514563106796117,0.9599366599070978,0.9603559870550162,0.9687300825556792,0.9692556634304207,0.964870356165381,0.9652103559870551,0.9649402228949974,0.9652103559870551,0.9490369815401706,0.9638345509765149,0.0010358051888660347,6.986672961639684e-05
har,symmetric_40,symmetric,1,40.38033582844427,0.969611654038426,0.9692556634304207,0.9523340693663238,0.9522653721682848,0.971211308757295,0.970873786407767,0.9747106459752161,0.9741100323624595,0.9712702968490823,0.970873786407767,0.9713471150574063,0.970873786407767,0.9464451045226121,0.971211308757295,5.898809178728204e-05,7.681820832405872e-05
har,symmetric_40,symmetric,2,39.368804369815905,0.9580844452041504,0.9587378640776699,0.93703871973708,0.9368932038834952,0.9620137312005431,0.9619741100323624,0.960146771213909,0.959546925566343,0.9544551647414231,0.9538834951456311,0.9505107559872418,0.9498381877022654,0.9412860209678368,0.9620137312005431,-0.007558566459120009,-0.003944408754181339
har,symmetric_40,symmetric,3,40.52195023265224,0.9583416985846176,0.9587378640776699,0.9427483260428628,0.9425566343042071,0.9623584311743084,0.9627831715210357,0.9603881333227423,0.9603559870550162,0.9553268123054685,0.9555016181229773,0.9575477523409935,0.9579288025889967,0.9406398737949181,0.9623584311743084,-0.007031618868839962,0.0022209400355250875
har,symmetric_40,symmetric,4,39.66423948220065,0.9567093675466348,0.957085020242915,0.9394641053126237,0.9392712550607287,0.9607548597381057,0.9603238866396762,0.9654015601082649,0.9651821862348178,0.9612769881270448,0.9611336032388664,0.9637687986701575,0.9635627530364372,0.9470682717570328,0.9607548597381057,0.0005221283889390582,0.00249181054311276
isolet,asymmetric_10,asymmetric,0,10.45175086875167,0.9318791835818754,0.9316239316239316,0.9324971321016771,0.9326923076923077,0.9402403222613623,0.9401709401709402,0.9465856462553044,0.9465811965811965,0.9292452814231724,0.9294871794871795,0.9229317332047681,0.9230769230769231,0.944442001550131,0.9402403222613623,-0.010995040838189918,-0.006313548218404352
isolet,asymmetric_10,asymmetric,1,10.478481689387865,0.9286774884610361,0.9284188034188035,0.9314789072363822,0.9316239316239316,0.9403817287492067,0.9401709401709402,0.9477746165579432,0.9476495726495726,0.94035137148789,0.9401709401709402,0.9372369177087132,0.936965811965812,0.9466616637160774,0.9403817287492067,-3.035726131661587e-05,-0.003114453779176851
isolet,asymmetric_10,asymmetric,2,9.807589524318546,0.9365065136335436,0.9368983957219251,0.9321316349851126,0.932620320855615,0.9395998901966991,0.9401069518716577,0.9386741143230053,0.9390374331550803,0.9376578263411778,0.9379679144385027,0.9365704974335193,0.9368983957219251,0.9477174665637862,0.9395998901966991,-0.0019420638555213143,-0.0010873289076585024
isolet,asymmetric_10,asymmetric,3,9.941207910208446,0.9471872715963603,0.9475935828877006,0.9570727682970867,0.9572192513368984,0.9559802120425479,0.9561497326203209,0.9656283272199373,0.9657754010695188,0.9615015898066066,0.9614973262032086,0.9573073578556905,0.9572192513368984,0.9558761168210591,0.9570727682970867,0.0044288215095199535,-0.004194231950916061
isolet,asymmetric_10,asymmetric,4,10.983431320149654,0.9303879649525176,0.93048128342246,0.9251259839399297,0.9251336898395722,0.9421372488850552,0.9422459893048128,0.9379537192684066,0.9379679144385027,0.931569371667133,0.9315508021390374,0.9337278544647659,0.9336898395721925,0.9462327869144591,0.9421372488850552,-0.010567877217922184,0.0021584827976328658
isolet,asymmetric_20,asymmetric,0,20.50253942796044,0.9243758426170058,0.9241452991452992,0.9036858277463435,0.9038461538461539,0.9335697743804293,0.9337606837606838,0.9313176772266064,0.9316239316239316,0.9060974659580465,0.905982905982906,0.9058475547661964,0.905982905982906,0.9196216371055183,0.9335697743804293,-0.027472308422382796,-0.00024991119185013844
isolet,asymmetric_20,asymmetric,1,19.673883988238437,0.9284643651259287,0.9284188034188035,0.9108560911052042,0.9113247863247863,0.9357765294328259,0.9358974358974359,0.9315409345937004,0.9316239316239316,0.9108781212910324,0.9113247863247863,0.9111625679616745,0.9113247863247863,0.9362848317797209,0.9357765294328259,-0.02489840814179345,0.00028444667064209117
isolet,asymmetric_20,asymmetric,2,19.454836985569216,0.9244128124422518,0.9251336898395722,0.9037366039103809,0.9048128342245989,0.9361206063778794,0.9368983957219251,0.9264842834374476,0.9272727272727272,0.9131770621595344,0.9133689839572192,0.9211355235676909,0.9208556149732621,0.9321350999451065,0.9361206063778794,-0.02294354421834499,0.00795846140815648
isolet,asymmetric_20,asymmetric,3,20.60395510422234,0.9378209806824238,0.9379679144385027,0.9216409751992234,0.9219251336898395,0.9496434603026157,0.9497326203208556,0.9431046674990247,0.9433155080213904,0.9343562515123053,0.9347593582887701,0.9279455054632014,0.9283422459893048,0.935107718026449,0.9496434603026157,-0.015287208790310425,-0.006410746049103855
isolet,asymmetric_20,asymmetric,4,19.401389631213256,0.925851086828782,0.9262032085561497,0.9105938336440743,0.9101604278074866,0.936864525926888,0.9368983957219251,0.9229624115128909,0.9229946524064171,0.9190437818010887,0.9187165775401069,0.9151768332705384,0.9144385026737968,0.9384459939498507,0.936864525926888,-0.01782074412579926,-0.0038669485305502516
isolet,asymmetric_30,asymmetric,0,29.270248596631916,0.8770141330260888,0.8782051282051282,0.8126492044745747,0.813034188034188,0.9060282815462878,0.905982905982906,0.8638616289894093,0.8643162393162394,0.8281046025334398,0.8279914529914529,0.8139563202015339,0.8141025641025641,0.8562432910504502,0.9060282815462878,-0.07792367901284802,-0.014148282331905904
isolet,asymmetric_30,asymmetric,1,29.270248596631916,0.8984758964262638,0.8985042735042735,0.8291582307478934,0.8301282051282052,0.9074259941629929,0.9081196581196581,0.8744624755594241,0.875,0.8620092911053658,0.8621794871794872,0.861387596502226,0.8621794871794872,0.880310218976715,0.9074259941629929,-0.04541670305762702,-0.0006216946031398773
isolet,asymmetric_30,asymmetric,2,29.983965793693212,0.8874790074601671,0.8898395721925134,0.8283448676535813,0.8299465240641711,0.9069090986011565,0.9080213903743316,0.8756423545208218,0.8770053475935828,0.8439873972023432,0.8449197860962567,0.8430203438993996,0.8438502673796792,0.8794129689339371,0.9069090986011565,-0.06292170139881337,-0.0009670533029435546
isolet,asymmetric_30,asymmetric,3,29.2089791555318,0.8999633912380214,0.9005347593582887,0.8518419765204412,0.853475935828877,0.916155842559224,0.9176470588235294,0.8864224995939587,0.8877005347593583,0.8673006240389625,0.8684491978609625,0.8574726966659726,0.8598930481283422,0.8957634878131696,0.916155842559224,-0.048855218520261534,-0.009827927372989875
isolet,asymmetric_30,asymmetric,4,30.94601817210048,0.8909242736248822,0.8909090909090909,0.831877155865834,0.8320855614973262,0.9000092788433288,0.9005347593582887,0.867210449834973,0.8673796791443851,0.8428611786017712,0.8427807486631016,0.8375413616601022,0.8374331550802139,0.8739145815184585,0.9000092788433288,-0.05714810024155759,-0.005319816941669053
isolet,asymmetric_40,asymmetric,0,38.759689922480625,0.7619959918775913,0.7649572649572649,0.6913331783191924,0.6933760683760684,0.7680782711426257,0.7735042735042735,0.7297182527982667,0.7318376068376068,0.7171726858822338,0.7243589743589743,0.6966269839259847,0.7029914529914529,0.779992389948826,0.7680782711426257,-0.050905585260391906,-0.020545701956249163
isolet,asymmetric_40,asymmetric,1,40.684309008286554,0.7520924878631093,0.7574786324786325,0.6582962913708965,0.6613247863247863,0.7684579661134224,0.7735042735042735,0.7021753012875324,0.7061965811965812,0.689857524167036,0.6944444444444444,0.6650289079697583,0.6688034188034188,0.7725173908286944,0.7684579661134224,-0.07860044194638638,-0.02482861619727772
isolet,asymmetric_40,asymmetric,2,39.337252805986104,0.7602488073310929,0.7657754010695187,0.7031481498631578,0.7058823529411765,0.7713830169135958,0.7754010695187166,0.7310314075175731,0.7336898395721925,0.7440910456077414,0.7475935828877005,0.7472611822414031,0.7486631016042781,0.8078920827426478,0.7713830169135958,-0.027291971305854368,0.0031701366336617243
isolet,asymmetric_40,asymmetric,3,40.88722608230893,0.7306633399286357,0.7401069518716578,0.6681875654777462,0.6737967914438503,0.74180745136289,0.7508021390374332,0.7158801642606633,0.7219251336898396,0.6878354073279641,0.6983957219251337,0.6690447087647194,0.6802139037433155,0.754936094311748,0.74180745136289,-0.05397204403492584,-0.018790698563244668
isolet,asymmetric_40,asymmetric,4,39.57776590058792,0.74778646643897,0.7508021390374332,0.6634583085080847,0.667379679144385,0.7679422900992523,0.772192513368984,0.6977687787341871,0.7016042780748664,0.7131766568083859,0.7155080213903743,0.6985344890484495,0.7037433155080214,0.7927020846647425,0.7679422900992523,-0.05476563329086637,-0.01464216775993643
isolet,clean_0,clean,0,0.0,0.9243451361661653,0.9241452991452992,0.9318265241589633,0.9316239316239316,0.9422876689217401,0.9423076923076923,0.939277071761187,0.9391025641025641,0.9372614830051285,0.936965811965812,0.9373386476139144,0.936965811965812,0.9514750052857615,0.9422876689217401,-0.005026185916611636,7.716460878592901e-05
isolet,clean_0,clean,1,0.0,0.9307125252890452,0.9305555555555556,0.9382392745964422,0.938034188034188,0.9404031497580643,0.9401709401709402,0.9446514386864229,0.9444444444444444,0.9488204572255614,0.9487179487179487,0.9447540060160662,0.9444444444444444,0.953700565186292,0.9404031497580643,0.008417307467497137,-0.004066451209495225
isolet,clean_0,clean,2,0.0,0.9397026280601329,0.9401069518716577,0.9396454115064633,0.9401069518716577,0.9344305204184983,0.9347593582887701,0.9429838750824188,0.9433155080213904,0.943108070804472,0.9433155080213904,0.9441551230673203,0.9443850267379679,0.9588406944200538,0.9397026280601329,0.003405442744339071,0.0010470522628482914
isolet,clean_0,clean,3,0.0,0.9409747026738339,0.9411764705882353,0.9625126428075041,0.9625668449197861,0.9581665140160156,0.9582887700534759,0.9656352064477521,0.9657754010695188,0.9678477745851854,0.9679144385026738,0.9635228340822949,0.9636363636363636,0.9610673979298757,0.9625126428075041,0.005335131777681301,-0.004324940502890562
isolet,clean_0,clean,4,0.0,0.9410917661231186,0.9411764705882353,0.9475116487134995,0.9475935828877006,0.9466003121147697,0.946524064171123,0.948501573685711,0.948663101604278,0.9541627467690782,0.9540106951871657,0.9520658128738904,0.9518716577540107,0.962919521736688,0.9475116487134995,0.00665109805557873,-0.002096933895187836
isolet,pairflip_40,pairflip,0,9.195402298850574,0.8455218262838139,0.8493589743589743,0.8456010912075826,0.8461538461538461,0.8599685232129224,0.8643162393162394,0.8538278977476383,0.8557692307692307,0.8614281372222088,0.8653846153846154,0.868938735792721,0.8696581196581197,0.8936614731486036,0.8599685232129224,0.001459614009286403,0.0075105985705121725
isolet,pairflip_40,pairflip,1,9.783480352846832,0.8836800197916156,0.8835470085470085,0.8771608794831813,0.8771367521367521,0.8882777882383819,0.8888888888888888,0.8928452898737311,0.8931623931623932,0.8595703852604198,0.8589743589743589,0.8501363200560843,0.8493589743589743,0.9066531083102213,0.8882777882383819,-0.028707402977962038,-0.00943406520433554
isolet,pairflip_40,pairflip,2,8.73864243719936,0.8848930867258633,0.8909090909090909,0.8789718158281088,0.8834224598930481,0.8848638618592959,0.8909090909090909,0.8903056866246085,0.895187165775401,0.872354095710392,0.8844919786096257,0.8826178402786427,0.8844919786096257,0.923894500464483,0.8848930867258633,-0.01253899101547129,0.010263744568250632
isolet,pairflip_40,pairflip,3,9.299839657936932,0.8629347754927331,0.8673796791443851,0.8874219881550479,0.8898395721925134,0.8817839990410451,0.8855614973262033,0.8877065288043523,0.8909090909090909,0.8632269034082216,0.8716577540106952,0.8757081162532472,0.8802139037433155,0.9131884934339266,0.8874219881550479,-0.0241950847468263,0.012481212845025569
isolet,pairflip_40,pairflip,4,8.818813468733298,0.8873339046812918,0.8898395721925134,0.8856554733616447,0.8877005347593583,0.9046498053720172,0.9058823529411765,0.8901635326204717,0.8919786096256684,0.8826065943358933,0.8855614973262033,0.8854994376735194,0.8887700534759359,0.9150793502418743,0.9046498053720172,-0.022043211036123944,0.002892843337626072
isolet,symmetric_10,symmetric,0,10.45175086875167,0.9339130862517373,0.9337606837606838,0.9448894239966864,0.9444444444444444,0.9374088698286555,0.936965811965812,0.9477837364417236,0.9476495726495726,0.951043669602075,0.9508547008547008,0.9478508977800044,0.9476495726495726,0.9444370095910953,0.9448894239966864,0.006154245605388575,-0.0031927718220705614
isolet,symmetric_10,symmetric,1,10.478481689387865,0.9266682181107575,0.9262820512820513,0.942307011509344,0.9423076923076923,0.9449479695416234,0.9444444444444444,0.9500715724611754,0.9497863247863247,0.9488912347774607,0.9487179487179487,0.9425945995735514,0.9423076923076923,0.9540688639314747,0.9449479695416234,0.003943265235837323,-0.006296635203909329
isolet,symmetric_10,symmetric,2,9.807589524318546,0.9354377944664763,0.9358288770053476,0.9376794539990378,0.9379679144385027,0.9409028513760008,0.9411764705882353,0.9431076403510954,0.9433155080213904,0.9398546803007637,0.9401069518716577,0.9444165568722913,0.9443850267379679,0.9581000486157863,0.9409028513760008,-0.0010481710752371365,0.004561876571527623
isolet,symmetric_10,symmetric,3,9.941207910208446,0.9442439362142626,0.9443850267379679,0.9624365757564519,0.9625668449197861,0.9559966197192347,0.9561497326203209,0.9635303531084685,0.9636363636363636,0.9623626121025991,0.9625668449197861,0.9593380842728627,0.9593582887700535,0.9573585849668161,0.9624365757564519,-7.396365385281545e-05,-0.00302452782973639
isolet,symmetric_10,symmetric,4,10.983431320149654,0.9381065923941916,0.9379679144385027,0.9398508530260332,0.9401069518716577,0.9424097839486054,0.9422459893048128,0.9507870026741061,0.9508021390374332,0.9497511672288385,0.9497326203208556,0.9500313765393558,0.9497326203208556,0.9555029059477719,0.9424097839486054,0.007341383280233038,0.0002802093105173098
isolet,symmetric_20,symmetric,0,20.50253942796044,0.9275948180387881,0.9273504273504274,0.9264445073050053,0.9262820512820513,0.937033503151273,0.936965811965812,0.9317510717182197,0.9316239316239316,0.9327790932919242,0.9326923076923077,0.9286253138605789,0.9284188034188035,0.9403650530615307,0.937033503151273,-0.004254409859348773,-0.004153779431345317
isolet,symmetric_20,symmetric,1,19.673883988238437,0.9305966057662307,0.9305555555555556,0.9286879018192071,0.9284188034188035,0.945528987552115,0.9455128205128205,0.9415646447651274,0.9412393162393162,0.9372535521616127,0.936965811965812,0.9373508572000289,0.936965811965812,0.9477765140399744,0.945528987552115,-0.00827543539050235,9.730503841620664e-05
isolet,symmetric_20,symmetric,2,19.454836985569216,0.9350564910175442,0.9358288770053476,0.9341551684449649,0.9347593582887701,0.9417201984282706,0.9422459893048128,0.9317045661676169,0.932620320855615,0.9308463982717688,0.9315508021390374,0.9354162094444661,0.9358288770053476,0.9480841031157681,0.9417201984282706,-0.010873800156501745,0.00456981117269728
isolet,symmetric_20,symmetric,3,20.60395510422234,0.9400234862980361,0.9401069518716577,0.9451013083121963,0.9454545454545454,0.9578974115444392,0.9582887700534759,0.9602240075771298,0.960427807486631,0.9612525741520961,0.9614973262032086,0.9558187530044453,0.9561497326203209,0.9469770351290295,0.9578974115444392,0.003355162607656892,-0.005433821147650786
isolet,symmetric_20,symmetric,4,19.401389631213256,0.9271305915473145,0.9272727272727272,0.9359500899889533,0.9358288770053476,0.9464839981396823,0.946524064171123,0.9401225789399346,0.9401069518716577,0.9424201301345128,0.9422459893048128,0.9434225181218742,0.9433155080213904,0.9503116728496176,0.9464839981396823,-0.0040638680051695575,0.0010023879873614083
isolet,symmetric_30,symmetric,0,29.270248596631916,0.9245291330254245,0.9241452991452992,0.9209279112774992,0.9209401709401709,0.9317412100231911,0.9316239316239316,0.9295214173292371,0.9294871794871795,0.9284407868904435,0.9284188034188035,0.9214260741149884,0.9209401709401709,0.938879980635877,0.9317412100231911,-0.0033004231327475875,-0.0070147127754550676
isolet,symmetric_30,symmetric,1,29.270248596631916,0.9190208326465272,0.9188034188034188,0.9218563950434239,0.9220085470085471,0.9351021734521398,0.9348290598290598,0.935974591370442,0.9358974358974359,0.9299197332789012,0.9294871794871795,0.9247976799272434,0.9241452991452992,0.9385103370033496,0.9351021734521398,-0.005182440173238545,-0.005122053351657829
isolet,symmetric_30,symmetric,2,29.983965793693212,0.9334591893611214,0.9336898395721925,0.9231803199679429,0.9229946524064171,0.9399884592019956,0.9401069518716577,0.9335104437959323,0.9336898395721925,0.9306731450439231,0.93048128342246,0.933794316759547,0.9336898395721925,0.9428940070593246,0.9399884592019956,-0.009315314158072519,0.0031211717156239827
isolet,symmetric_30,symmetric,3,29.2089791555318,0.93237666817347,0.932620320855615,0.9263711474309744,0.9262032085561497,0.94850242393468,0.948663101604278,0.9433614300974309,0.9433155080213904,0.9423271787800156,0.9422459893048128,0.9360723376417183,0.9358288770053476,0.9339989477167947,0.94850242393468,-0.006175245154664388,-0.006254841138297329
isolet,symmetric_30,symmetric,4,30.94601817210048,0.9336945550778186,0.9336898395721925,0.9175169094063076,0.9176470588235294,0.9393698763374645,0.9390374331550803,0.9403823899088805,0.9401069518716577,0.9403834881379877,0.9401069518716577,0.9405446809122361,0.9401069518716577,0.9417811737887459,0.9393698763374645,0.0010136118005231731,0.00016119277424841982
isolet,symmetric_40,symmetric,0,38.759689922480625,0.9189190719320766,0.9188034188034188,0.9065866303613999,0.905982905982906,0.9222230499697728,0.9220085470085471,0.9275364318098164,0.9273504273504274,0.9202128601452173,0.9198717948717948,0.9030344567133332,0.9017094017094017,0.9322154300716815,0.9222230499697728,-0.002010189824555475,-0.01717840343188415
isolet,symmetric_40,symmetric,1,40.684309008286554,0.919108653266237,0.9188034188034188,0.9058519093305502,0.905982905982906,0.9298442134399743,0.9294871794871795,0.9309062473868218,0.9305555555555556,0.9280180044492982,0.9273504273504274,0.918378273189426,0.9177350427350427,0.9211033001160658,0.9298442134399743,-0.0018262089906760925,-0.009639731259872164
isolet,symmetric_40,symmetric,2,39.337252805986104,0.9368430374869929,0.9368983957219251,0.9144760331175393,0.9155080213903743,0.9331220885542225,0.9336898395721925,0.935210594699467,0.9358288770053476,0.9310244183975609,0.9315508021390374,0.9237429188330384,0.9240641711229947,0.933995772727036,0.9368430374869929,-0.005818619089432042,-0.007281499564522509
isolet,symmetric_40,symmetric,3,40.88722608230893,0.9325229243392041,0.932620320855615,0.9281957015619502,0.9283422459893048,0.9466332250517445,0.946524064171123,0.9487837521746096,0.948663101604278,0.9446916017552507,0.9443850267379679,0.940384924737277,0.9401069518716577,0.930662346952802,0.9466332250517445,-0.001941623296493833,-0.004306677017973715
isolet,symmetric_40,symmetric,4,39.57776590058792,0.9186626421606511,0.9187165775401069,0.9196002733288874,0.9197860962566845,0.9347846452609215,0.9347593582887701,0.9380745637110953,0.9379679144385027,0.9360314194786328,0.9358288770053476,0.9258210306115403,0.9251336898395722,0.9325066822168715,0.9347846452609215,0.001246774217711244,-0.010210388867092468
pendigits,asymmetric_10,asymmetric,0,10.502369668246446,0.9903171902159075,0.9901440485216073,0.97830292376986,0.978013646702047,0.9857360138260084,0.9855951478392722,0.9895969804035312,0.9893858984078847,0.9721204509500836,0.9719484457922669,0.9773848743170317,0.9772554965883244,0.9806221841384257,0.9903171902159075,-0.01819673926582388,0.005264423366948101
pendigits,asymmetric_10,asymmetric,1,10.881516587677725,0.9874526683372714,0.9871114480667172,0.9775605419570143,0.9772554965883244,0.9911271261655463,0.9909021986353298,0.9851518662328275,0.9848369977255497,0.9707542596257503,0.9704321455648218,0.975880189212128,0.9757391963608795,0.9792177381253463,0.9911271261655463,-0.020372866539795975,0.005125929586377698
pendigits,asymmetric_10,asymmetric,2,9.990521327014218,0.981946715580803,0.9818043972706596,0.9697306867407323,0.9696739954510993,0.983483732545092,0.9833206974981046,0.9811356505366975,0.9810462471569371,0.9736429628103653,0.9734647460197119,0.970509895780404,0.9704321455648218,0.9814621291334369,0.983483732545092,-0.009840769734726695,-0.0031330670299613006
pendigits,asymmetric_10,asymmetric,3,10.199052132701421,0.9879358701583486,0.9878695981804397,0.9794265894901605,0.979529946929492,0.9916750135912155,0.9916603487490523,0.9855721205800678,0.9855951478392722,0.9794429814900448,0.979529946929492,0.9786681535310551,0.9787717968157695,0.9839920373293357,0.9916750135912155,-0.012232032101170631,-0.0007748279589897544
pendigits,asymmetric_10,asymmetric,4,10.29188779378317,0.985781176536044,0.9855842185128983,0.9727703471016156,0.9726858877086495,0.9827836975874087,0.9825493171471927,0.9811603308788965,0.9810318664643399,0.972762967044028,0.9726858877086495,0.976584040120119,0.9764795144157815,0.9763900237675579,0.985781176536044,-0.013018209492016042,0.0038210730760910305
pendigits,asymmetric_20,asymmetric,0,20.81516587677725,0.9765549775411889,0.976497346474602,0.9371409856572914,0.9370735405610311,0.9774432918597858,0.9772554965883244,0.9606914013498379,0.9605761940864291,0.9574350691315775,0.9575435936315391,0.9559586035914664,0.956027293404094,0.9530988819459774,0.9774432918597858,-0.020008222728208347,-0.0014764655401110494
pendigits,asymmetric_20,asymmetric,1,19.696682464454977,0.9728582640789316,0.9727065959059894,0.9425091728236736,0.9423805913570887,0.9735493477000763,0.9734647460197119,0.9652489472818925,0.9651250947687642,0.9528021645250495,0.9529946929492039,0.9564875786031506,0.9567854435178166,0.9544973684508116,0.9735493477000763,-0.020747183175026773,0.003685414078101079
pendigits,asymmetric_20,asymmetric,2,19.77251184834123,0.9635760367237699,0.9636087945413192,0.937119491021352,0.9370735405610311,0.965902987408201,0.9658832448824868,0.9568156536522752,0.9567854435178166,0.9438933170751129,0.9438968915845337,0.9376911477390635,0.9378316906747536,0.9550582713165244,0.965902987408201,-0.022009670333088094,-0.006202169336049446
pendigits,asymmetric_20,asymmetric,3,20.132701421800945,0.9627413645154661,0.9628506444275967,0.9171827380087126,0.9173616376042456,0.9612009814570041,0.9613343442001516,0.9460059637604769,0.9461713419257013,0.9351938317022285,0.935557240333586,0.9364780789993373,0.9370735405610311,0.9412964146351971,0.9627413645154661,-0.02754753281323763,0.0012842472971088537
pendigits,asymmetric_20,asymmetric,4,19.446550416982564,0.9629857776371923,0.9628224582701063,0.9203200608338051,0.9203338391502276,0.9661296182997685,0.9658573596358119,0.9537573579010152,0.9537177541729894,0.9401659111669994,0.9400606980273141,0.9314929345951212,0.9317147192716236,0.9449047885833827,0.9661296182997685,-0.025963707132769076,-0.008672976571878266
pendigits,asymmetric_30,asymmetric,0,29.687203791469198,0.9092560268672809,0.9097801364670205,0.8400282010711075,0.8407884761182715,0.9066583026891287,0.9075056861258529,0.881789348934135,0.8824867323730099,0.9228517426854715,0.9234268385140257,0.9005552773071159,0.9014404852160728,0.900013317885573,0.9092560268672809,0.013595715818190635,-0.022296465378355612
pendigits,asymmetric_30,asymmetric,1,29.497630331753555,0.9129067648774793,0.9120545868081881,0.8440869808556538,0.8438210765731615,0.914898973478147,0.9143290371493555,0.8836660953486837,0.8832448824867324,0.9270490653334423,0.9264594389689158,0.9283067855070006,0.9279757391963609,0.9041846117516115,0.914898973478147,0.012150091855295364,0.0012577201735582966
pendigits,asymmetric_30,asymmetric,2,29.876777251184834,0.8984959388705948,0.8984078847611827,0.8258906534101207,0.8256254738438211,0.8956020855037465,0.8953752843062927,0.8767104210742491,0.8764215314632298,0.9311100673208857,0.931008339651251,0.9227163527231431,0.9226686884003032,0.9002770599861072,0.8984959388705948,0.03261412845029099,-0.00839371459774263
pendigits,asymmetric_30,asymmetric,3,29.459715639810426,0.9059722621107256,0.9059893858984079,0.8217277936543681,0.8218347232752085,0.8984742843298212,0.8984078847611827,0.8649421324803086,0.865049279757392,0.9069303777195795,0.9067475360121304,0.8993148650711349,0.8991660348749052,0.8893381448077161,0.9059722621107256,0.0009581156088539489,-0.007615512648444622
pendigits,asymmetric_30,asymmetric,4,30.818802122820316,0.9091176798478868,0.9089529590288316,0.8368137550579361,0.8376327769347496,0.8954926798282358,0.8952959028831563,0.8714768975871756,0.8717754172989378,0.9258657018148891,0.9256449165402124,0.9212872746949554,0.921092564491654,0.8892296952876078,0.9091176798478868,0.016748021967002313,-0.004578427119933726
pendigits,asymmetric_40,asymmetric,0,39.29857819905213,0.758315245232928,0.7589082638362395,0.6798069122144994,0.6800606520090978,0.7475942201372686,0.7482941622441244,0.7102308531585096,0.7103866565579985,0.8684987570348213,0.8688400303260045,0.8471518865178218,0.8476118271417741,0.8304468570280141,0.758315245232928,0.11018351180189323,-0.02134687051699946
pendigits,asymmetric_40,asymmetric,1,40.37914691943128,0.7133033441273879,0.7134192570128886,0.6396683498478108,0.640636846095527,0.7188244530098601,0.7187263078089462,0.6740923162140923,0.6747536012130402,0.8324703136035456,0.8324488248673237,0.814718294091743,0.8157695223654283,0.8370295614892864,0.7188244530098601,0.11364586059368553,-0.017752019511802608
pendigits,asymmetric_40,asymmetric,2,39.65876777251185,0.748964771497486,0.7490523123578469,0.6970188529035468,0.6974981046247157,0.7466049477353531,0.7467778620166793,0.7211389764182707,0.7217589082638363,0.8592328096862578,0.8589840788476119,0.8262253456731712,0.8256254738438211,0.8339749250386744,0.748964771497486,0.11026803818877184,-0.03300746401308663
pendigits,asymmetric_40,asymmetric,3,40.60663507109005,0.7341227436222603,0.734647460197119,0.6761667718913248,0.6770280515542078,0.7495004638941414,0.7498104624715694,0.7105588372335536,0.711144806671721,0.8815528678602874,0.8824867323730099,0.8265044545520457,0.8278999241849886,0.8397444426597511,0.7495004638941414,0.13205240396614604,-0.05504841330824173
pendigits,asymmetric_40,asymmetric,4,39.992418498862776,0.7454822214120435,0.7458270106221547,0.6696874049726043,0.6699544764795144,0.749261052881387,0.7496206373292867,0.7075577506854448,0.7078907435508346,0.8558954609263024,0.8566009104704098,0.8417785388574913,0.8429438543247344,0.8290329825400216,0.749261052881387,0.10663440804491542,-0.0141169220688111
pendigits,clean_0,clean,0,0.0,0.9940713628491785,0.9939347990902199,0.9909950581723364,0.9909021986353298,0.9955154241662493,0.9954510993176648,0.9932714415428636,0.9931766489764974,0.9932714415428636,0.9931766489764974,0.9939728577736915,0.9939347990902199,0.9926982062379776,0.9955154241662493,-0.002243982623385654,0.0007014162308278671
pendigits,clean_0,clean,1,0.0,0.9933345831491611,0.9931766489764974,0.9947455747481835,0.9946929492039424,0.9962638949547543,0.9962092494313874,0.996263875720841,0.9962092494313874,0.996263875720841,0.9962092494313874,0.9955363598996556,0.9954510993176648,0.995506430202402,0.9962638949547543,-1.92339133509023e-08,-0.0007275158211853539
pendigits,clean_0,clean,2,0.0,0.9850511957452535,0.9848369977255497,0.9879337196154581,0.9878695981804397,0.9878888057146742,0.9878695981804397,0.9894991786622143,0.9893858984078847,0.987993600488549,0.9878695981804397,0.9902708501239346,0.9901440485216073,0.9915744745543353,0.9879337196154581,5.988087309094503e-05,0.0022772496353855587
pendigits,clean_0,clean,3,0.0,0.9924690479039052,0.9924184988627748,0.9908246617962375,0.9909021986353298,0.9946257459412859,0.9946929492039424,0.9923853061381473,0.9924184988627748,0.9931464445473012,0.9931766489764974,0.9931160996172643,0.9931766489764974,0.9943830497730458,0.9946257459412859,-0.0014793013939847777,-3.03449300368408e-05
pendigits,clean_0,clean,4,0.0,0.9902400636623471,0.9901365705614568,0.9895654766879346,0.9893778452200304,0.9894813018663118,0.9893778452200304,0.9902822080481599,0.9901365705614568,0.9910361287509296,0.9908952959028832,0.9880596013374984,0.9878603945371776,0.9918490957253118,0.9902400636623471,0.0007960650885825427,-0.0029765274134312403
pendigits,pairflip_40,pairflip,0,24.0,0.8418369087022123,0.8423047763457164,0.8021917329759999,0.8021228203184231,0.8454654714626774,0.846095526914329,0.8215958166017844,0.8218347232752085,0.856710071999839,0.8559514783927218,0.8271774833991523,0.8286580742987112,0.9022747128621096,0.8454654714626774,0.011244600537161586,-0.029532588600686638
pendigits,pairflip_40,pairflip,1,23.81042654028436,0.8296113247365172,0.8301743745261562,0.7887639343004816,0.7899924184988628,0.8299125389449917,0.8301743745261562,0.8084135128019587,0.8089461713419257,0.8470403699340245,0.8476118271417741,0.8278618367927615,0.8286580742987112,0.9005729876566488,0.8299125389449917,0.01712783098903281,-0.019178533141263054
pendigits,pairflip_40,pairflip,2,23.658767772511847,0.8449377057638705,0.8453373768006065,0.811600378394757,0.8127369219105383,0.8383831764891321,0.8392721758908264,0.8264918364647114,0.8271417740712661,0.8343163861145371,0.8347232752084913,0.827336719108931,0.8294162244124337,0.905023898941599,0.8449377057638705,-0.010621319649333438,-0.006979667005606038
pendigits,pairflip_40,pairflip,3,24.113744075829384,0.845731525058955,0.8453373768006065,0.8193604803645644,0.8188021228203184,0.8460218167150192,0.8453373768006065,0.8353536648891723,0.8347232752084913,0.8173195886075517,0.8294162244124337,0.7901267231021881,0.8021228203184231,0.9123074541131365,0.8460218167150192,-0.028702228107467476,-0.027192865505363595
pendigits,pairflip_40,pairflip,4,23.711144806671722,0.8493443592145997,0.8505311077389985,0.8054105285390772,0.8050075872534143,0.839874885193238,0.8406676783004552,0.8193854608608291,0.8194233687405159,0.8522235385917745,0.8528072837632777,0.8353539865845029,0.8353566009104704,0.8861657823706709,0.8493443592145997,0.0028791793771747454,-0.016869552007271582
pendigits,symmetric_10,symmetric,0,10.502369668246446,0.9910011431558516,0.9909021986353298,0.9909432556790208,0.9909021986353298,0.990186212490333,0.9901440485216073,0.9931768183595973,0.9931766489764974,0.9909071932692429,0.9909021986353298,0.9902107439593607,0.9901440485216073,0.989889946210491,0.9910011431558516,-9.394988660871295e-05,-0.0006964493098822189
pendigits,symmetric_10,symmetric,1,10.881516587677725,0.9910664335594553,0.9909021986353298,0.9895467156943866,0.9893858984078847,0.9940560255327782,0.9939347990902199,0.9932917632095156,0.9931766489764974,0.9910350045868828,0.9909021986353298,0.9917679395842169,0.9916603487490523,0.9924171196693047,0.9940560255327782,-0.003021020945895403,0.0007329349973341781
pendigits,symmetric_10,symmetric,2,9.990521327014218,0.9827655572875628,0.9825625473843821,0.9825758324985475,0.9825625473843821,0.9857087072706247,0.9855951478392722,0.9848870422461111,0.9848369977255497,0.9834188710663397,0.9833206974981046,0.9826005128368912,0.9825625473843821,0.986238030716908,0.9857087072706247,-0.002289836204284912,-0.0008183582294485348
pendigits,symmetric_10,symmetric,3,10.199052132701421,0.9923988676893869,0.9924184988627748,0.9915465018015379,0.9916603487490523,0.9939215927642193,0.9939347990902199,0.9938926753185434,0.9939347990902199,0.9938605098915401,0.9939347990902199,0.9939215344252863,0.9939347990902199,0.9955064499364448,0.9939215927642193,-6.108287267925228e-05,6.102453374623451e-05
pendigits,symmetric_10,symmetric,4,10.29188779378317,0.9895375365506182,0.9893778452200304,0.9857869968523463,0.9855842185128983,0.989492674105638,0.9893778452200304,0.9903354292880466,0.9901365705614568,0.9880241272589858,0.9878603945371776,0.9881367239258239,0.9878603945371776,0.9873521118323086,0.9895375365506182,-0.0015134092916323505,0.00011259666683804959
pendigits,symmetric_20,symmetric,0,20.81516587677725,0.9879466055582318,0.9878695981804397,0.976610434514612,0.976497346474602,0.9910034982399617,0.9909021986353298,0.9864842196847627,0.9863532979529946,0.9834259430630821,0.9833206974981046,0.9810549450154695,0.9810462471569371,0.9806225020051893,0.9910034982399617,-0.007577555176879636,-0.002370998047612538
pendigits,symmetric_20,symmetric,1,19.696682464454977,0.9873570349567377,0.9871114480667172,0.9849371494764115,0.9848369977255497,0.9880054121008843,0.9878695981804397,0.9880128921149678,0.9878695981804397,0.9887283695951604,0.9886277482941622,0.9850139801623273,0.9848369977255497,0.9859569068039199,0.9880054121008843,0.0007229574942760886,-0.0037143894328330873
pendigits,symmetric_20,symmetric,2,19.77251184834123,0.9811492501543795,0.9810462471569371,0.981742212554461,0.9818043972706596,0.981806660416533,0.9818043972706596,0.9855931025786585,0.9855951478392722,0.9848242010249683,0.9848369977255497,0.9855867027224325,0.9855951478392722,0.9783751929423011,0.981806660416533,0.0030175406084352874,0.0007625016974642795
pendigits,symmetric_20,symmetric,3,20.132701421800945,0.9854766075290019,0.9855951478392722,0.9785019659686572,0.9787717968157695,0.9869838959795443,0.9871114480667172,0.9868616394346788,0.9871114480667172,0.9830359749985034,0.9833206974981046,0.9815630804170418,0.9818043972706596,0.9823049556649416,0.9869838959795443,-0.003947920981040909,-0.0014728945814616035
pendigits,symmetric_20,symmetric,4,19.446550416982564,0.9788921028287761,0.9787556904400607,0.9759355472388018,0.9757207890743551,0.9796181732317937,0.9795144157814871,0.9819248720710172,0.9817905918057663,0.9781602598214512,0.9779969650986343,0.976516194367435,0.9764795144157815,0.9769538124102545,0.9796181732317937,-0.001457913410342515,-0.0016440654540161859
pendigits,symmetric_30,symmetric,0,29.687203791469198,0.9879716535931768,0.9878695981804397,0.9727798011355435,0.9727065959059894,0.979590487221474,0.979529946929492,0.9825777418066324,0.9825625473843821,0.9803618107475242,0.9802880970432145,0.9795554301917395,0.979529946929492,0.9761288724771165,0.9879716535931768,-0.007609842845652692,-0.000806380555784636
pendigits,symmetric_30,symmetric,1,29.497630331753555,0.981829093823935,0.9818043972706596,0.9668460899264277,0.9666413949962093,0.9780386785669078,0.978013646702047,0.9774470688355702,0.9772554965883244,0.9720384176716836,0.9719484457922669,0.9667700400572606,0.9666413949962093,0.9713538736367742,0.981829093823935,-0.009790676152251376,-0.005268377614423003
pendigits,symmetric_30,symmetric,2,29.876777251184834,0.9727981150176458,0.9727065959059894,0.9544098170014583,0.954510993176649,0.9652218389647903,0.9651250947687642,0.9720728234270064,0.9719484457922669,0.9704480578077085,0.9704321455648218,0.968303305839445,0.9681576952236542,0.9632094855599331,0.9727981150176458,-0.0023500572099373063,-0.0021447519682634697
pendigits,symmetric_30,symmetric,3,29.459715639810426,0.9734862787596221,0.9734647460197119,0.9598614253235331,0.9598180439727066,0.9705562122672415,0.9704321455648218,0.9742578594318612,0.9742228961334344,0.9697419521471311,0.9696739954510993,0.9712171083295088,0.9711902956785443,0.9677038453759161,0.9734862787596221,-0.0037443266124910224,0.0014751561823777015
pendigits,symmetric_30,symmetric,4,30.818802122820316,0.9722416550822045,0.9719271623672231,0.9506802797633069,0.9506828528072838,0.9720075895134137,0.9719271623672231,0.9719697923353335,0.9719271623672231,0.9628070299202218,0.9628224582701063,0.9620572592721015,0.9620637329286799,0.9626162812738444,0.9722416550822045,-0.00943462516198268,-0.0007497706481203181
pendigits,symmetric_40,symmetric,0,39.29857819905213,0.9727634695820907,0.9727065959059894,0.9376691102091105,0.9378316906747536,0.9596926461403802,0.9598180439727066,0.9620387782335251,0.9620924943138741,0.9546106632457704,0.954510993176649,0.953161107035549,0.9529946929492039,0.9354112785955787,0.9727634695820907,-0.018152806336320326,-0.0014495562102213588
pendigits,symmetric_40,symmetric,1,40.37914691943128,0.9575601787019286,0.9575435936315391,0.914735732272222,0.9150871872630781,0.9354929663742467,0.935557240333586,0.9413791966153315,0.9416224412433661,0.941526631203628,0.9416224412433661,0.9392565510536824,0.9393479909021987,0.933432370797589,0.9575601787019286,-0.01603354749830055,-0.0022700801499455636
pendigits,symmetric_40,symmetric,2,39.65876777251185,0.9627323034163602,0.9628506444275967,0.9305080089623887,0.9302501895375285,0.946866210533534,0.9469294920394238,0.9515359815716902,0.9514783927217589,0.9463342247054379,0.9461713419257013,0.9402411178537268,0.9401061410159212,0.9418592786344034,0.9627323034163602,-0.016398078710922248,-0.006093106851711161
pendigits,symmetric_40,symmetric,3,40.60663507109005,0.9657000512713874,0.9658832448824868,0.9316489016273994,0.9317664897649734,0.954363328282956,0.954510993176649,0.957422357526935,0.9575435936315391,0.9475061735374857,0.9476876421531463,0.9505864224756767,0.9507202426080363,0.9438304216504491,0.9657000512713874,-0.018193877733901687,0.0030802489381910325
pendigits,symmetric_40,symmetric,4,39.992418498862776,0.9626267911307863,0.9628224582701063,0.9233457504170396,0.9233687405159332,0.9513383120427674,0.9514415781487102,0.9535295268534292,0.9537177541729894,0.9482749925209244,0.9484066767830045,0.9437399865931827,0.9438543247344461,0.9378879888774394,0.9626267911307863,-0.01435179860986191,-0.004535005927741698
satimage,asymmetric_10,asymmetric,0,10.038860103626943,0.8852884017629519,0.9042690815006468,0.8908543280780385,0.906856403622251,0.8855568948495552,0.9042690815006468,0.8890299869293617,0.906856403622251,0.8911604088423819,0.9094437257438551,0.895944986055063,0.9133247089262613,0.9471311003724762,0.8908543280780385,0.00030608076434335274,0.004784577212681107
satimage,asymmetric_10,asymmetric,1,11.006798316607316,0.8663383434451349,0.8898963730569949,0.871558279244582,0.8950777202072538,0.8717937660565244,0.8924870466321243,0.8760010711671815,0.8989637305699482,0.8652883726546613,0.8911917098445595,0.8613439912126742,0.8886010362694301,0.936264460373453,0.8717937660565244,-0.006505393401863069,-0.003944381441987055
satimage,asymmetric_10,asymmetric,2,9.841372612495954,0.8920893486757014,0.9067357512953368,0.8808555675432315,0.8950777202072538,0.89393236542262,0.9093264248704663,0.8897723249021098,0.9041450777202072,0.886264768524541,0.9015544041450777,0.8893661351498761,0.9041450777202072,0.9518711265022987,0.89393236542262,-0.007667596898079054,0.0031013666253351113
satimage,asymmetric_10,asymmetric,3,9.906118484946584,0.8857450433035905,0.9067357512953368,0.8888300900203502,0.9080310880829016,0.897136351235404,0.9132124352331606,0.893122579606843,0.9106217616580311,0.8862210821430042,0.905440414507772,0.8843421788789678,0.905440414507772,0.9556950669395597,0.897136351235404,-0.010915269092399815,-0.0018789032640363912
satimage,asymmetric_10,asymmetric,4,10.747814826804792,0.9052775782622776,0.9196891191709845,0.8985414773552755,0.917098445595855,0.9067362690482993,0.9196891191709845,0.9010764440971627,0.9183937823834197,0.8930544462968383,0.9132124352331606,0.8926557013691525,0.9132124352331606,0.9492355859468301,0.9067362690482993,-0.013681822751461015,-0.00039874492768576797
satimage,asymmetric_20,asymmetric,0,21.340673575129536,0.8768623962329499,0.8939197930142303,0.8437027903841017,0.8615782664941786,0.8833534354811823,0.8990944372574385,0.8742379242906226,0.8913324708926261,0.8715135825956039,0.8913324708926261,0.8758945916443178,0.8978007761966365,0.9159468462631472,0.8833534354811823,-0.011839852885578428,0.004381009048713969
satimage,asymmetric_20,asymmetric,1,20.135966332146328,0.8513936794862594,0.8756476683937824,0.8328819715125858,0.8575129533678757,0.8635208566296572,0.8860103626943006,0.8573223598033058,0.8795336787564767,0.8417292358742339,0.8652849740932642,0.8404010843857855,0.866580310880829,0.9185478190409139,0.8635208566296572,-0.02179162075542329,-0.001328151488448337
satimage,asymmetric_20,asymmetric,2,19.19715118161217,0.883079183181421,0.8989637305699482,0.8501152592552459,0.8639896373056994,0.8845153433563383,0.8989637305699482,0.87286543515522,0.8886010362694301,0.8591828906966524,0.8795336787564767,0.8645927295436996,0.8873056994818653,0.9200479411239967,0.8845153433563383,-0.025332452659685867,0.005409838847047155
satimage,asymmetric_20,asymmetric,3,20.4920686306248,0.8783680090154626,0.9002590673575129,0.8464062125284827,0.8730569948186528,0.8871645044197405,0.905440414507772,0.8754537911370996,0.8976683937823834,0.8507258253551894,0.8782383419689119,0.8481735707127918,0.8795336787564767,0.9255450694394097,0.8871645044197405,-0.036438679064551116,-0.002552254642397611
satimage,asymmetric_20,asymmetric,4,19.391388798964066,0.8927409521399161,0.9106217616580311,0.8659300517714076,0.8860103626943006,0.8960361308081342,0.9119170984455959,0.8922434912356526,0.9106217616580311,0.8768290951729117,0.8963730569948186,0.8747084410357368,0.8976683937823834,0.9255804405172029,0.8960361308081342,-0.019207035635222414,-0.002120654137174993
satimage,asymmetric_30,asymmetric,0,29.889896373056995,0.8431833713353152,0.8641655886157826,0.7757684069992049,0.7917205692108668,0.8350657166721422,0.8564036222509702,0.819656114949033,0.8369987063389392,0.8259247899191671,0.8499353169469599,0.8364327371759194,0.8654592496765847,0.8745961589697798,0.8431833713353152,-0.01725858141614811,0.010507947256752304
satimage,asymmetric_30,asymmetric,1,29.07089673033344,0.8020617060856563,0.8303108808290155,0.7564249142023156,0.7823834196891192,0.8268594989544092,0.8497409326424871,0.7923861090553365,0.8160621761658031,0.7897990287077529,0.8238341968911918,0.7794568618888412,0.8147668393782384,0.8579311622398548,0.8268594989544092,-0.037060470246656374,-0.010342166818911647
satimage,asymmetric_30,asymmetric,2,29.97733894464228,0.8382827576174448,0.8562176165803109,0.7800168480253902,0.7992227979274611,0.8314255333978289,0.8510362694300518,0.8029839809593735,0.8199481865284974,0.8097635575672509,0.8393782383419689,0.8127407323757644,0.8419689119170984,0.8781221187145961,0.8382827576174448,-0.028519200050193816,0.0029771748085134497
satimage,asymmetric_30,asymmetric,3,28.811913240530917,0.8490771827196655,0.8691709844559585,0.7650754683159032,0.788860103626943,0.8494976164985223,0.8704663212435233,0.8162942719707953,0.8380829015544041,0.8233300086665422,0.8536269430051814,0.8284041771303529,0.8588082901554405,0.8737439052613193,0.8494976164985223,-0.026167607831980133,0.005074168463810702
satimage,asymmetric_30,asymmetric,4,30.689543541599225,0.8276375684687328,0.8523316062176166,0.7675637978010856,0.788860103626943,0.8535757143710128,0.8743523316062176,0.8126904013307038,0.832901554404145,0.8538213434774802,0.8782383419689119,0.8576763263343622,0.8821243523316062,0.8499633582967183,0.8535757143710128,0.0002456291064674154,0.0038549828568820166
satimage,asymmetric_40,asymmetric,0,38.53626943005181,0.7513535930337976,0.7710219922380336,0.656409368582783,0.6765847347994826,0.7410241238233634,0.7580853816300129,0.7042873081730531,0.7257438551099612,0.766732354080715,0.7943078913324709,0.7644812300840398,0.7904269081500647,0.8150877319084566,0.7513535930337976,0.015378761046917488,-0.002251123996675264
satimage,asymmetric_40,asymmetric,1,40.72515377144707,0.6647360658874056,0.6994818652849741,0.6163424987881685,0.6437823834196891,0.671064901390693,0.7033678756476683,0.6450759230172753,0.677461139896373,0.7052891197631217,0.75,0.6923694764605436,0.7409326424870466,0.8216982989847007,0.671064901390693,0.03422421837242873,-0.01291964330257811
satimage,asymmetric_40,asymmetric,2,39.00938815150534,0.7465270380057766,0.7642487046632125,0.6392457992817268,0.6580310880829016,0.7498016155793518,0.7707253886010362,0.6942461421670779,0.7137305699481865,0.789893150154322,0.822538860103627,0.764707247183532,0.7966321243523317,0.7863190292928103,0.7498016155793518,0.04009153457497028,-0.02518590297079004
satimage,asymmetric_40,asymmetric,3,40.854645516348334,0.6977850867558932,0.7189119170984456,0.6323715925389445,0.6541450777202072,0.7160108174790419,0.7370466321243523,0.6706786866837261,0.6904145077720207,0.7036694115560979,0.7357512953367875,0.7030659210592741,0.7344559585492227,0.7874585575974568,0.7160108174790419,-0.012341405922944082,-0.0006034904968237331
satimage,asymmetric_40,asymmetric,4,38.815150534153446,0.7228908416046256,0.7525906735751295,0.6452756640175433,0.6658031088082902,0.7475570308826581,0.7707253886010362,0.6881870278566565,0.711139896373057,0.766946291709737,0.8044041450777202,0.7535965751966874,0.7940414507772021,0.7870702085732608,0.7475570308826581,0.019389260827078925,-0.013349716513049614
satimage,clean_0,clean,0,0.0,0.8928810392257773,0.9107373868046572,0.9060668433595587,0.9236739974126779,0.8965706036373997,0.9133247089262613,0.9052893241773384,0.9223803363518758,0.9016438179384986,0.9197930142302717,0.9030014268642684,0.9210866752910737,0.9636412188397815,0.9060668433595587,-0.0044230254210601005,0.0013576089257698598
satimage,clean_0,clean,1,0.0,0.8694717126822039,0.8924870466321243,0.8740793239973832,0.8976683937823834,0.8732778844521983,0.8950777202072538,0.8728045395380849,0.8950777202072538,0.8826870209649745,0.9041450777202072,0.8786636244342353,0.9002590673575129,0.959178291804414,0.8740793239973832,0.008607696967591338,-0.004023396530739243
satimage,clean_0,clean,2,0.0,0.8913596594701282,0.9067357512953368,0.897946601183699,0.9132124352331606,0.8995405363724882,0.9132124352331606,0.899459886161818,0.9158031088082902,0.9000187962936897,0.9145077720207254,0.8965515666966869,0.9106217616580311,0.95879296238444,0.8995405363724882,0.00047825992120154037,-0.003467229597002852
satimage,clean_0,clean,3,0.0,0.9023862795681349,0.917098445595855,0.9089457534959369,0.9235751295336787,0.8924672584076623,0.9080310880829016,0.9103437700448173,0.9235751295336787,0.9113738229908056,0.9248704663212435,0.9084851082755246,0.9235751295336787,0.9653032172397618,0.9089457534959369,0.0024280694948687342,-0.00288871471528096
satimage,clean_0,clean,4,0.0,0.8957960165943116,0.9119170984455959,0.9029532845520802,0.9183937823834197,0.9042076150532266,0.9183937823834197,0.9041984092011025,0.9196891191709845,0.9030357432712646,0.9183937823834197,0.9039231039868411,0.9196891191709845,0.9496479339363365,0.9042076150532266,-0.0011718717819619862,0.0008873607155764907
satimage,pairflip_40,pairflip,0,19.52720207253886,0.8097800320323659,0.8499353169469599,0.7730178517960637,0.8227684346701164,0.8233097725105109,0.8628719275549805,0.8004751922062932,0.8447606727037517,0.8351498329322905,0.8783958602846055,0.8189254225251301,0.8667529107373868,0.8912545441770243,0.8233097725105109,0.011840060421779652,-0.016224410407160383
satimage,pairflip_40,pairflip,1,21.68986727096148,0.7257571284859435,0.7875647668393783,0.6959095547342743,0.7616580310880829,0.7185520191828462,0.7849740932642487,0.7073670950096643,0.7707253886010362,0.7249554403037121,0.8082901554404145,0.7318730044675824,0.8082901554404145,0.890991370768492,0.7257571284859435,-0.0008016881822314748,0.006917564163870349
satimage,pairflip_40,pairflip,2,20.03884752347038,0.7776420996359278,0.8199481865284974,0.7488693213232344,0.7927461139896373,0.7925052355573922,0.8303108808290155,0.764880100556447,0.805699481865285,0.7981102240596658,0.8458549222797928,0.795467341844398,0.8419689119170984,0.88353531151617,0.7925052355573922,0.0056049885022736445,-0.002642882215267761
satimage,pairflip_40,pairflip,3,21.560375526060213,0.7432723636413986,0.7953367875647669,0.725024237665444,0.7772020725388601,0.7449129971526052,0.7979274611398963,0.7443957478905762,0.7927461139896373,0.7871037977110898,0.8393782383419689,0.7817633297403601,0.8367875647668394,0.8748283137921261,0.7449129971526052,0.042190800558484676,-0.005340467970729734
satimage,pairflip_40,pairflip,4,20.751052120427325,0.7861627646371132,0.8354922279792746,0.7460953657670885,0.7992227979274611,0.7840413197487974,0.8341968911917098,0.7614809685178213,0.8147668393782384,0.7755609028336597,0.8510362694300518,0.7431222732381942,0.822538860103627,0.8696926082398312,0.7861627646371132,-0.01060186180345346,-0.03243862959546551
satimage,symmetric_10,symmetric,0,10.038860103626943,0.8870353216697078,0.9055627425614489,0.8823925154070064,0.9029754204398448,0.8938914971302693,0.9107373868046572,0.8902440386957413,0.9107373868046572,0.8850935249955391,0.9055627425614489,0.8932727196310735,0.9133247089262613,0.9568018440653298,0.8938914971302693,-0.008797972134730214,0.008179194635534404
satimage,symmetric_10,symmetric,1,11.006798316607316,0.8709714369185684,0.8950777202072538,0.8842675651586531,0.905440414507772,0.8760133751364997,0.8963730569948186,0.8887154089610413,0.9093264248704663,0.8821522759655456,0.9041450777202072,0.8862121469805823,0.9067357512953368,0.9501407941835082,0.8842675651586531,-0.00211528919310755,0.004059871015036687
satimage,symmetric_10,symmetric,2,9.841372612495954,0.8924069778318752,0.9093264248704663,0.8813083231806592,0.8976683937823834,0.8915262582799232,0.9067357512953368,0.8833637449327062,0.9002590673575129,0.89281997324094,0.9093264248704663,0.8874438324321372,0.9041450777202072,0.9427238187238031,0.8924069778318752,0.00041299540906480914,-0.005376140808802776
satimage,symmetric_10,symmetric,3,9.906118484946584,0.8840793553580893,0.905440414507772,0.8927417871411024,0.9119170984455959,0.8900659895041992,0.9080310880829016,0.8911611632239969,0.9119170984455959,0.890183940019824,0.9106217616580311,0.8891305938194143,0.9093264248704663,0.9609977635777017,0.8927417871411024,-0.002557847121278378,-0.001053346200409755
satimage,symmetric_10,symmetric,4,10.747814826804792,0.89689541968258,0.9132124352331606,0.9083612920810493,0.9209844559585493,0.900694165801883,0.9145077720207254,0.9053059172918041,0.9209844559585493,0.9105281108432197,0.9235751295336787,0.9065498386869236,0.9209844559585493,0.9593895252005175,0.9083612920810493,0.002166818762170397,-0.003978272156296092
satimage,symmetric_20,symmetric,0,21.340673575129536,0.8921621182125841,0.9094437257438551,0.8744920434197985,0.8952134540750324,0.8875793716032493,0.9055627425614489,0.8843456350292062,0.9029754204398448,0.8864918608723914,0.9042690815006468,0.8878883269981109,0.906856403622251,0.9456125499829618,0.8921621182125841,-0.005670257340192664,0.001396466125719531
satimage,symmetric_20,symmetric,1,20.135966332146328,0.8685646810965056,0.8937823834196891,0.8677609097005687,0.8937823834196891,0.8697620552168868,0.8924870466321243,0.8764030529576328,0.8989637305699482,0.8666181845860322,0.8911917098445595,0.8562475260715011,0.8847150259067358,0.9397027003069492,0.8697620552168868,-0.0031438706308545283,-0.010370658514531117
satimage,symmetric_20,symmetric,2,19.19715118161217,0.8815380467018068,0.8989637305699482,0.8784502528612445,0.8950777202072538,0.8784971054893446,0.8963730569948186,0.8920844739529644,0.9067357512953368,0.879955198741615,0.8989637305699482,0.8701395945638014,0.8911917098445595,0.94333739184516,0.8815380467018068,-0.0015828479601918133,-0.009815604177813575
satimage,symmetric_20,symmetric,3,20.4920686306248,0.8954591462534788,0.9132124352331606,0.896172610285043,0.9145077720207254,0.8919739299995149,0.9106217616580311,0.8957080561600029,0.9145077720207254,0.8934765188435243,0.9132124352331606,0.8942730318931318,0.9158031088082902,0.961439077281216,0.896172610285043,-0.002696091441518722,0.0007965130496074835
satimage,symmetric_20,symmetric,4,19.391388798964066,0.9092049207459522,0.9248704663212435,0.8954761116289719,0.9119170984455959,0.913246436886798,0.927461139896373,0.909792470831816,0.9248704663212435,0.9050600327243546,0.9209844559585493,0.9019431218271882,0.9196891191709845,0.9503133453840357,0.913246436886798,-0.008186404162443317,-0.0031169108971664805
satimage,symmetric_30,symmetric,0,29.889896373056995,0.8830728683055517,0.9042690815006468,0.8574163075627825,0.8796895213454075,0.8832799730270193,0.9042690815006468,0.8748656276280586,0.8965071151358344,0.8763551254369105,0.8990944372574385,0.8764408162853394,0.8990944372574385,0.9280516418166206,0.8832799730270193,-0.006924847590108807,8.569084842890984e-05
satimage,symmetric_30,symmetric,1,29.07089673033344,0.8612000715170182,0.8847150259067358,0.8292807822059033,0.8575129533678757,0.8551794977704112,0.8795336787564767,0.8558299804825236,0.883419689119171,0.8549932852922165,0.8821243523316062,0.8508966009301876,0.8795336787564767,0.9208972087355694,0.8612000715170182,-0.0062067862248016414,-0.004096684362028924
satimage,symmetric_30,symmetric,2,29.97733894464228,0.8731965245660908,0.8924870466321243,0.8572052908799631,0.8795336787564767,0.8686001490252702,0.8860103626943006,0.8711728942970541,0.8898963730569949,0.8690738243788312,0.8886010362694301,0.8709008883387024,0.8898963730569949,0.9225889586005236,0.8731965245660908,-0.004122700187259576,0.0018270639598712002
satimage,symmetric_30,symmetric,3,28.811913240530917,0.8913194913391194,0.9067357512953368,0.8611438354393407,0.8808290155440415,0.8974000115795708,0.9119170984455959,0.8822275950943891,0.9002590673575129,0.8850886631645044,0.9028497409326425,0.8835948251647956,0.9015544041450777,0.9398299543258517,0.8974000115795708,-0.012311348415066425,-0.0014938379997088136
satimage,symmetric_30,symmetric,4,30.689543541599225,0.8999188240107968,0.9183937823834197,0.8795731563794119,0.8976683937823834,0.9039759333701304,0.9196891191709845,0.9016399635197603,0.9196891191709845,0.8988175975166448,0.9183937823834197,0.8949691415880503,0.9158031088082902,0.9269156860140718,0.9039759333701304,-0.005158335853485574,-0.0038484559285945075
satimage,symmetric_40,symmetric,0,38.53626943005181,0.8736451297299048,0.8939197930142303,0.8284471918405433,0.8486416558861578,0.8800414174415992,0.8978007761966365,0.8633803724882342,0.8848641655886158,0.8589382751466648,0.8822768434670116,0.8604876974043499,0.8835705045278137,0.9166212571574942,0.8800414174415992,-0.021103142294934485,0.0015494222576851735
satimage,symmetric_40,symmetric,1,40.72515377144707,0.832938767102628,0.866580310880829,0.7955677901251065,0.8277202072538861,0.8483112662615454,0.8769430051813472,0.8399781667335247,0.8691709844559585,0.8396732741902166,0.8743523316062176,0.8401240883703941,0.8756476683937824,0.8902041344161291,0.8483112662615454,-0.00863799207132876,0.0004508141801774501
satimage,symmetric_40,symmetric,2,39.00938815150534,0.8725100560003454,0.8886010362694301,0.8164333146898448,0.8393782383419689,0.8673216423397054,0.8860103626943006,0.8631247845733494,0.883419689119171,0.8702158408884864,0.8924870466321243,0.8579413387426987,0.8808290155440415,0.8888492349297019,0.8725100560003454,-0.0022942151118590104,-0.012274502145787625
satimage,symmetric_40,symmetric,3,40.854645516348334,0.8628397009385068,0.8821243523316062,0.8148672244760437,0.8367875647668394,0.8627601793951908,0.8821243523316062,0.8530030375825278,0.8730569948186528,0.8605321490104219,0.883419689119171,0.8482929268848896,0.8717616580310881,0.8901904936958593,0.8628397009385068,-0.002307551928084961,-0.0122392221255323
satimage,symmetric_40,symmetric,4,38.815150534153446,0.8902155909697568,0.9067357512953368,0.8327291105990339,0.8575129533678757,0.8780512605304254,0.8963730569948186,0.8766561852134357,0.8950777202072538,0.8795924521760358,0.9002590673575129,0.8593930074056985,0.8873056994818653,0.9116700513904039,0.8902155909697568,-0.01062313879372101,-0.020199444770337305
shuttle,asymmetric_10,asymmetric,0,10.158333333333333,0.7291199660924124,0.9331666666666667,0.8760618978955947,0.9968333333333333,0.7043388763969644,0.8625,0.7646357509358929,0.9746666666666667,0.7426009211053226,0.9946666666666667,0.8921457369913114,0.9971666666666666,0.7922190103548852,0.8760618978955947,-0.13346097679027213,0.14954481588598878
shuttle,asymmetric_10,asymmetric,1,10.1625,0.7336614834862484,0.9335,0.9197016503683212,0.9976666666666667,0.6976098313332101,0.8616666666666667,0.7839822358580455,0.9766666666666667,0.7926374315764253,0.9946666666666667,0.9118090231723869,0.9966666666666667,0.7892827735379379,0.9197016503683212,-0.1270642187918959,0.11917159159596158
shuttle,asymmetric_10,asymmetric,2,10.05,0.7235530756910251,0.9271666666666667,0.8753127558067084,0.9961666666666666,0.6949050047447419,0.8656666666666667,0.7729716737730734,0.974,0.8694653392530035,0.9961666666666666,0.872950226236117,0.9975,0.7920797085622749,0.8753127558067084,-0.005847416553704909,0.0034848869831134444
shuttle,asymmetric_10,asymmetric,3,9.766666666666666,0.7343742625364235,0.9386666666666666,0.9070721626583108,0.9976666666666667,0.7078145400776206,0.8798333333333334,0.7830349668792544,0.9801666666666666,0.9467888667798221,0.998,0.9307642978221283,0.998,0.8116366320751708,0.9070721626583108,0.03971670412151129,-0.016024568957693774
shuttle,asymmetric_10,asymmetric,4,10.2875,0.7257336305581553,0.9295,0.9316394707300443,0.9975,0.6994980809086122,0.8715,0.7752764369940763,0.974,0.8349012932287316,0.9955,0.9010577716911051,0.9975,0.8010065267932842,0.9316394707300443,-0.09673817750131264,0.06615647846237349
shuttle,asymmetric_20,asymmetric,0,20.125,0.6631212829826165,0.8463333333333334,0.8381473989180654,0.9928333333333333,0.6452971585595101,0.7711666666666667,0.7070428205247519,0.9276666666666666,0.738547508008103,0.9933333333333333,0.7410820144261436,0.9943333333333333,0.6872937888167696,0.8381473989180654,-0.09959989090996246,0.0025345064180406496
shuttle,asymmetric_20,asymmetric,1,19.9125,0.676248231928702,0.8573333333333333,0.8347383563875654,0.9913333333333333,0.6485904242543368,0.7813333333333333,0.7183525583751587,0.9293333333333333,0.7388624614664787,0.9931666666666666,0.7420728726854656,0.9943333333333333,0.6985290543232985,0.8347383563875654,-0.09587589492108672,0.0032104112189869083
shuttle,asymmetric_20,asymmetric,2,19.4375,0.6627083839010599,0.8548333333333333,0.8161169131543988,0.9921666666666666,0.6353282878419892,0.7775,0.7050261331994404,0.93,0.8273322353323964,0.9926666666666667,0.8341663853470533,0.9953333333333333,0.6893594701251455,0.8161169131543988,0.011215322177997589,0.006834150014656926
shuttle,asymmetric_20,asymmetric,3,20.2875,0.6712615739806225,0.8498333333333333,0.851226642468568,0.9925,0.645024909972622,0.7738333333333334,0.7140234119358058,0.9298333333333333,0.78956001173876,0.9936666666666667,0.8369979317368803,0.9965,0.6893596306002555,0.851226642468568,-0.06166663072980805,0.047437919998120304
shuttle,asymmetric_20,asymmetric,4,19.8375,0.6570618595203072,0.8471666666666666,0.7906273648236735,0.99,0.6339173296441893,0.7765,0.693120333051704,0.9171666666666667,0.7833804972238919,0.9921666666666666,0.7897035854853391,0.9938333333333333,0.6900763980746346,0.7906273648236735,-0.007246867599781548,0.0063230882614472295
shuttle,asymmetric_30,asymmetric,0,30.012499999999996,0.5921700790599035,0.7565,0.7475990651333428,0.9735,0.5811656140653,0.689,0.6327246377280769,0.8311666666666667,0.7544528545389859,0.9891666666666666,0.7569387884531932,0.9901666666666666,0.6133646563757861,0.7475990651333428,0.006853789405643074,0.002485933914207261
shuttle,asymmetric_30,asymmetric,1,29.50833333333333,0.6027301561171373,0.7606666666666667,0.7864608096154498,0.9803333333333333,0.5914179317833006,0.6846666666666666,0.6499449305086472,0.8421666666666666,0.8044944613212103,0.9933333333333333,0.7589803449508234,0.9916666666666667,0.6026818308557297,0.7864608096154498,0.018033651705760434,-0.045514116370386826
shuttle,asymmetric_30,asymmetric,2,30.0375,0.6031455116216731,0.7438333333333333,0.7538155986062713,0.973,0.5873784734920975,0.6743333333333333,0.6464674796683774,0.8363333333333334,0.7878181651789742,0.993,0.7850010647831984,0.992,0.6101878653284883,0.7538155986062713,0.03400256657270284,-0.0028171003957757623
shuttle,asymmetric_30,asymmetric,3,29.770833333333336,0.6003425500762546,0.7521666666666667,0.7831820355840072,0.9781666666666666,0.5774475936830394,0.6816666666666666,0.6413892537980798,0.8338333333333333,0.8660766982926247,0.9948333333333333,0.8076559051504029,0.9936666666666667,0.6039257118832092,0.7831820355840072,0.08289466270861745,-0.058420793142221816
shuttle,asymmetric_30,asymmetric,4,30.020833333333336,0.5949239363653542,0.7461666666666666,0.7628083787851918,0.975,0.5757512774823006,0.6828333333333333,0.6300618423279538,0.8173333333333334,0.8044472055055056,0.9913333333333333,0.788707845848604,0.9933333333333333,0.6087489309523332,0.7628083787851918,0.041638826720313826,-0.015739359656901653
shuttle,asymmetric_40,asymmetric,0,39.625,0.533007430311562,0.6521666666666667,0.6552607538030283,0.9083333333333333,0.5273547854967127,0.6051666666666666,0.5596347429885653,0.698,0.764638865847186,0.9893333333333333,0.757572355593426,0.9871666666666666,0.576369393740981,0.6552607538030283,0.1093781120441577,-0.007066510253760039
shuttle,asymmetric_40,asymmetric,1,39.90416666666667,0.5147345746394585,0.6211666666666666,0.6599820709076702,0.9031666666666667,0.5146447648652452,0.5878333333333333,0.5418578828275106,0.6758333333333333,0.8592146157102873,0.9961666666666666,0.8064635079212648,0.9915,0.5649182129188486,0.6599820709076702,0.1992325448026171,-0.05275110778902259
shuttle,asymmetric_40,asymmetric,2,39.925,0.4986762499334224,0.6196666666666667,0.6339316670170949,0.8953333333333333,0.49778243662082794,0.5798333333333333,0.5298623342408367,0.6788333333333333,0.8522381226223283,0.9971666666666666,0.8314580910241164,0.9943333333333333,0.5666675520973592,0.6339316670170949,0.21830645560523343,-0.020780031598211957
shuttle,asymmetric_40,asymmetric,3,40.1,0.5056094927117196,0.6233333333333333,0.6492446864267531,0.9048333333333334,0.5054889114789154,0.586,0.538402124394681,0.6795,0.8140827304873983,0.996,0.8136701275426911,0.9915,0.5595654374757232,0.6492446864267531,0.16483804406064517,-0.000412602944707241
shuttle,asymmetric_40,asymmetric,4,40.10416666666667,0.5134118084361274,0.619,0.658108082736396,0.902,0.5059999462063571,0.5816666666666667,0.5380715412765338,0.669,0.8229331502045005,0.9948333333333333,0.8154940811169202,0.9913333333333333,0.557175510417407,0.658108082736396,0.16482506746810455,-0.007439069087580297
shuttle,clean_0,clean,0,0.0,0.9160782399418763,0.9978333333333333,0.9460521437416419,0.999,0.8711735559827793,0.9956666666666667,0.9210283862909685,0.9981666666666666,0.9497323002147045,0.999,0.9465662021389093,0.9988333333333334,0.9918799765420164,0.9460521437416419,0.0036801564730625236,-0.003166098075795154
shuttle,clean_0,clean,1,0.0,0.9200836255732399,0.9976666666666667,0.9595451302237137,0.9991666666666666,0.8908994838190585,0.9961666666666666,0.928253564617201,0.998,0.9595451302237137,0.9991666666666666,0.946565963756053,0.9988333333333334,0.9931220256288243,0.9595451302237137,0.0,-0.01297916646766073
shuttle,clean_0,clean,2,0.0,0.8907743499460785,0.9966666666666667,0.9331216931216931,0.9986666666666667,0.8867352879961775,0.9955,0.885833750818914,0.9966666666666667,0.9433631823131992,0.9988333333333334,0.9428573105878153,0.9986666666666667,0.9909474753287908,0.9331216931216931,0.010241489191506026,-0.0005058717253838552
shuttle,clean_0,clean,3,0.0,0.902997060137345,0.9975,0.9099978679290205,0.9983333333333333,0.873749882663655,0.9958333333333333,0.9070721626583108,0.9976666666666667,0.9044295157834534,0.9981666666666666,0.9369454797885866,0.9986666666666667,0.9927955058489197,0.9099978679290205,-0.005568352145567057,0.032515964005133124
shuttle,clean_0,clean,4,0.0,0.9020536627648332,0.9966666666666667,0.954826195748359,0.9986666666666667,0.8648445886620542,0.9931666666666666,0.9090189072043968,0.9968333333333333,0.9700876735951118,0.9991666666666666,0.9521226497834047,0.9986666666666667,0.9863826863295183,0.954826195748359,0.015261477846752802,-0.01796502381170717
shuttle,pairflip_40,pairflip,0,39.625,0.5148339616748151,0.6481666666666667,0.6593022306737797,0.922,0.5045706169171789,0.6133333333333333,0.545324205568635,0.7031666666666667,0.6342624558898653,0.9641666666666666,0.6926701153707066,0.9663333333333334,0.5824253508134958,0.6593022306737797,-0.025039774783914392,0.058407659480841256
shuttle,pairflip_40,pairflip,1,39.90416666666667,0.4971884372642866,0.6233333333333333,0.665317953565154,0.9205,0.488710380314201,0.5966666666666667,0.5286020377645512,0.6848333333333333,0.68085605179882,0.9693333333333334,0.7100097142415601,0.9708333333333333,0.5662847745106517,0.665317953565154,0.015538098233666031,0.02915366244274009
shuttle,pairflip_40,pairflip,2,39.925,0.48191560384325915,0.6258333333333334,0.6353940680877364,0.907,0.472893871707231,0.5888333333333333,0.5151368100422149,0.6891666666666667,0.5483167323626297,0.9505,0.5671391937519593,0.953,0.5716882077533156,0.6353940680877364,-0.08707733572510667,0.018822461389329637
shuttle,pairflip_40,pairflip,3,40.1,0.4864493637287515,0.6243333333333333,0.6578848118438303,0.9211666666666667,0.4827685205489538,0.5978333333333333,0.5182824969345343,0.6866666666666666,0.684085472654927,0.9695,0.6999504505045846,0.9638333333333333,0.5676545366701657,0.6578848118438303,0.026200660811096732,0.01586497784965757
shuttle,pairflip_40,pairflip,4,40.10416666666667,0.4938585222480598,0.6206666666666667,0.6667112141666094,0.9225,0.48351649321950846,0.5875,0.5155414209464055,0.6726666666666666,0.6272091241584458,0.9635,0.6435266415158404,0.9618333333333333,0.5575447160908293,0.6667112141666094,-0.039502090008163626,0.016317517357394618
shuttle,symmetric_10,symmetric,0,10.158333333333333,0.7179830556802798,0.9415,0.9562596037386825,0.999,0.6833382685604074,0.908,0.8046108498121561,0.9836666666666667,0.9222518793041738,0.9985,0.9084811594429624,0.998,0.8383620122937768,0.9562596037386825,-0.03400772443450861,-0.013770719861211478
shuttle,symmetric_10,symmetric,1,10.1625,0.7200902006797764,0.9433333333333334,0.9200133333613935,0.998,0.6746449098802838,0.9048333333333334,0.8107675675732365,0.9826666666666667,0.9097080076186936,0.9981666666666666,0.9385662358666296,0.9985,0.837591030561847,0.9200133333613935,-0.010305325742699822,0.028858228247935935
shuttle,symmetric_10,symmetric,2,10.05,0.7243783648228064,0.9426666666666667,0.904428375347091,0.9981666666666666,0.6785549787422055,0.903,0.8005071523963,0.9816666666666667,0.8976389787972345,0.9981666666666666,0.8835747248657457,0.9978333333333333,0.8297706690020635,0.904428375347091,-0.006789396549856441,-0.014064253931488802
shuttle,symmetric_10,symmetric,3,9.766666666666666,0.7344824545162754,0.9478333333333333,0.9430203471186368,0.9988333333333334,0.6915494509846674,0.9136666666666666,0.8184296003322293,0.9845,0.9494984346502635,0.999,0.9430203471186368,0.9988333333333334,0.8468558685421432,0.9430203471186368,0.006478087531626708,-0.006478087531626708
shuttle,symmetric_10,symmetric,4,10.2875,0.7248955154157926,0.9411666666666667,0.9476652686407944,0.9981666666666666,0.6760189100462514,0.9006666666666666,0.8031152910718676,0.9815,0.9142526906401415,0.9976666666666667,0.9141437604852238,0.9976666666666667,0.8312050747101042,0.9476652686407944,-0.03341257800065289,-0.00010893015491764135
shuttle,symmetric_20,symmetric,0,20.125,0.6350731038586152,0.8811666666666667,0.8899625548232245,0.9973333333333333,0.5973147769587674,0.8276666666666667,0.7276791066127889,0.9603333333333334,0.7472780261748029,0.9963333333333333,0.8422258529957463,0.9968333333333333,0.7285899602929661,0.8899625548232245,-0.14268452864842163,0.09494782682094338
shuttle,symmetric_20,symmetric,1,19.9125,0.6537558201908864,0.8886666666666667,0.9011266423727321,0.9956666666666667,0.6107347179110583,0.8376666666666667,0.7596957392554585,0.964,0.7465117961658927,0.9953333333333333,0.8866855089044965,0.9965,0.7373127645528604,0.9011266423727321,-0.1546148462068394,0.1401737127386038
shuttle,symmetric_20,symmetric,2,19.4375,0.6362598271714806,0.882,0.8691487422959099,0.9975,0.5954376854726514,0.8231666666666667,0.7369641963327386,0.9638333333333333,0.7480597621307405,0.9963333333333333,0.7476597282544089,0.9961666666666666,0.7234537132798894,0.8691487422959099,-0.12108898016516934,-0.00040003387633169574
shuttle,symmetric_20,symmetric,3,20.2875,0.6409286711608816,0.8763333333333333,0.9039968194992981,0.9978333333333333,0.5993778968827606,0.824,0.7514664467275686,0.9631666666666666,0.7747118130990528,0.9966666666666667,0.8734743498683221,0.9973333333333333,0.7262052076458775,0.9039968194992981,-0.12928500640024532,0.09876253676926927
shuttle,symmetric_20,symmetric,4,19.8375,0.6308857992650836,0.8775,0.8663125768782485,0.9963333333333333,0.5810123104122853,0.8095,0.7233660061874424,0.9536666666666667,0.7462340390655885,0.9958333333333333,0.853307689992182,0.9958333333333333,0.7069571308069694,0.8663125768782485,-0.12007853781265998,0.10707365092659349
shuttle,symmetric_30,symmetric,0,30.012499999999996,0.5563227077590858,0.799,0.8400561092478365,0.994,0.5267823213866221,0.7446666666666667,0.6754046470135405,0.9203333333333333,0.7422451656194717,0.9936666666666667,0.7418522989824228,0.9931666666666666,0.6278951402047847,0.8400561092478365,-0.09781094362836473,-0.00039286663704896085
shuttle,symmetric_30,symmetric,1,29.50833333333333,0.5754494846043833,0.8096666666666666,0.9170493901046279,0.9965,0.5454973114382411,0.7521666666666667,0.6981472544989399,0.9305,0.744497244265993,0.9948333333333333,0.7435921671421515,0.9945,0.6362282913642948,0.9170493901046279,-0.17255214583863498,-0.000905077123841469
shuttle,symmetric_30,symmetric,2,30.0375,0.5627923488956333,0.7986666666666666,0.8301578798628056,0.9928333333333333,0.5303934787399278,0.7438333333333333,0.6691608934692292,0.9175,0.7435463603675535,0.9941666666666666,0.8519187389382825,0.9946666666666667,0.63025400639796,0.8301578798628056,-0.08661151949525214,0.10837237857072901
shuttle,symmetric_30,symmetric,3,29.770833333333336,0.562696147850461,0.8013333333333333,0.8515497302768418,0.9951666666666666,0.5268738717412563,0.7436666666666667,0.6753305631548481,0.9223333333333333,0.7458442805651533,0.9953333333333333,0.7435318430166689,0.9945,0.6274266818692238,0.8515497302768418,-0.10570544971168849,-0.002312437548484425
shuttle,symmetric_30,symmetric,4,30.020833333333336,0.5598876244091944,0.7983333333333333,0.8651755075649874,0.9938333333333333,0.5111634937386387,0.722,0.6627799090941654,0.9076666666666666,0.739220997334664,0.993,0.7387147746450828,0.993,0.6152536544849402,0.8651755075649874,-0.12595451023032345,-0.000506222689581115
shuttle,symmetric_40,symmetric,0,39.625,0.4910974882617795,0.7145,0.8171465504921877,0.9861666666666666,0.46320686219063584,0.6611666666666667,0.5988765918060116,0.8606666666666667,0.7292603079019266,0.9875,0.7253307827043873,0.9856666666666667,0.5521620924510352,0.8171465504921877,-0.08788624259026101,-0.0039295251975393075
shuttle,symmetric_40,symmetric,1,39.90416666666667,0.4785313441808929,0.7003333333333334,0.8153256226282695,0.9853333333333333,0.45956687180092426,0.6555,0.5956854913046687,0.8516666666666667,0.7313249750062216,0.987,0.7298248897884548,0.9866666666666667,0.5412598457856093,0.8153256226282695,-0.08400064762204784,-0.001500085217766789
shuttle,symmetric_40,symmetric,2,39.925,0.46825669593603847,0.6981666666666667,0.7590455328199608,0.9841666666666666,0.45420156882137636,0.653,0.581131500398903,0.844,0.7321043141038837,0.9886666666666667,0.7296529830763171,0.9881666666666666,0.5349022798221259,0.7590455328199608,-0.02694121871607713,-0.002451331027566561
shuttle,symmetric_40,symmetric,3,40.1,0.47234245728372204,0.699,0.7813201493754871,0.987,0.4503824720096768,0.6466666666666666,0.5927684127940592,0.8526666666666667,0.7353374306002188,0.9901666666666666,0.7324209325161404,0.9893333333333333,0.530393152455045,0.7813201493754871,-0.04598271877526827,-0.002916498084078456
shuttle,symmetric_40,symmetric,4,40.10416666666667,0.4738552747893999,0.6878333333333333,0.7728046407973695,0.9853333333333333,0.4440362144965213,0.6321666666666667,0.5801728189612997,0.8323333333333334,0.7313223272801658,0.9883333333333333,0.7299147453693415,0.9878333333333333,0.5252955643613675,0.7728046407973695,-0.04148231351720377,-0.0014075819108242404
