model,noise_type,noise_level,fold,train_size,val_size,actual_noise_pct,runtime_seconds,accuracy,f1_macro,f1_weighted,precision_class_0,recall_class_0,f1_class_0,support_class_0,precision_class_1,recall_class_1,f1_class_1,support_class_1,precision_class_2,recall_class_2,f1_class_2,support_class_2,precision_class_3,recall_class_3,f1_class_3,support_class_3,precision_class_4,recall_class_4,f1_class_4,support_class_4,precision_class_5,recall_class_5,f1_class_5,support_class_5,precision_class_6,recall_class_6,f1_class_6,support_class_6,ensemble,domain,ram_gb,precision_class_7,recall_class_7,f1_class_7,support_class_7,precision_class_8,recall_class_8,f1_class_8,support_class_8,precision_class_9,recall_class_9,f1_class_9,support_class_9
RandomForest,symmetric,0.0,0,278884,69722,0.0,107.97750091552734,0.9428300966696308,0.9083046776663044,0.9426284600569904,0.957010179665004,0.928248298650722,0.9424098406485882,25421,0.9400200889654184,0.9634957053771032,0.951613137519792,33996,0.9123001776198936,0.9575856443719412,0.93439454235361,4291,0.8892405063291139,0.8515151515151516,0.8699690402476781,330,0.8985655737704918,0.7699736611062336,0.8293144208037825,1139,0.8913470993117011,0.8699616122840691,0.8805245264691598,2084,0.9640167364016736,0.9362047947988622,0.9499072356215214,2461,RF,Tabular,,,,,,,,,,,,,
RandomForest,symmetric,0.0,1,278885,69721,0.0,108.149897813797,0.9447081940878644,0.9087498126469188,0.944558764957306,0.9579620929855824,0.9304905393178868,0.944026500109752,25421,0.9428702931277508,0.964142840334157,0.9533879201268196,33996,0.9207427536231884,0.9477855477855478,0.9340684585343442,4290,0.8685897435897436,0.8237082066869301,0.8455538221528861,329,0.9008016032064128,0.7892888498683055,0.8413664014974263,1139,0.8819047619047619,0.8886756238003839,0.8852772466539197,2084,0.9618852459016394,0.9532900081234768,0.9575683394532843,2462,RF,Tabular,,,,,,,,,,,,,
RandomForest,symmetric,0.0,2,278885,69721,0.0,106.8743486404419,0.942685847879405,0.913653228551925,0.9425206046938256,0.9529862792574656,0.9289563746508792,0.940817911993785,25421,0.9410849586586384,0.9608777503235676,0.9508783675608016,33996,0.9238418079096046,0.9529137529137528,0.9381526104417672,4290,0.8705882352941177,0.896969696969697,0.8835820895522388,330,0.9081632653061223,0.781387181738367,0.8400188768286928,1139,0.8951965065502183,0.8853166986564299,0.8902291917973462,2084,0.959158415841584,0.9447379114181228,0.9518935516888434,2461,RF,Tabular,,,,,,,,,,,,,
RandomForest,symmetric,0.0,3,278885,69721,0.0,107.19466853141785,0.9423846473802728,0.9136835119001409,0.9422191285362652,0.9558906997486418,0.9275008850950002,0.9414818216303632,25421,0.940029898804048,0.9618190375338276,0.950799651061355,33996,0.9188883868052418,0.948018648018648,0.9332262505736576,4290,0.8651685393258427,0.9333333333333332,0.8979591836734694,330,0.9159751037344398,0.7752414398595259,0.8397527341892534,1139,0.8782483156881616,0.8757197696737045,0.8769822200864968,2084,0.958316305680425,0.9528646891507516,0.9555827220863896,2461,RF,Tabular,,,,,,,,,,,,,
RandomForest,symmetric,0.0,4,278885,69721,0.0,106.771559715271,0.9419830467147632,0.9092212331804904,0.9418323891778873,0.9535466149620294,0.9286388670338316,0.9409279336734694,25420,0.94124261208015,0.9603188610424755,0.9506850511786374,33996,0.9166479946224512,0.9533908179911442,0.934658441855152,4291,0.8892405063291139,0.8515151515151516,0.8699690402476781,330,0.8921078921078921,0.7840210711150132,0.8345794392523365,1139,0.8847815650504081,0.8843570057581573,0.8845692344612431,2084,0.9577989242863052,0.9406745225518082,0.949159491594916,2461,RF,Tabular,,,,,,,,,,,,,
RandomForest,symmetric,0.1,0,278884,69722,10.010255159851408,122.14992952346802,0.9337798686210952,0.8948294346785062,0.9336615856321114,0.9492029842227568,0.9158963062035324,0.9322522522522524,25421,0.9336271713767176,0.9533180374161666,0.9433698642099289,33996,0.9012969883490876,0.9554882311815428,0.9276018099547512,4291,0.8134110787172012,0.8454545454545455,0.8291233283803864,330,0.8512476007677543,0.7787532923617209,0.8133883539660706,1139,0.8674641148325359,0.8699616122840691,0.8687110685194058,2084,0.9503257328990228,0.9483949613978058,0.949359365466748,2461,RF,Tabular,,,,,,,,,,,,,
RandomForest,symmetric,0.1,1,278885,69721,10.013804973376123,122.412752866745,0.9362315514694282,0.8969875383395343,0.9361619918721716,0.9495934959349592,0.9189252979819834,0.9340077167589612,25421,0.9373826104545324,0.954229909401106,0.945731236243313,33996,0.9132481506388702,0.9496503496503496,0.9310935893040796,4290,0.8029850746268656,0.817629179331307,0.8102409638554217,329,0.8566073102155577,0.8024582967515365,0.828649138712602,1139,0.8640148011100832,0.8963531669865643,0.8798869524258125,2084,0.944154278826838,0.9545085296506904,0.9493031710765502,2462,RF,Tabular,,,,,,,,,,,,,
RandomForest,symmetric,0.1,2,278885,69721,10.05181347150259,122.23167848587036,0.9336785186672596,0.8995597440007768,0.9335826387769764,0.9431877958968964,0.9169190826482042,0.929867953883592,25421,0.9350638076221894,0.9504941757853864,0.9427158548860006,33996,0.9222272317403066,0.9536130536130536,0.93765757506303,4290,0.7966573816155988,0.8666666666666667,0.8301886792452831,330,0.8707810993249759,0.7928007023705005,0.8299632352941176,1139,0.8728377746610566,0.8958733205374281,0.8842055410845371,2084,0.9387096774193548,0.945956928078017,0.9423193685488768,2461,RF,Tabular,,,,,,,,,,,,,
RandomForest,symmetric,0.1,3,278885,69721,10.024562095487386,123.45021080970764,0.9356865219948078,0.9051945170536604,0.9356142017645902,0.94914771571539,0.9177845088706188,0.9332026718931242,25421,0.936362059996532,0.953053300388281,0.9446339543426924,33996,0.9112003569834896,0.951981351981352,0.9311445508435932,4290,0.8128342245989305,0.9212121212121211,0.8636363636363636,330,0.8759541984732825,0.8059701492537313,0.8395061728395061,1139,0.8661343353687178,0.8848368522072937,0.8753857108948493,2084,0.9405189620758484,0.9573344169036976,0.9488521949254932,2461,RF,Tabular,,,,,,,,,,,,,
RandomForest,symmetric,0.1,4,278885,69721,9.96503935313839,124.36181163787842,0.9333486324063052,0.8972549025265588,0.9332586774948616,0.945800008119849,0.9164437450826122,0.9308904916984676,25420,0.9348008204061588,0.951876691375456,0.9432614810604404,33996,0.9098616688978136,0.9503612211605686,0.9296705801892168,4291,0.8348348348348348,0.8424242424242424,0.8386123680241327,330,0.859035004730369,0.797190517998244,0.8269581056466302,1139,0.8600842302292934,0.8819577735124761,0.8708836768538261,2084,0.939935064935065,0.9410808614384396,0.940507614213198,2461,RF,Tabular,,,,,,,,,,,,,
RandomForest,symmetric,0.2,0,278884,69722,20.01082887508785,133.9139266014099,0.9220332176357534,0.8574570910490632,0.9223359577366194,0.9415063446582072,0.9048031155344008,0.9227899139435518,25421,0.9315304276795612,0.9392575597129074,0.935378035562586,33996,0.8849653379549394,0.9519925425308786,0.917256090715168,4291,0.6008583690987125,0.8484848484848485,0.7035175879396985,330,0.7551369863013698,0.7743634767339772,0.764629388816645,1139,0.8204193254329991,0.8637236084452975,0.8415147265077139,2084,0.8976653696498055,0.9374238114587566,0.91711389385808,2461,RF,Tabular,,,,,,,,,,,,,
RandomForest,symmetric,0.2,1,278885,69721,20.00501999031859,135.85372233390808,0.9255461051906886,0.8616198003312858,0.925933193676162,0.9428256611165524,0.908815546201959,0.9255082623935904,25421,0.9363189609781782,0.9415519472879162,0.9389281628582324,33996,0.894190413077093,0.9435897435897436,0.918226154020642,4290,0.5869565217391305,0.8206686930091185,0.6844106463878327,329,0.7704376548307185,0.8191395961369623,0.7940425531914893,1139,0.8080852954242559,0.8728406909788867,0.8392156862745098,2084,0.9093725793958172,0.9536961819658814,0.9310071371927042,2462,RF,Tabular,,,,,,,,,,,,,
RandomForest,symmetric,0.2,2,278885,69721,19.986015741255358,133.5447134971619,0.921558784297414,0.8628037413577466,0.921829401480186,0.93712745978607,0.9029542504228788,0.9197235300010016,25421,0.9322474998537926,0.937786798446876,0.9350089450684812,33996,0.893551912568306,0.9529137529137528,0.9222786238014664,4290,0.6173913043478261,0.8606060606060606,0.7189873417721518,330,0.7672047578589635,0.7928007023705005,0.7797927461139896,1139,0.8201082055906221,0.8728406909788867,0.8456531845653185,2084,0.8938053097345132,0.9439252336448598,0.9181818181818182,2461,RF,Tabular,,,,,,,,,,,,,
RandomForest,symmetric,0.2,3,278885,69721,19.96199150187353,130.7286672592163,0.922505414437544,0.8627243170556868,0.9228958789840904,0.941777030628562,0.9035443137563433,0.9222646055009034,25421,0.9327077669619106,0.9385515943052124,0.9356205556777364,33996,0.8935561908950956,0.9470862470862472,0.9195428312775829,4290,0.6008146639511202,0.8939393939393939,0.7186358099878197,330,0.7555739058629232,0.8033362598770851,0.7787234042553192,1139,0.8117229129662522,0.8771593090211133,0.8431734317343174,2084,0.8928299008390541,0.951239333604226,0.9211095809561284,2461,RF,Tabular,,,,,,,,,,,,,
RandomForest,symmetric,0.2,4,278885,69721,20.058805600874912,131.68054938316345,0.9209133546564164,0.8554058707947315,0.9212720069913292,0.9393592677345538,0.9043273013375296,0.9215104625992144,25420,0.9313762755474986,0.9369925873632192,0.934175990146194,33996,0.8843478260869565,0.9480307620601258,0.9150826678663816,4291,0.5815450643776824,0.8212121212121212,0.6809045226130653,330,0.7660668380462725,0.7848990342405618,0.7753686036426712,1139,0.8131089459698848,0.8809980806142035,0.8456932289267619,2084,0.8979272585060618,0.9329540837058108,0.9151056197688322,2461,RF,Tabular,,,,,,,,,,,,,
RandomForest,symmetric,0.3,0,278884,69722,30.056224093171352,134.7597713470459,0.9007630303204154,0.79091746302546,0.903232627783209,0.9342734722742212,0.8834821604185515,0.9081682167408006,25421,0.931575793888556,0.9146958465701848,0.9230586559012112,33996,0.8412106135986733,0.9457003029596832,0.8904004388370818,4291,0.3558673469387755,0.8454545454545455,0.5008976660682226,330,0.5875591615956728,0.7629499561018437,0.6638655462184874,1139,0.723996723996724,0.8483685220729367,0.7812638091029607,2084,0.8197548666186013,0.9240146281999188,0.8687679083094556,2461,RF,Tabular,,,,,,,,,,,,,
RandomForest,symmetric,0.3,1,278885,69721,30.04105634939133,134.67876410484314,0.9027696103039256,0.7926227111009109,0.9053284174031652,0.9384082178052447,0.8840328861964517,0.9104093662014624,25421,0.9326293116343076,0.9170196493705142,0.9247586135295076,33996,0.8482293423271501,0.937995337995338,0.8908567633384991,4290,0.3452229299363057,0.8237082066869301,0.4865350089766607,329,0.5961152042866711,0.781387181738367,0.6762917933130699,1139,0.7274557165861514,0.8670825335892515,0.7911558669001751,2084,0.8105633802816902,0.9350121852152722,0.8683515654470011,2462,RF,Tabular,,,,,,,,,,,,,
RandomForest,symmetric,0.3,2,278885,69721,29.96503935313839,135.13574361801147,0.9021672093056612,0.7978137942323114,0.904561540995697,0.9340951589445252,0.8842689115298376,0.9084993735601988,25421,0.9332633473305338,0.9152547358512766,0.9241713199477248,33996,0.8544102019128587,0.9370629370629372,0.8938299055030573,4290,0.3753213367609254,0.8848484848484849,0.5270758122743683,330,0.598111935266352,0.7787532923617209,0.6765827612509535,1139,0.7217564870259481,0.8675623800383877,0.7879712355633035,2084,0.8080843585237258,0.934173100365705,0.8665661515265737,2461,RF,Tabular,,,,,,,,,,,,,
RandomForest,symmetric,0.3,3,278885,69721,30.011294978216828,135.6656949520111,0.9024970955666156,0.7971137277102452,0.9048425530436812,0.9362755293041056,0.8854490381967665,0.9101532489587968,25421,0.9317725952758734,0.9155194728791622,0.9235745337467915,33996,0.8465408805031447,0.9412587412587412,0.8913907284768212,4290,0.3724226804123711,0.8757575757575757,0.5226039783001808,330,0.5949796472184532,0.7699736611062336,0.6712590891695369,1139,0.7288343558282209,0.8550863723608445,0.7869286818282182,2084,0.8193456614509246,0.9362047947988622,0.8738858334913712,2461,RF,Tabular,,,,,,,,,,,,,
RandomForest,symmetric,0.3,4,278885,69721,29.930257991645306,136.5236132144928,0.9010771503564206,0.7913238656603484,0.9034238011554678,0.9351385128098312,0.8830841856805665,0.9083662114314618,25420,0.930785093093452,0.9161371926108954,0.9234030567620856,33996,0.8441612701065385,0.9417385224889304,0.8902842035690681,4291,0.3585657370517928,0.8181818181818182,0.4986149584487535,330,0.6012439530062198,0.7638279192273925,0.6728538283062645,1139,0.7233870967741935,0.8608445297504799,0.7861524978089395,2084,0.8091822094691535,0.9167005282405526,0.8595923032958659,2461,RF,Tabular,,,,,,,,,,,,,
RandomForest,symmetric,0.4,0,278884,69722,40.13138078914531,138.8621368408203,0.859527839132555,0.7024045806975077,0.8684433882874583,0.9254454246670126,0.8418236890759608,0.8816561952827273,25421,0.9266296679522152,0.8693081539004589,0.8970541365022994,33996,0.7760754272245138,0.9207643905849452,0.8422511191643572,4291,0.1979985704074338,0.8393939393939394,0.3204164256795835,330,0.4036471168063085,0.7190517998244074,0.5170454545454546,1139,0.5815842924847664,0.8243761996161229,0.6820166732830488,2084,0.6837871287128713,0.8980089394555059,0.7763920604250835,2461,RF,Tabular,,,,,,,,,,,,,
RandomForest,symmetric,0.4,1,278885,69721,39.942628682073256,138.14470386505127,0.8633123449176001,0.7084472676865499,0.8719893012155949,0.926171320397539,0.8468195586326266,0.8847197106690777,25421,0.9319969790421044,0.871190728320979,0.9005686137379512,33996,0.7729052466718872,0.9202797202797204,0.8401787614386039,4290,0.1975957926371149,0.7993920972644377,0.3168674698795181,329,0.4251930501930502,0.7734855136084284,0.5487387106820305,1139,0.5798459993304319,0.8310940499040307,0.6830999802800236,2084,0.6942535915053092,0.9029244516653128,0.784957627118644,2462,RF,Tabular,,,,,,,,,,,,,
RandomForest,symmetric,0.4,2,278885,69721,40.06776986930097,140.05907702445984,0.8633984022030665,0.71030133495439,0.8714765994430298,0.9229581331503088,0.8463868455214193,0.8830156157018858,25421,0.928877892956688,0.8724555830097659,0.8997830934215116,33996,0.7748240813135262,0.924009324009324,0.8428662555815437,4290,0.1995430312261995,0.793939393939394,0.3189287888009738,330,0.4292853573213393,0.7541703248463565,0.5471337579617834,1139,0.6063492063492063,0.8248560460652591,0.6989225452327709,2084,0.6900093370681606,0.900853311661926,0.7814592879802609,2461,RF,Tabular,,,,,,,,,,,,,
RandomForest,symmetric,0.4,3,278885,69721,40.01111569284831,138.38934707641602,0.8627673154429799,0.7082744145003644,0.8709201238259245,0.928109959675671,0.8420203768537823,0.882971702004785,25421,0.9288589347561548,0.8756618425697141,0.9014762661821484,33996,0.7608990505715947,0.9153846153846154,0.8310231721510951,4290,0.2093918398768283,0.8242424242424242,0.3339472068753836,330,0.4394641937145801,0.7489025460930641,0.5538961038961039,1139,0.5841313269493844,0.8195777351247601,0.6821086261980831,2084,0.675700365408039,0.9016659894351888,0.7724978241949522,2461,RF,Tabular,,,,,,,,,,,,,
RandomForest,symmetric,0.4,4,278885,69721,39.85513742223497,138.56440901756287,0.8610891983763859,0.7047142896484517,0.8697494306630923,0.9256209037599172,0.844492525570417,0.883197564387394,25420,0.928461610868815,0.8704259324626427,0.8985075986457558,33996,0.77082924916683,0.916336518294104,0.8373083475298126,4291,0.1995498874718679,0.806060606060606,0.3199037883343355,330,0.4155588380108321,0.7410008779631255,0.5324921135646687,1139,0.5807845744680851,0.8382917466410749,0.6861743912018853,2084,0.6872841444270016,0.8894758228362454,0.77541622387531,2461,RF,Tabular,,,,,,,,,,,,,
RandomForest,asymmetric,0.0,0,278884,69722,0.0,109.53679203987122,0.9428300966696308,0.9083046776663044,0.9426284600569904,0.957010179665004,0.928248298650722,0.9424098406485882,25421,0.9400200889654184,0.9634957053771032,0.951613137519792,33996,0.9123001776198936,0.9575856443719412,0.93439454235361,4291,0.8892405063291139,0.8515151515151516,0.8699690402476781,330,0.8985655737704918,0.7699736611062336,0.8293144208037825,1139,0.8913470993117011,0.8699616122840691,0.8805245264691598,2084,0.9640167364016736,0.9362047947988622,0.9499072356215214,2461,RF,Tabular,,,,,,,,,,,,,
RandomForest,asymmetric,0.0,1,278885,69721,0.0,107.25417137145996,0.9447081940878644,0.9087498126469188,0.944558764957306,0.9579620929855824,0.9304905393178868,0.944026500109752,25421,0.9428702931277508,0.964142840334157,0.9533879201268196,33996,0.9207427536231884,0.9477855477855478,0.9340684585343442,4290,0.8685897435897436,0.8237082066869301,0.8455538221528861,329,0.9008016032064128,0.7892888498683055,0.8413664014974263,1139,0.8819047619047619,0.8886756238003839,0.8852772466539197,2084,0.9618852459016394,0.9532900081234768,0.9575683394532843,2462,RF,Tabular,,,,,,,,,,,,,
RandomForest,asymmetric,0.0,2,278885,69721,0.0,105.28718781471252,0.942685847879405,0.913653228551925,0.9425206046938256,0.9529862792574656,0.9289563746508792,0.940817911993785,25421,0.9410849586586384,0.9608777503235676,0.9508783675608016,33996,0.9238418079096046,0.9529137529137528,0.9381526104417672,4290,0.8705882352941177,0.896969696969697,0.8835820895522388,330,0.9081632653061223,0.781387181738367,0.8400188768286928,1139,0.8951965065502183,0.8853166986564299,0.8902291917973462,2084,0.959158415841584,0.9447379114181228,0.9518935516888434,2461,RF,Tabular,,,,,,,,,,,,,
RandomForest,asymmetric,0.0,3,278885,69721,0.0,107.14770197868349,0.9423846473802728,0.9136835119001409,0.9422191285362652,0.9558906997486418,0.9275008850950002,0.9414818216303632,25421,0.940029898804048,0.9618190375338276,0.950799651061355,33996,0.9188883868052418,0.948018648018648,0.9332262505736576,4290,0.8651685393258427,0.9333333333333332,0.8979591836734694,330,0.9159751037344398,0.7752414398595259,0.8397527341892534,1139,0.8782483156881616,0.8757197696737045,0.8769822200864968,2084,0.958316305680425,0.9528646891507516,0.9555827220863896,2461,RF,Tabular,,,,,,,,,,,,,
RandomForest,asymmetric,0.0,4,278885,69721,0.0,106.98936200141908,0.9419830467147632,0.9092212331804904,0.9418323891778873,0.9535466149620294,0.9286388670338316,0.9409279336734694,25420,0.94124261208015,0.9603188610424755,0.9506850511786374,33996,0.9166479946224512,0.9533908179911442,0.934658441855152,4291,0.8892405063291139,0.8515151515151516,0.8699690402476781,330,0.8921078921078921,0.7840210711150132,0.8345794392523365,1139,0.8847815650504081,0.8843570057581573,0.8845692344612431,2084,0.9577989242863052,0.9406745225518082,0.949159491594916,2461,RF,Tabular,,,,,,,,,,,,,
RandomForest,asymmetric,0.1,0,278884,69722,10.010255159851408,117.1928527355194,0.933335245690026,0.8941573832082215,0.9332645303135364,0.9605137370630532,0.9090515715353448,0.934074373484236,25421,0.9275213966845802,0.9595246499588188,0.9432516446179426,33996,0.8738952360422505,0.944768119319506,0.9079507278835386,4291,0.7928176795580111,0.8696969696969697,0.8294797687861272,330,0.8821178821178821,0.7752414398595259,0.8252336448598131,1139,0.8653483992467044,0.8819577735124761,0.873574144486692,2084,0.9641047297297296,0.9276716781796018,0.9455373783392008,2461,RF,Tabular,,,,,,,,,,,,,
RandomForest,asymmetric,0.1,1,278885,69721,10.013804973376123,116.6210072040558,0.9356148075902526,0.895459581454065,0.9355769020795368,0.9605088678932536,0.9118052004248456,0.9355235808124636,25421,0.9307004046275716,0.960760089422285,0.9454913880445796,33996,0.885285682770792,0.9354312354312354,0.9096679134081378,4290,0.7506561679790026,0.8693009118541033,0.8056338028169014,329,0.8852941176470588,0.7928007023705005,0.8364983788791107,1139,0.8705336426914153,0.9001919385796545,0.8851144137768342,2084,0.9613466334164588,0.9394800974817222,0.9502875924404272,2462,RF,Tabular,,,,,,,,,,,,,
RandomForest,asymmetric,0.1,2,278885,69721,10.05181347150259,118.22938108444214,0.934008404928214,0.898202189614776,0.9339554923388904,0.9564032697547684,0.9112938122025096,0.9333037890538444,25421,0.9295071206370044,0.9580244734674668,0.9435503729992032,33996,0.8874230430958663,0.9407925407925408,0.9133288074224938,4290,0.7613065326633166,0.9181818181818182,0.8324175824175825,330,0.8965863453815262,0.7840210711150132,0.8365339578454333,1139,0.8651162790697674,0.8925143953934741,0.8786017949929145,2084,0.9683277027027029,0.9317350670459162,0.949679022571961,2461,RF,Tabular,,,,,,,,,,,,,
RandomForest,asymmetric,0.1,3,278885,69721,10.024562095487386,116.3270173072815,0.935471378781142,0.8993667469032893,0.935426607483458,0.9626071042342568,0.9103890484245308,0.9357701716434508,25421,0.9295690513440478,0.9612601482527356,0.9451490217061214,33996,0.8836595557510446,0.9365967365967366,0.909358379540568,4290,0.7585365853658537,0.9424242424242424,0.8405405405405405,330,0.8966900702106319,0.7848990342405618,0.8370786516853933,1139,0.863932898415657,0.8896353166986565,0.8765957446808511,2084,0.9583333333333334,0.9439252336448598,0.9510747185261004,2461,RF,Tabular,,,,,,,,,,,,,
RandomForest,asymmetric,0.1,4,278885,69721,9.96503935313839,117.37911820411682,0.9336068042627044,0.8964856540387334,0.9335424982760672,0.9587654525844188,0.9092053501180172,0.9333279489561038,25420,0.9281222434055146,0.9594364042828568,0.9435195765053008,33996,0.885512989872303,0.937310650198089,0.9106758745613042,4291,0.7950138504155124,0.8696969696969697,0.8306801736613604,330,0.8866995073891626,0.7901668129938543,0.8356545961002786,1139,0.8580645161290322,0.8934740882917467,0.8754113775270334,2084,0.9614093959731544,0.9313287281592848,0.9461300309597525,2461,RF,Tabular,,,,,,,,,,,,,
RandomForest,asymmetric,0.2,0,278884,69722,20.01082887508785,121.3209924697876,0.9047933220504288,0.8337085556628789,0.9060478274848394,0.9626018374068296,0.8738051217497345,0.9160566632987608,25421,0.9028744412380468,0.9387280856571362,0.9204522511609126,33996,0.7300731613400077,0.8837100908879049,0.7995782814971006,4291,0.4770206022187004,0.912121212121212,0.6264308012486993,330,0.8715025906735752,0.7383669885864794,0.7994296577946768,1139,0.8284291534631055,0.8781190019193857,0.8525506638714185,2084,0.9534984789222076,0.8915075172694027,0.9214615707685846,2461,RF,Tabular,,,,,,,,,,,,,
RandomForest,asymmetric,0.2,1,278885,69721,20.00501999031859,120.065447807312,0.9085354484301716,0.8386419186741002,0.9098638276216656,0.9630522780122298,0.8797450926399434,0.9195156548732604,25421,0.9091349027868711,0.9394340510648312,0.9240361663652804,33996,0.7339072588534533,0.8743589743589744,0.7980002127433252,4290,0.463884430176565,0.878419452887538,0.6071428571428571,329,0.8820662768031189,0.7945566286215979,0.836027713625866,1139,0.8331822302810517,0.8819577735124761,0.8568764568764569,2084,0.940099833610649,0.9179528838342812,0.9288943690916563,2462,RF,Tabular,,,,,,,,,,,,,
RandomForest,asymmetric,0.2,2,278885,69721,19.986015741255358,120.1653609275818,0.9058820154616256,0.8392720944396854,0.9070133371851004,0.9582417582417584,0.8747098855277133,0.9145724509521655,25421,0.9046835083735452,0.9375220614189904,0.9208101002513508,33996,0.7454509880649579,0.8881118881118881,0.8105520689288374,4290,0.4755134281200632,0.912121212121212,0.6251298026998962,330,0.8748748748748749,0.7673397717295873,0.8175865294667914,1139,0.8442211055276382,0.8867562380038387,0.8649660659957875,2084,0.9422259983007648,0.9012596505485576,0.92128764278297,2461,RF,Tabular,,,,,,,,,,,,,
RandomForest,asymmetric,0.2,3,278885,69721,19.96199150187353,122.0709149837494,0.9067999598399334,0.8403559822764368,0.907936505366343,0.9621179322885098,0.8741984973053775,0.9160535048125475,25421,0.9042634452711688,0.9401988469231676,0.9218810838873426,33996,0.7428403295409964,0.8827505827505827,0.8067746058798466,4290,0.4811320754716981,0.9272727272727272,0.6335403726708074,330,0.8770161290322581,0.7638279192273925,0.8165180666353824,1139,0.8422741861531408,0.8814779270633397,0.8614302461899179,2084,0.9442802870409456,0.9089800893945552,0.9262939958592132,2461,RF,Tabular,,,,,,,,,,,,,
RandomForest,asymmetric,0.2,4,278885,69721,20.058805600874912,121.37328243255617,0.9040030980622769,0.8293565694865102,0.9053906374772488,0.9592795277287024,0.8757671125098347,0.915623007794024,25420,0.9049323786793954,0.9368749264619368,0.9206266620418544,33996,0.7257687816270922,0.8690281985551154,0.7909640470887687,4291,0.4505327245053272,0.896969696969697,0.5997973657548126,330,0.8685015290519877,0.7480245829675154,0.8037735849056604,1139,0.8306306306306306,0.8848368522072937,0.8568773234200744,2084,0.9453057708871664,0.8919138561560341,0.9178339954003764,2461,RF,Tabular,,,,,,,,,,,,,
RandomForest,asymmetric,0.3,0,278884,69722,30.056224093171352,122.96861457824708,0.8298528441524913,0.7202626955077146,0.8393525018443729,0.9587891361750284,0.79988985484442,0.8721611014604645,25421,0.8496383052015156,0.8706318390398871,0.8600069735006973,33996,0.4495768182470234,0.7303658820787695,0.5565618895400462,4291,0.2260802469135802,0.8878787878787879,0.3603936039360393,330,0.8397790055248618,0.6672519754170325,0.7436399217221135,1139,0.7787528868360277,0.809021113243762,0.7935984937632384,2084,0.877402819307988,0.8346200731409996,0.8554768846314036,2461,RF,Tabular,,,,,,,,,,,,,
RandomForest,asymmetric,0.3,1,278885,69721,30.04105634939133,124.53750967979433,0.8338090388835502,0.7325139147022822,0.8432980546130369,0.9614715152655596,0.8039809606231069,0.8757016153219932,25421,0.8530547550432277,0.8707200847158489,0.8617969022941656,33996,0.4497430039977156,0.7342657342657343,0.5578183106074022,4290,0.2366533864541832,0.9027355623100304,0.375,329,0.8644251626898047,0.6997366110623354,0.7734109655507035,1139,0.7841113105924596,0.8382917466410749,0.8102968460111317,2084,0.8934182590233546,0.8545897644191714,0.8735727631305792,2462,RF,Tabular,,,,,,,,,,,,,
RandomForest,asymmetric,0.3,2,278885,69721,29.96503935313839,125.2495183944702,0.8345405258100141,0.730070690748126,0.8433588380603853,0.9583333333333334,0.8025254710672279,0.8735361493502323,25421,0.8519738726866442,0.8747793858100953,0.8632260311747119,33996,0.4637233259749816,0.7344988344988345,0.5685160126296798,4290,0.2347417840375587,0.9090909090909092,0.373134328358209,330,0.8603603603603603,0.6707638279192274,0.7538233843117909,1139,0.7740363314133806,0.8382917466410749,0.8048836673577516,2084,0.9021221307925508,0.8464039008533116,0.8733752620545073,2461,RF,Tabular,,,,,,,,,,,,,
RandomForest,asymmetric,0.3,3,278885,69721,30.011294978216828,123.17481207847597,0.8318870928414681,0.7261359653402646,0.8412962538093527,0.9593932541925758,0.8011486566224775,0.8731591245257133,25421,0.8511127063890883,0.8718672785033533,0.8613649903372517,33996,0.4525843347328797,0.7286713286713287,0.5583638474591408,4290,0.2269230769230769,0.8939393939393939,0.3619631901840491,330,0.8410526315789474,0.7014925373134329,0.7649593106749641,1139,0.7915111940298507,0.814299424184261,0.8027436140018922,2084,0.877482044782425,0.843965867533523,0.8603976801988401,2461,RF,Tabular,,,,,,,,,,,,,
RandomForest,asymmetric,0.3,4,278885,69721,29.930257991645306,124.1459732055664,0.8319157786032902,0.7253023045484192,0.8413275711149579,0.955830058019839,0.8036191974822974,0.8731407078133014,25420,0.8520822533264213,0.8702788563360395,0.8610844320265433,33996,0.4515565900494617,0.7233745047774411,0.5560232870577698,4291,0.2205882352941176,0.8636363636363636,0.3514180024660912,330,0.8351063829787234,0.6892010535557507,0.7551707551707552,1139,0.7918735891647856,0.8416506717850288,0.8160037217957664,2084,0.8933217692974849,0.8370581064607883,0.8642752255087057,2461,RF,Tabular,,,,,,,,,,,,,
RandomForest,asymmetric,0.4,0,278884,69722,40.13138078914531,125.5887212753296,0.6894380539858295,0.5859421717581729,0.7216337624787087,0.9443368560836608,0.6713740608158609,0.7847979031590564,25421,0.7463217559093102,0.728144487586775,0.7371210767673159,33996,0.1950312811678302,0.5012817525052435,0.2808093994778068,4291,0.1106837606837606,0.7848484848484848,0.1940074906367041,330,0.7915151515151515,0.5733099209833187,0.664969450101833,1139,0.7282497441146366,0.6828214971209213,0.7048043585933631,2084,0.7552507501071581,0.7159691182446161,0.7350855235711306,2461,RF,Tabular,,,,,,,,,,,,,
RandomForest,asymmetric,0.4,1,278885,69721,39.942628682073256,124.85706520080566,0.690322858249308,0.5869741237342982,0.7227121116431273,0.9409834272274792,0.6767633059281696,0.7872963573128318,25421,0.7506388415672913,0.7258206847864455,0.7380211760483341,33996,0.1934815881876294,0.5009324009324009,0.2791452880431253,4290,0.1090425531914893,0.7477203647416414,0.1903288201160541,329,0.8002296211251435,0.6119402985074627,0.6935323383084577,1139,0.720164609053498,0.6717850287907869,0.6951340615690169,2084,0.7365996649916248,0.7144597887896019,0.725360824742268,2462,RF,Tabular,,,,,,,,,,,,,
RandomForest,asymmetric,0.4,2,278885,69721,40.06776986930097,125.8239893913269,0.6944822937135153,0.5848515496055653,0.7252160856222908,0.94079561042524,0.6744817277054403,0.7856848279338313,25421,0.7504498020870817,0.7361454288739852,0.7432287954383464,33996,0.2040873200185787,0.5121212121212121,0.2918631683825971,4290,0.1019955654101995,0.696969696969697,0.1779497098646034,330,0.7936893203883495,0.5741878841088675,0.6663270504330107,1139,0.7168857431749242,0.6804222648752399,0.6981782373215165,2084,0.7519346517626827,0.7106867127184071,0.7307290578650512,2461,RF,Tabular,,,,,,,,,,,,,
RandomForest,asymmetric,0.4,3,278885,69721,40.01111569284831,125.62708711624146,0.6907388017957287,0.5875266552060892,0.721980443473237,0.9443701226309922,0.6664568663703238,0.7814395424459768,25421,0.7458580058615946,0.7336157194964114,0.7396862117032951,33996,0.199117079003035,0.5046620046620046,0.2855635428345314,4290,0.1099521946979574,0.7666666666666667,0.1923223109083998,330,0.8038049940546967,0.5935030728709394,0.6828282828282828,1139,0.7227414330218068,0.6679462571976967,0.6942643391521197,2084,0.7456286427976686,0.7277529459569281,0.7365823565700185,2461,RF,Tabular,,,,,,,,,,,,,
RandomForest,asymmetric,0.4,4,278885,69721,39.85513742223497,125.84627723693848,0.6931770915506088,0.595291379947436,0.7240996843799437,0.939320787842212,0.6735247836349332,0.784521272939721,25420,0.7481791368205623,0.7312330862454406,0.7396090565588647,33996,0.201169911342656,0.5129340480074575,0.2889968487394957,4291,0.1227292866637129,0.8393939393939394,0.2141476613838422,330,0.8190709046454768,0.5882352941176471,0.684721512519162,1139,0.729176814417925,0.7183301343570058,0.7237128353879623,2084,0.7748976807639836,0.6924014628199918,0.7313304721030043,2461,RF,Tabular,,,,,,,,,,,,,
XGBoost,symmetric,0.0,0,278884,69722,0.0,32.78687119483948,0.9620636241071684,0.9359856805469464,0.96198717419287,0.9673363835289436,0.956453325990323,0.961864071524646,25421,0.9619105726488276,0.973879279915284,0.9678579258934444,33996,0.950563347896068,0.9634117921230484,0.9569444444444444,4291,0.9134615384615384,0.8636363636363636,0.8878504672897196,330,0.9136150234741784,0.8542581211589113,0.882940108892922,1139,0.9392156862745098,0.9193857965451055,0.9291949563530552,2084,0.9771024146544546,0.9536773669240146,0.9652477894303928,2461,XGBoost,Tabular,,,,,,,,,,,,,
XGBoost,symmetric,0.0,1,278885,69721,0.0,34.10165858268738,0.9628519384403552,0.9371227919982108,0.962782834613129,0.968818620992534,0.9545651233232368,0.961639058413252,25421,0.9622745621932448,0.9746440757736204,0.9684198220052902,33996,0.9585071859063514,0.9638694638694638,0.9611808461180846,4290,0.8977635782747604,0.8541033434650456,0.8753894080996885,329,0.9194756554307116,0.8621597892888498,0.889895786135025,1139,0.935514918190568,0.9328214971209212,0.9341662662181645,2084,0.9679902755267424,0.970349309504468,0.9691683569979715,2462,XGBoost,Tabular,,,,,,,,,,,,,
XGBoost,symmetric,0.0,2,278885,69721,0.0,34.962830781936646,0.961403307468338,0.937935776536299,0.9613182513475282,0.9631243316037548,0.9565320011014516,0.959816846925081,25421,0.9620065214859672,0.9719672902694436,0.9669612548285146,33996,0.9633776533706556,0.9627039627039627,0.963040690218025,4290,0.8942598187311178,0.896969696969697,0.8956127080181543,330,0.9298245614035088,0.8375768217734855,0.8812933025404157,1139,0.9401750972762646,0.9275431861804224,0.9338164251207728,2084,0.9719703215169002,0.9581470946769606,0.9650092081031308,2461,XGBoost,Tabular,,,,,,,,,,,,,
XGBoost,symmetric,0.0,3,278885,69721,0.0,34.66831922531128,0.9606861634227852,0.9363734112630088,0.9605752414448124,0.967169901749341,0.9525982455450218,0.9598287718741948,25421,0.9589390166213008,0.9741146017178492,0.966467240624544,33996,0.9584500466853408,0.9571095571095573,0.9577793328668066,4290,0.917981072555205,0.8818181818181818,0.8995363214837713,330,0.9327398615232444,0.8279192273924495,0.8772093023255814,1139,0.9289855072463769,0.9227447216890596,0.9258545979778526,2084,0.9667612484799352,0.9691182446160096,0.9679383116883116,2461,XGBoost,Tabular,,,,,,,,,,,,,
XGBoost,symmetric,0.0,4,278885,69721,0.0,34.54237675666809,0.959954676496321,0.9337574083899371,0.9598636897850128,0.9637663885578068,0.9542879622344612,0.9590037556829412,25420,0.9597896510648188,0.9717319684668784,0.9657238909595848,33996,0.9560083352627924,0.9622465625728268,0.9591173054587688,4291,0.903846153846154,0.8545454545454545,0.8785046728971962,330,0.9232981783317352,0.845478489903424,0.8826764436296975,1139,0.9408023483365948,0.9227447216890596,0.931686046511628,2084,0.9689312344656172,0.950426655830963,0.9595897435897436,2461,XGBoost,Tabular,,,,,,,,,,,,,
XGBoost,symmetric,0.1,0,278884,69722,10.010255159851408,42.56174039840698,0.948050830440894,0.90646617540816,0.947822598063236,0.957375210319686,0.9400889028755752,0.948653315602485,25421,0.947230387918612,0.9667902106130132,0.9569103560718548,33996,0.928147810218978,0.94826380797017,0.9380979827089336,4291,0.8621794871794872,0.8151515151515152,0.838006230529595,330,0.8887744593202883,0.7576821773485514,0.8180094786729858,1139,0.9106172839506173,0.8848368522072937,0.8975419810172791,2084,0.9662447257383966,0.930516050386022,0.9480438832539848,2461,XGBoost,Tabular,,,,,,,,,,,,,
XGBoost,symmetric,0.1,1,278885,69721,10.013804973376123,43.82643723487854,0.9485090575292954,0.9146884646579708,0.9483278291470676,0.9570315637298208,0.9374926242083316,0.9471613377580828,25421,0.9468710383773192,0.9667019649370514,0.9566837447601304,33996,0.9445609131143722,0.9452214452214452,0.9448910637306304,4290,0.8957654723127035,0.8358662613981763,0.8647798742138365,329,0.8964467005076142,0.7752414398595259,0.8314500941619586,1139,0.9002375296912114,0.9093090211132436,0.9047505371210312,2084,0.9611730689797604,0.945166531275386,0.953102600860127,2462,XGBoost,Tabular,,,,,,,,,,,,,
XGBoost,symmetric,0.1,2,278885,69721,10.05181347150259,43.83648872375488,0.9463145967499031,0.9115397011159138,0.9460913406416523,0.9511659479316404,0.9370599110971244,0.9440602397701378,25421,0.9448544249063132,0.964142840334157,0.9544011880150248,33996,0.9487179487179488,0.9487179487179488,0.9487179487179488,4290,0.8629283489096573,0.8393939393939394,0.8509984639016898,330,0.9085173501577288,0.7585601404741001,0.8267942583732057,1139,0.9158924205378972,0.8987523992322457,0.9072414628239284,2084,0.9647058823529412,0.9329540837058108,0.9485643462094608,2461,XGBoost,Tabular,,,,,,,,,,,,,
XGBoost,symmetric,0.1,3,278885,69721,10.024562095487386,43.66120743751526,0.9485664290529396,0.9125685440661868,0.9483211204962352,0.9577962494478576,0.9382793753196176,0.9479373658691678,25421,0.9458037434231332,0.9676432521473114,0.9565988629919886,33996,0.9397506925207756,0.948951048951049,0.9443284620737648,4290,0.8683385579937304,0.8393939393939394,0.8536209553158706,330,0.927038626609442,0.7585601404741001,0.834379526798648,1139,0.9133663366336634,0.8853166986564299,0.8991228070175439,2084,0.9572719802793755,0.94676960585128,0.9519918283963228,2461,XGBoost,Tabular,,,,,,,,,,,,,
XGBoost,symmetric,0.1,4,278885,69721,9.96503935313839,43.932482957839966,0.9455257382997948,0.9079264740972692,0.9453387431577644,0.9528969570954456,0.9374901652242328,0.9451307779254,25420,0.9450761948741632,0.9632015531238968,0.9540527941262164,33996,0.9386289949050486,0.9445350734094616,0.9415727726797536,4291,0.8717948717948718,0.8242424242424242,0.8473520249221184,330,0.8871128871128872,0.7796312554872695,0.8299065420560747,1139,0.9035907525823904,0.8814779270633397,0.8923973767306291,2084,0.9570833333333332,0.933360422592442,0.9450730302406912,2461,XGBoost,Tabular,,,,,,,,,,,,,
XGBoost,symmetric,0.2,0,278884,69722,20.01082887508785,44.64448404312134,0.9354723042941968,0.881703129380989,0.9351317632414918,0.9477208551835418,0.9241965304275992,0.9358108780944414,25421,0.9344980667334956,0.9597599717613836,0.9469605723324288,33996,0.9167619483192316,0.9342810533675134,0.925438596491228,4291,0.7771260997067448,0.803030303030303,0.789865871833085,330,0.8596112311015118,0.6988586479367866,0.7709443099273607,1139,0.8877349159248269,0.8613243761996161,0.8743302484169508,2084,0.9494692144373672,0.9085737505079235,0.9285714285714286,2461,XGBoost,Tabular,,,,,,,,,,,,,
XGBoost,symmetric,0.2,1,278885,69721,20.00501999031859,45.591325759887695,0.9377375539650894,0.8910418006775896,0.9374699937968504,0.9499049852423888,0.9241965304275992,0.936874426765562,25421,0.9359587569812402,0.9612601482527356,0.9484407424068726,33996,0.9254213807434772,0.9342657342657342,0.92982252638905,4290,0.8098159509202454,0.8024316109422492,0.8061068702290076,329,0.8825995807127882,0.7392449517120281,0.8045867176301958,1139,0.8765251342118107,0.8618042226487524,0.8691023469634648,2084,0.9519270617488604,0.9329813160032494,0.9423589743589744,2462,XGBoost,Tabular,,,,,,,,,,,,,
XGBoost,symmetric,0.2,2,278885,69721,19.986015741255358,45.43323850631714,0.936676180777671,0.8933566253598125,0.9363763663110024,0.9449401173539104,0.9249046064277566,0.9348150209729044,25421,0.9348418365883736,0.9588480997764444,0.946692804762942,33996,0.9329169558177192,0.94009324009324,0.9364913502844536,4290,0.8187311178247734,0.8212121212121212,0.8199697428139183,330,0.8863879957127545,0.7260755048287972,0.7982625482625483,1139,0.895492818226845,0.8675623800383877,0.8813063611991226,2084,0.955160744500846,0.9175132060138156,0.935958549222798,2461,XGBoost,Tabular,,,,,,,,,,,,,
XGBoost,symmetric,0.2,3,278885,69721,19.96199150187353,45.45629930496216,0.9354283501384087,0.8915688260595492,0.9351104850581974,0.9465741263820516,0.9227803784272846,0.9345258251498916,25421,0.9341569684113972,0.9586127779738792,0.9462268807525914,33996,0.9263888888888888,0.9328671328671329,0.929616724738676,4290,0.8403614457831325,0.8454545454545455,0.8429003021148036,330,0.8708288482238966,0.7102721685689201,0.7823984526112185,1139,0.87744140625,0.8622840690978887,0.8697967086156825,2084,0.9426567656765676,0.9284843559528648,0.9355168884339816,2461,XGBoost,Tabular,,,,,,,,,,,,,
XGBoost,symmetric,0.2,4,278885,69721,20.058805600874912,45.51406025886536,0.9346681774501228,0.8859085504735552,0.9343837719513104,0.9423169363883992,0.9254130605822188,0.9337885042870752,25420,0.9353808989733414,0.95675961877868,0.9459494830519566,33996,0.9260115606936417,0.9333488697273364,0.9296657381615598,4291,0.7793696275071633,0.8242424242424242,0.801178203240059,330,0.8811563169164882,0.7225636523266022,0.79401833092137,1139,0.883480825958702,0.8622840690978887,0.8727537639630889,2084,0.9474807856532876,0.9016659894351888,0.9240058296897772,2461,XGBoost,Tabular,,,,,,,,,,,,,
XGBoost,symmetric,0.3,0,278884,69722,30.056224093171352,45.15947651863098,0.9224634978916268,0.8561402410773679,0.9221266936257192,0.93550733422233,0.9107037488690451,0.92293892521129,25421,0.9251497864289197,0.9492881515472408,0.9370635462187314,33996,0.8938711131140153,0.9244931251456536,0.9089242754038264,4291,0.7214076246334311,0.7454545454545455,0.7332339791356185,330,0.8095238095238095,0.6865671641791045,0.7429928741092636,1139,0.8516865079365079,0.8238963531669866,0.8375609756097561,2084,0.9356499356499356,0.8862251117431938,0.9102671118530884,2461,XGBoost,Tabular,,,,,,,,,,,,,
XGBoost,symmetric,0.3,1,278885,69721,30.04105634939133,46.34365797042847,0.924915018430602,0.8587316333130973,0.9246080810453788,0.9413270488805818,0.911333149758074,0.9260873041253598,25421,0.9261113336003204,0.9523179197552654,0.9390318183136585,33996,0.905682079595123,0.9177156177156176,0.911659140905407,4290,0.7038043478260869,0.7872340425531915,0.7431850789096126,329,0.8160427807486631,0.6698858647936786,0.7357762777242044,1139,0.8342884431709646,0.8382917466410749,0.8362853039731929,2084,0.9294019933554816,0.909017059301381,0.9190965092402464,2462,XGBoost,Tabular,,,,,,,,,,,,,
XGBoost,symmetric,0.3,2,278885,69721,29.96503935313839,46.23408484458923,0.9219603849629237,0.866311738699232,0.9216366055952888,0.93292116216107,0.9081861453129304,0.9203874980066976,25421,0.9234075474941976,0.947935051182492,0.9355105595471368,33996,0.9171707771056306,0.9188811188811188,0.9180251513740102,4290,0.7223650385604113,0.8515151515151516,0.7816411682892906,330,0.8437158469945355,0.6777875329236172,0.7517039922103214,1139,0.851403678606002,0.8440499040307101,0.847710843373494,2084,0.9194017449106772,0.8992279561154003,0.909202958093673,2461,XGBoost,Tabular,,,,,,,,,,,,,
XGBoost,symmetric,0.3,3,278885,69721,30.011294978216828,46.25277853012085,0.922275928342967,0.8581561945140886,0.9220094621286148,0.9371375268686376,0.9089728964242162,0.922840369024322,25421,0.9249956992946844,0.9489939992940346,0.9368411882568168,33996,0.9014857142857144,0.9193473193473194,0.9103289094056548,4290,0.6972010178117048,0.8303030303030303,0.7579529737206085,330,0.7920081967213115,0.6786654960491659,0.7309692671394799,1139,0.8465322183964584,0.8258157389635317,0.8360456643186787,2084,0.9219593192195932,0.9024786672084518,0.9121149897330596,2461,XGBoost,Tabular,,,,,,,,,,,,,
XGBoost,symmetric,0.3,4,278885,69721,29.930257991645306,46.34832000732422,0.921530098535592,0.8481964671097719,0.9212205750305992,0.935547663249657,0.9119197482297404,0.9235826128531016,25420,0.9249498135933468,0.948729262266149,0.9366886417099876,33996,0.8964097873313515,0.9135399673735726,0.9048938134810712,4291,0.6528497409326425,0.7636363636363637,0.7039106145251397,330,0.8095744680851064,0.6681299385425812,0.7320827320827321,1139,0.8457368161655988,0.8234165067178503,0.8344274252370533,2084,0.92409381663113,0.8805363673303536,0.9017894298793176,2461,XGBoost,Tabular,,,,,,,,,,,,,
XGBoost,symmetric,0.4,0,278884,69722,40.13138078914531,46.28583598136902,0.904334356444164,0.8057826405078286,0.90436934911622,0.9260725803159572,0.892411785531647,0.9089306462598662,25421,0.9142561686726224,0.9362277915048828,0.9251115406414858,33996,0.8696047251249432,0.892099743649499,0.8807086161279191,4291,0.5333333333333333,0.7515151515151515,0.6238993710691824,330,0.6739543726235742,0.6224758560140474,0.6471930625285258,1139,0.7818008575512149,0.7874280230326296,0.7846043509442984,2084,0.8822055137844611,0.8581877285656238,0.8700308959835221,2461,XGBoost,Tabular,,,,,,,,,,,,,
XGBoost,symmetric,0.4,1,278885,69721,39.942628682073256,47.10500288009644,0.904060469585921,0.8076602686909914,0.9041845083261598,0.9232710546668296,0.8922544353093899,0.9074977994718731,25421,0.9149402103443308,0.934021649605836,0.9243824689596948,33996,0.874914089347079,0.8902097902097902,0.8824956672443675,4290,0.5237068965517241,0.7386018237082067,0.6128625472887768,329,0.6765799256505576,0.6391571553994733,0.6573363431151241,1139,0.7849411764705883,0.800383877159309,0.7925873129009265,2084,0.8842496899545267,0.8688058489033307,0.876459741856177,2462,XGBoost,Tabular,,,,,,,,,,,,,
XGBoost,symmetric,0.4,2,278885,69721,40.06776986930097,47.03842115402222,0.9041895555141206,0.811250940238956,0.9040686890366176,0.9221038073543768,0.891743047087054,0.9066693330666932,25421,0.9129923405720188,0.9361689610542416,0.9244354077409048,33996,0.8792426691295313,0.8876456876456876,0.8834241967289178,4290,0.5446428571428571,0.7393939393939394,0.6272493573264781,330,0.7330595482546202,0.6268656716417911,0.6758163748225272,1139,0.7821176470588236,0.7975047984644914,0.789736279401283,2084,0.8825,0.8606257618854124,0.8714256325858877,2461,XGBoost,Tabular,,,,,,,,,,,,,
XGBoost,symmetric,0.4,3,278885,69721,40.01111569284831,47.084004402160645,0.9048636709169404,0.807522566687165,0.904763128986216,0.9264032073310424,0.8907989457535109,0.9082522811591296,25421,0.914429001289583,0.9386104247558535,0.9263619340697624,33996,0.8623646209386282,0.8909090909090909,0.8764044943820225,4290,0.5324384787472036,0.7212121212121212,0.6126126126126126,330,0.7445482866043613,0.6294995610184372,0.6822074215033301,1139,0.7689035916824196,0.7807101727447217,0.7747619047619048,2084,0.8787128712871287,0.8655018285249898,0.872057318321392,2461,XGBoost,Tabular,,,,,,,,,,,,,
XGBoost,symmetric,0.4,4,278885,69721,39.85513742223497,47.310330390930176,0.9012062362846202,0.8031906341266731,0.901290536297318,0.9211950991167012,0.8902832415420928,0.9054754236101388,25420,0.9118036372007366,0.9320802447346748,0.921830453249549,33996,0.8705019482007793,0.8851083663481706,0.8777443956551884,4291,0.5061728395061729,0.7454545454545455,0.6029411764705882,330,0.7147147147147147,0.6268656716417911,0.6679139382600561,1139,0.7650298301973383,0.7999040307101728,0.7820783485808116,2084,0.88,0.8492482730597318,0.8643507030603805,2461,XGBoost,Tabular,,,,,,,,,,,,,
XGBoost,asymmetric,0.0,0,278884,69722,0.0,33.60640740394592,0.9620636241071684,0.9359856805469464,0.96198717419287,0.9673363835289436,0.956453325990323,0.961864071524646,25421,0.9619105726488276,0.973879279915284,0.9678579258934444,33996,0.950563347896068,0.9634117921230484,0.9569444444444444,4291,0.9134615384615384,0.8636363636363636,0.8878504672897196,330,0.9136150234741784,0.8542581211589113,0.882940108892922,1139,0.9392156862745098,0.9193857965451055,0.9291949563530552,2084,0.9771024146544546,0.9536773669240146,0.9652477894303928,2461,XGBoost,Tabular,,,,,,,,,,,,,
XGBoost,asymmetric,0.0,1,278885,69721,0.0,34.85359525680542,0.9628519384403552,0.9371227919982108,0.962782834613129,0.968818620992534,0.9545651233232368,0.961639058413252,25421,0.9622745621932448,0.9746440757736204,0.9684198220052902,33996,0.9585071859063514,0.9638694638694638,0.9611808461180846,4290,0.8977635782747604,0.8541033434650456,0.8753894080996885,329,0.9194756554307116,0.8621597892888498,0.889895786135025,1139,0.935514918190568,0.9328214971209212,0.9341662662181645,2084,0.9679902755267424,0.970349309504468,0.9691683569979715,2462,XGBoost,Tabular,,,,,,,,,,,,,
XGBoost,asymmetric,0.0,2,278885,69721,0.0,34.61720657348633,0.961403307468338,0.937935776536299,0.9613182513475282,0.9631243316037548,0.9565320011014516,0.959816846925081,25421,0.9620065214859672,0.9719672902694436,0.9669612548285146,33996,0.9633776533706556,0.9627039627039627,0.963040690218025,4290,0.8942598187311178,0.896969696969697,0.8956127080181543,330,0.9298245614035088,0.8375768217734855,0.8812933025404157,1139,0.9401750972762646,0.9275431861804224,0.9338164251207728,2084,0.9719703215169002,0.9581470946769606,0.9650092081031308,2461,XGBoost,Tabular,,,,,,,,,,,,,
XGBoost,asymmetric,0.0,3,278885,69721,0.0,34.708948612213135,0.9606861634227852,0.9363734112630088,0.9605752414448124,0.967169901749341,0.9525982455450218,0.9598287718741948,25421,0.9589390166213008,0.9741146017178492,0.966467240624544,33996,0.9584500466853408,0.9571095571095573,0.9577793328668066,4290,0.917981072555205,0.8818181818181818,0.8995363214837713,330,0.9327398615232444,0.8279192273924495,0.8772093023255814,1139,0.9289855072463769,0.9227447216890596,0.9258545979778526,2084,0.9667612484799352,0.9691182446160096,0.9679383116883116,2461,XGBoost,Tabular,,,,,,,,,,,,,
XGBoost,asymmetric,0.0,4,278885,69721,0.0,34.661404609680176,0.959954676496321,0.9337574083899371,0.9598636897850128,0.9637663885578068,0.9542879622344612,0.9590037556829412,25420,0.9597896510648188,0.9717319684668784,0.9657238909595848,33996,0.9560083352627924,0.9622465625728268,0.9591173054587688,4291,0.903846153846154,0.8545454545454545,0.8785046728971962,330,0.9232981783317352,0.845478489903424,0.8826764436296975,1139,0.9408023483365948,0.9227447216890596,0.931686046511628,2084,0.9689312344656172,0.950426655830963,0.9595897435897436,2461,XGBoost,Tabular,,,,,,,,,,,,,
XGBoost,asymmetric,0.1,0,278884,69722,10.010255159851408,38.4158399105072,0.9431312928487422,0.9032224420952076,0.9429510613327404,0.9612768398623176,0.9228197159828488,0.9416557952834922,25421,0.9365268780543244,0.9695846570184729,0.9527691062550584,33996,0.9115539632781012,0.9487298997902588,0.9297704693388148,4291,0.7911764705882353,0.8151515151515152,0.8029850746268656,330,0.9141716566866268,0.8042142230026339,0.8556749182624942,1139,0.9186104218362284,0.8881957773512476,0.903147109050988,2084,0.9695519791213572,0.9057293783015036,0.9365546218487396,2461,XGBoost,Tabular,,,,,,,,,,,,,
XGBoost,asymmetric,0.1,1,278885,69721,10.013804973376123,39.661847829818726,0.9455257382997948,0.9103305075007664,0.9453949490114304,0.9637177959485556,0.9226230282050272,0.942722778246714,25421,0.9385092108255628,0.9710848335098248,0.9545191696061992,33996,0.9274101213647812,0.944055944055944,0.935659004273998,4290,0.7762430939226519,0.8541033434650456,0.8133140376266281,329,0.91796875,0.8252853380158033,0.8691631992602866,1139,0.916828793774319,0.904510556621881,0.9106280193236715,2084,0.9587328053355564,0.934199837530463,0.9463073441678668,2462,XGBoost,Tabular,,,,,,,,,,,,,
XGBoost,asymmetric,0.1,2,278885,69721,10.05181347150259,39.76273918151856,0.9432165344731144,0.9093008422324568,0.943032134007027,0.958222621918816,0.9221116399826916,0.939820383289231,25421,0.9356304860381216,0.9688492763854571,0.9519501726903568,33996,0.9295324971493728,0.9501165501165502,0.9397118155619596,4290,0.7894736842105263,0.8636363636363636,0.8248914616497829,330,0.9191919191919192,0.7989464442493416,0.8548614372945045,1139,0.9311377245508982,0.8953934740882917,0.9129158512720156,2084,0.9706263498920088,0.9130434782608696,0.9409547738693468,2461,XGBoost,Tabular,,,,,,,,,,,,,
XGBoost,asymmetric,0.1,3,278885,69721,10.024562095487386,39.47732424736023,0.9448803086587972,0.9063363531987682,0.9447030563480784,0.9638855829605614,0.9239211675386492,0.9434803567124608,25421,0.9373154667272314,0.9711730791857864,0.9539439468361746,33996,0.9196185286103542,0.944055944055944,0.9316770186335404,4290,0.7640750670241286,0.8636363636363636,0.8108108108108109,330,0.9351464435146444,0.7848990342405618,0.8534606205250597,1139,0.919106699751861,0.8886756238003839,0.903635032934862,2084,0.963056255247691,0.9321414059325478,0.947346685938468,2461,XGBoost,Tabular,,,,,,,,,,,,,
XGBoost,asymmetric,0.1,4,278885,69721,9.96503935313839,39.51645851135254,0.9429870483785372,0.903548830249513,0.942823181545022,0.9597987894650744,0.923249409913454,0.9411693936477382,25420,0.937060748328354,0.9687316154841746,0.9526330252672076,33996,0.9175911251980984,0.9445350734094616,0.9308681672025724,4291,0.7793696275071633,0.8242424242424242,0.801178203240059,330,0.9080234833659492,0.8147497805092186,0.8588616381304951,1139,0.9257400903161064,0.8853166986564299,0.9050772626931568,2084,0.9586000853606488,0.912637139374238,0.9350541215653622,2461,XGBoost,Tabular,,,,,,,,,,,,,
XGBoost,asymmetric,0.2,0,278884,69722,20.01082887508785,39.248953342437744,0.9162818048822466,0.8480031181126044,0.9162012725303156,0.958455061007046,0.877581527083907,0.9162371398648788,25421,0.9052727624630188,0.9630838922226144,0.933283924575631,33996,0.8291859974694222,0.916336518294104,0.8705856304660688,4291,0.5412474849094567,0.8151515151515152,0.6505441354292624,330,0.9117647058823528,0.7348551360842844,0.8138065143412737,1139,0.9064449064449064,0.836852207293666,0.8702594810379242,2084,0.9340309372156506,0.8342137342543682,0.8813050010731917,2461,XGBoost,Tabular,,,,,,,,,,,,,
XGBoost,asymmetric,0.2,1,278885,69721,20.00501999031859,40.33720302581787,0.919895010111731,0.858075108142134,0.9198394997234876,0.95962147811938,0.8815939577514653,0.9189543823680164,25421,0.9099164144289243,0.9638486880809508,0.936106389361064,33996,0.8408023900981647,0.9184149184149184,0.8778966131907309,4290,0.5678496868475992,0.8267477203647416,0.6732673267326733,329,0.9311440677966102,0.771729587357331,0.843975036005761,1139,0.8907692307692308,0.8334932821497121,0.8611799702528508,2084,0.9272964736612972,0.8651502843216897,0.8951460390838412,2462,XGBoost,Tabular,,,,,,,,,,,,,
XGBoost,asymmetric,0.2,2,278885,69721,19.986015741255358,40.35782980918884,0.9156925460047906,0.8497755515459876,0.915582104341766,0.9549217242118808,0.8758113370835137,0.9136572554169402,25421,0.904266792024998,0.9619072832097894,0.932196867116122,33996,0.851304347826087,0.9128205128205128,0.8809898762654668,4290,0.5381526104417671,0.8121212121212121,0.6473429951690821,330,0.9017951425554382,0.7497805092186128,0.8187919463087249,1139,0.9002057613168725,0.8397312859884837,0.8689175769612711,2084,0.927240461401952,0.8492482730597318,0.8865323435843054,2461,XGBoost,Tabular,,,,,,,,,,,,,
XGBoost,asymmetric,0.2,3,278885,69721,19.96199150187353,40.203983306884766,0.9168112907158532,0.8519240088583299,0.9166749306800566,0.958542983701028,0.876794775972621,0.9158482968319842,25421,0.9052395954236444,0.9635545358277444,0.9334872189450286,33996,0.839666951323655,0.9167832167832168,0.8765322041453086,4290,0.5571142284569138,0.8424242424242424,0.6706875753920386,330,0.9244444444444444,0.7304653204565408,0.8160863168219715,1139,0.8964267219057483,0.8306142034548945,0.862266500622665,2084,0.9263668430335096,0.8537180008126778,0.8885599492493127,2461,XGBoost,Tabular,,,,,,,,,,,,,
XGBoost,asymmetric,0.2,4,278885,69721,20.058805600874912,40.36477994918823,0.9154056883865692,0.8475225451343081,0.915377516319728,0.9557651093013289,0.877183320220299,0.9147897435897436,25420,0.9059802969335368,0.9603188610424755,0.9323585269380704,33996,0.8324485028668507,0.9135399673735726,0.8711111111111111,4291,0.536,0.8121212121212121,0.6457831325301204,330,0.9016042780748664,0.7401229148375769,0.8129218900675024,1139,0.8936927772126144,0.8430902111324377,0.8676543209876543,2084,0.9305431878895816,0.8492482730597318,0.888039090715955,2461,XGBoost,Tabular,,,,,,,,,,,,,
XGBoost,asymmetric,0.3,0,278884,69722,30.056224093171352,39.50945997238159,0.8573477525027968,0.7487069965236212,0.859066854542291,0.9503910298690286,0.7935565083985681,0.8649216455506249,25421,0.8515179244267413,0.9306683139192846,0.889335507083427,33996,0.6387953941541187,0.840363551619669,0.7258454106280193,4291,0.312039312039312,0.7696969696969697,0.444055944055944,330,0.8766006984866124,0.6611062335381914,0.7537537537537538,1139,0.8343524180100056,0.7202495201535508,0.7731135719804275,2084,0.832208726945569,0.7517269402681837,0.7899231426131511,2461,XGBoost,Tabular,,,,,,,,,,,,,
XGBoost,asymmetric,0.3,1,278885,69721,30.04105634939133,40.435962438583374,0.8604867973781214,0.7560613113696206,0.8622097356329821,0.9536408224863232,0.7954447110656544,0.8673887399463807,25421,0.8530843937478142,0.9327567949170492,0.8911433670099906,33996,0.6446827524575514,0.8407925407925408,0.7297926150733435,4290,0.3190709046454767,0.7933130699088146,0.4551002615518744,329,0.8918269230769231,0.6514486391571555,0.7529173008625063,1139,0.8299894403379092,0.7543186180422264,0.7903469079939668,2084,0.8522881739918441,0.7640129975629569,0.8057399871492825,2462,XGBoost,Tabular,,,,,,,,,,,,,
XGBoost,asymmetric,0.3,2,278885,69721,29.96503935313839,40.67596912384033,0.8575034781486209,0.7540442157944091,0.8588266255773545,0.9496191872841668,0.7896620903977026,0.8622852233676976,25421,0.8487895117831578,0.9312566184256972,0.8881127708815485,33996,0.6484708392603129,0.8501165501165501,0.7357272543877346,4290,0.3358395989974937,0.8121212121212121,0.475177304964539,330,0.8901808785529716,0.6049165935030729,0.7203345530580241,1139,0.8263157894736842,0.753358925143954,0.7881526104417671,2084,0.8591678097850938,0.7635107679804958,0.8085197934595525,2461,XGBoost,Tabular,,,,,,,,,,,,,
XGBoost,asymmetric,0.3,3,278885,69721,30.011294978216828,40.42254424095154,0.8574747923867988,0.7489426259146681,0.8592716322158149,0.951708836858006,0.7930844577317966,0.8651861388263062,25421,0.8508651543284627,0.930080009412872,0.8887108787610495,33996,0.634588318085855,0.8407925407925408,0.7232805293763785,4290,0.3101736972704714,0.7575757575757576,0.4401408450704225,330,0.8791208791208791,0.6321334503950834,0.7354443309499489,1139,0.8351409978308026,0.7389635316698656,0.7841140529531568,2084,0.8488529014844804,0.7667614790735473,0.8057216054654142,2461,XGBoost,Tabular,,,,,,,,,,,,,
XGBoost,asymmetric,0.3,4,278885,69721,29.930257991645306,40.53942441940308,0.8581202220277965,0.7478102957846221,0.8597247410189726,0.9484158648204648,0.7948859166011015,0.8648903156768325,25420,0.8523967342979549,0.930550653018002,0.8897607897734464,33996,0.6426543647977289,0.8440922861803776,0.7297270071522112,4291,0.3087674714104193,0.7363636363636363,0.4350940017905103,330,0.8669064748201439,0.6347673397717296,0.7328940699442473,1139,0.8374864572047671,0.7418426103646834,0.7867684478371502,2084,0.8427272727272728,0.7533522958147094,0.7955374383179575,2461,XGBoost,Tabular,,,,,,,,,,,,,
XGBoost,asymmetric,0.4,0,278884,69722,40.13138078914531,39.537585735321045,0.72975531396116,0.603356547906567,0.7411684079834443,0.9277446710978684,0.6369143621415365,0.7553005388006437,25421,0.7484997999733298,0.8255382986233675,0.7851337930648613,33996,0.3455031166518255,0.7233745047774411,0.4676459510357815,4291,0.1732636295743091,0.703030303030303,0.2780107849011384,330,0.8203677510608204,0.5092186128182616,0.628385698808234,1139,0.7452718676122931,0.6050863723608445,0.6679025423728814,2084,0.7048222113979542,0.587972368955709,0.641116526362428,2461,XGBoost,Tabular,,,,,,,,,,,,,
XGBoost,asymmetric,0.4,1,278885,69721,39.942628682073256,40.57759737968445,0.7316877267968044,0.6059782519911486,0.7433583188942489,0.9263366336633664,0.6440737972542386,0.7598385000928161,25421,0.7524853565479069,0.8238028003294505,0.7865307383379673,33996,0.345541578537237,0.7235431235431236,0.4677164167859564,4290,0.1777609682299546,0.7142857142857143,0.2846759539672925,329,0.8306010928961749,0.533801580333626,0.649919828968466,1139,0.7439096850861556,0.6007677543186181,0.664719936288824,2084,0.681214421252372,0.5832656376929326,0.6284463894967177,2462,XGBoost,Tabular,,,,,,,,,,,,,
XGBoost,asymmetric,0.4,2,278885,69721,40.06776986930097,40.50898742675781,0.7343268168844395,0.6038728098328258,0.7445396032109793,0.92713983897676,0.6387238896974942,0.7563702426980947,25421,0.7505890450851137,0.8339804682903871,0.790090429015313,33996,0.3598098330241187,0.7233100233100234,0.4805637292860461,4290,0.1660405709992486,0.6696969696969697,0.2661047561709813,330,0.8319088319088319,0.5127304653204565,0.6344378055404671,1139,0.7377538829151732,0.5926103646833013,0.6572645023948909,2084,0.6967680608365019,0.5956928078017066,0.6422782037239868,2461,XGBoost,Tabular,,,,,,,,,,,,,
XGBoost,asymmetric,0.4,3,278885,69721,40.01111569284831,40.68354415893555,0.7351300182154588,0.6089328381352433,0.7453068241747749,0.930533210756148,0.6370717123637937,0.756333917104495,25421,0.7499537636397263,0.8349511707259678,0.790173289720927,33996,0.3595284872298624,0.7251748251748251,0.4807231708259291,4290,0.1720679012345679,0.6757575757575758,0.2742927429274293,330,0.8285322359396433,0.5302897278314311,0.6466809421841542,1139,0.7615193026151931,0.586852207293666,0.6628726287262873,2084,0.6927655677655677,0.6147907354733848,0.6514531754574812,2461,XGBoost,Tabular,,,,,,,,,,,,,
XGBoost,asymmetric,0.4,4,278885,69721,39.85513742223497,40.6711061000824,0.7333801867443095,0.6163178881463673,0.7432923167915195,0.9260839483394834,0.6318646734854445,0.7511925918997288,25420,0.7470406791278901,0.8335098246852571,0.7879099642693286,33996,0.358568479008947,0.7285015147984153,0.4805903605196402,4291,0.1891685736079328,0.7515151515151515,0.3022547227300426,330,0.8553191489361702,0.5294117647058824,0.6540130151843818,1139,0.7617370892018779,0.6228406909788867,0.6853220696937699,2084,0.726593625498008,0.5928484355952864,0.6529424927276796,2461,XGBoost,Tabular,,,,,,,,,,,,,
Voting,symmetric,0.0,0,278884,69722,0.0,175.9262912273407,0.9562835260032702,0.9298958527604542,0.9562121562545154,0.966026053393374,0.9451634475433696,0.9554808820312966,25421,0.954905933429812,0.9704671137780916,0.9626236395996848,33996,0.9389607442704788,0.9643439757632254,0.951483099563118,4291,0.907936507936508,0.8666666666666667,0.8868217054263566,330,0.8926919518963923,0.8472344161545216,0.8693693693693694,1139,0.9234866828087168,0.9150671785028792,0.9192576524463726,2084,0.969983552631579,0.958553433563592,0.9642346208869814,2461,Voting,Tabular,,,,,,,,,,,,,
Voting,symmetric,0.0,1,278885,69721,0.0,179.60080790519714,0.9583626167151934,0.9337140642133948,0.9582914783810608,0.9665688913890786,0.94626489909917,0.9563091357239404,25421,0.9571213350330282,0.9717613836921992,0.9643858010275572,33996,0.9512531616463556,0.9643356643356644,0.957749739553189,4290,0.89375,0.8693009118541033,0.8813559322033898,329,0.9101123595505618,0.8533801580333626,0.8808337109198007,1139,0.9239543726235742,0.9328214971209212,0.9283667621776504,2084,0.9640694388373032,0.9699431356620634,0.9669973678882364,2462,Voting,Tabular,,,,,,,,,,,,,
Voting,symmetric,0.0,2,278885,69721,0.0,185.28074717521667,0.956584099482222,0.9355178092799752,0.9565058432850264,0.9620754490538864,0.9460288737657842,0.953984688008251,25421,0.955511731098286,0.9691434286386632,0.9622793054602276,33996,0.956371191135734,0.9657342657342656,0.9610299234516354,4290,0.8911764705882353,0.9181818181818182,0.9044776119402984,330,0.9115969581749048,0.8419666374012291,0.8753993610223643,1139,0.9304347826086956,0.9241842610364684,0.927298988926336,2084,0.9665169456921192,0.9618041446566435,0.9641547861507128,2461,Voting,Tabular,,,,,,,,,,,,,
Voting,symmetric,0.0,3,278885,69721,0.0,172.8193280696869,0.957057414552287,0.935946711882502,0.9569706074142365,0.9651046058707786,0.9454388104323196,0.9551704951911612,25421,0.9554931371981236,0.9706141899046948,0.9629943090617248,33996,0.9523919574763116,0.9606060606060606,0.956481374028084,4290,0.9023668639053254,0.9242424242424242,0.9131736526946108,330,0.918032786885246,0.835820895522388,0.875,1139,0.921165790731008,0.9251439539347408,0.9231505865453676,2084,0.9602249899558056,0.971149939049167,0.9656565656565655,2461,Voting,Tabular,,,,,,,,,,,,,
Voting,symmetric,0.0,4,278885,69721,0.0,179.8767409324646,0.9549776968201832,0.92990507350469,0.9549000435851064,0.9617541049259112,0.9447285601888276,0.9531653105774957,25420,0.9547458807147832,0.9681138957524414,0.961383419991821,33996,0.945716903344022,0.9622465625728268,0.9539101305302068,4291,0.8895705521472392,0.8787878787878788,0.8841463414634146,330,0.909867172675522,0.8419666374012291,0.8746010031919744,1139,0.9256951102588686,0.9265834932821496,0.9261390887290168,2084,0.9587249693502248,0.9532710280373832,0.9559902200488998,2461,Voting,Tabular,,,,,,,,,,,,,
Voting,symmetric,0.1,0,278884,69722,10.010255159851408,251.60618662834167,0.9443217348899916,0.9038893703975102,0.9442400544493396,0.9578593693073716,0.9308052397624011,0.9441385364296544,25421,0.944839343504392,0.961848452759148,0.9532680310185996,33996,0.9172999552972732,0.95642041482172,0.9364517969195664,4291,0.8214285714285714,0.8363636363636363,0.8288288288288288,330,0.8453703703703703,0.8015803336259877,0.8228931951329428,1139,0.8927017883035283,0.8862763915547025,0.889477486154587,2084,0.953915171288744,0.950426655830963,0.952167718298392,2461,Voting,Tabular,,,,,,,,,,,,,
Voting,symmetric,0.1,1,278885,69721,10.013804973376123,220.72435235977173,0.946787911819968,0.9123093288145732,0.94672780774961,0.9576952604145622,0.9323787419849732,0.9448674506677296,25421,0.9477082549150186,0.9627897399694082,0.9551894707659084,33996,0.9346435100548446,0.9533799533799534,0.9439187629817678,4290,0.8470948012232415,0.8419452887537994,0.8445121951219512,329,0.8634686346863468,0.8217734855136084,0.8421052631578947,1139,0.8845618915159944,0.9155470249520152,0.899787785899552,2084,0.9502207948615012,0.961413484971568,0.9557843731072078,2462,Voting,Tabular,,,,,,,,,,,,,
Voting,symmetric,0.1,2,278885,69721,10.05181347150259,210.935494184494,0.9437615639477346,0.910957956697374,0.943680096933112,0.9518998550957978,0.9302938515400652,0.940972843927186,25421,0.9449549262297458,0.958936345452406,0.951894298853931,33996,0.9407051282051282,0.9578088578088578,0.9491799491799492,4290,0.8233618233618234,0.8757575757575757,0.8487518355359766,330,0.8719165085388995,0.8068481123792801,0.8381212950296397,1139,0.8947368421052632,0.9136276391554704,0.9040835707502374,2084,0.9406540169559952,0.94676960585128,0.9437019036046984,2461,Voting,Tabular,,,,,,,,,,,,,
Voting,symmetric,0.1,3,278885,69721,10.024562095487386,203.6975576877594,0.9461137964171484,0.9131420606064008,0.9460561196315972,0.9585863492834588,0.9314739782069942,0.9448357041677472,25421,0.9465416992102752,0.962495587716202,0.9544519798731133,33996,0.9287981859410432,0.9547785547785548,0.9416091954022988,4290,0.8159340659340659,0.9,0.8559077809798271,330,0.8827977315689981,0.820017559262511,0.8502503413746018,1139,0.885956644674835,0.9021113243761996,0.89396100808369,2084,0.9443108974358976,0.9577407557903292,0.9509784143635264,2461,Voting,Tabular,,,,,,,,,,,,,
Voting,symmetric,0.1,4,278885,69721,9.96503935313839,206.44448971748352,0.9431161343067368,0.9062293473183284,0.9430514385163624,0.9539635746880426,0.9293076317859952,0.9414742044118526,25420,0.9445264773154984,0.9596128956347806,0.952009921937696,33996,0.9286363636363636,0.9522255884409228,0.9402830514325164,4291,0.8176470588235294,0.8424242424242424,0.8298507462686567,330,0.8706654170571696,0.8156277436347673,0.8422484134179511,1139,0.8821879382889201,0.9054702495201536,0.893677480464125,2084,0.9417711281843916,0.9463632669646486,0.9440616132955006,2461,Voting,Tabular,,,,,,,,,,,,,
Voting,symmetric,0.2,0,278884,69722,20.01082887508785,215.3140299320221,0.933478672441984,0.8745212413819269,0.9335899551228454,0.9502868068833652,0.9188859604264192,0.9343226270949162,25421,0.9388317946931428,0.9512589716437228,0.9450045293825428,33996,0.9032044198895028,0.9524586343509672,0.9271778584392014,4291,0.6547619047619048,0.8333333333333334,0.7333333333333333,330,0.7852706299911268,0.7769973661106233,0.7811120917917035,1139,0.8621991505427088,0.8766794625719769,0.8693790149892934,2084,0.9233226837060704,0.9394555058919138,0.9313192346424974,2461,Voting,Tabular,,,,,,,,,,,,,
Voting,symmetric,0.2,1,278885,69721,20.00501999031859,215.746767282486,0.9356865219948078,0.8812106707479032,0.9358385878343506,0.951037851037851,0.9192006608709334,0.934848272689084,25421,0.9418006337393529,0.9529650547123192,0.9473499524819066,33996,0.91329739442947,0.9477855477855478,0.930221917181423,4290,0.6618004866180048,0.8267477203647416,0.7351351351351352,329,0.8157205240174672,0.820017559262511,0.8178633975481612,1139,0.8396012686905301,0.8891554702495201,0.863668142624097,2084,0.9255025620811984,0.9536961819658814,0.9393878775755152,2462,Voting,Tabular,,,,,,,,,,,,,
Voting,symmetric,0.2,2,278885,69721,19.986015741255358,218.67931938171387,0.9330044032644396,0.8824706139437998,0.933099597624378,0.9462667154412064,0.915817631092404,0.9307932192547576,25421,0.9383788495061012,0.9500823626308976,0.944194340505145,33996,0.917676087931808,0.9536130536130536,0.935299497027892,4290,0.6635730858468677,0.8666666666666667,0.7516425755584757,330,0.81998199819982,0.7998244073748902,0.8097777777777778,1139,0.8578656853725851,0.8949136276391555,0.8759981211836543,2084,0.9179873217115688,0.9414872003250712,0.9295887662988966,2461,Voting,Tabular,,,,,,,,,,,,,
Voting,symmetric,0.2,3,278885,69721,19.96199150187353,218.6320762634277,0.9339223476427476,0.8825766335009748,0.9340652464417974,0.9508089823531808,0.9177451713150544,0.9339845470194964,25421,0.9397604372601466,0.9508177432639134,0.945256755176044,33996,0.9112055468575264,0.9496503496503496,0.930030818399726,4290,0.6933962264150944,0.8909090909090909,0.7798408488063661,330,0.7885117493472585,0.7954345917471466,0.791958041958042,1139,0.8413855970829535,0.8857965451055663,0.8630201028517999,2084,0.9176470588235294,0.9508329947175944,0.9339453202953504,2461,Voting,Tabular,,,,,,,,,,,,,
Voting,symmetric,0.2,4,278885,69721,20.058805600874912,215.3338861465454,0.9322442305761536,0.8749153025030678,0.9324145545288018,0.9460335467142048,0.9185680566483084,0.9320985190211968,25420,0.9397014229064614,0.9479938816331334,0.9438294382943828,33996,0.911922904527118,0.94826380797017,0.9297383754141436,4291,0.639080459770115,0.8424242424242424,0.726797385620915,330,0.8005342831700801,0.7892888498683055,0.7948717948717948,1139,0.8487738419618529,0.8968330134357005,0.8721418572095193,2084,0.9139230464101546,0.9362047947988622,0.9249297470895222,2461,Voting,Tabular,,,,,,,,,,,,,
Voting,symmetric,0.3,0,278884,69722,30.056224093171352,222.63334441185,0.9179455552049568,0.830199525772778,0.9188435954680344,0.9423496031909206,0.9014987608669998,0.9214716525934862,25421,0.934267336329192,0.9356689022237912,0.9349675940214276,33996,0.8736299161831077,0.947331624329993,0.908989266547406,4291,0.4736842105263157,0.8181818181818182,0.6,330,0.6887470071827614,0.7576821773485514,0.7215719063545151,1139,0.7891725352112676,0.8603646833013435,0.8232323232323232,2084,0.8757668711656442,0.9280780170662332,0.901163937660288,2461,Voting,Tabular,,,,,,,,,,,,,
Voting,symmetric,0.3,1,278885,69721,30.04105634939133,221.05027079582212,0.9195794667316878,0.8262956948307586,0.9207568604537046,0.9462547434416764,0.9024428622005428,0.9238296587133796,25421,0.9369435547850616,0.9379632897987998,0.9374531449822868,33996,0.8812554872695347,0.935897435897436,0.9077549174768256,4290,0.4364820846905538,0.8145896656534954,0.5683987274655355,329,0.6720430107526881,0.7682177348551361,0.7169192953707497,1139,0.7931334202520643,0.8757197696737045,0.8323831242873432,2084,0.8622238861849495,0.9354183590576768,0.8973309955191896,2462,Voting,Tabular,,,,,,,,,,,,,
Voting,symmetric,0.3,2,278885,69721,29.96503935313839,222.9760639667511,0.9175714634041392,0.8354123605007875,0.9185139710993476,0.9399621679414426,0.8991778450887062,0.9191177948893222,25421,0.93433081513272,0.934962936816096,0.9346467690950524,33996,0.8932534398579671,0.9382284382284384,0.9151887221464302,4290,0.4839797639123103,0.8696969696969697,0.6218851570964247,330,0.689358372456964,0.7734855136084284,0.7290028961522549,1139,0.7887505367110348,0.8814779270633397,0.8325402220711534,2084,0.8592233009708737,0.934985778138968,0.8955049620548745,2461,Voting,Tabular,,,,,,,,,,,,,
Voting,symmetric,0.3,3,278885,69721,30.011294978216828,221.79749512672424,0.9193643235180218,0.836071915051755,0.9202364462061108,0.9430119888323206,0.9035049762007789,0.9228358478815516,25421,0.9353729500969846,0.9361983762795624,0.9357854811678574,33996,0.8821350762527234,0.943822843822844,0.9119369369369368,4290,0.4956822107081174,0.8696969696969697,0.6314631463146315,330,0.684044233807267,0.7603160667251976,0.7201663201663202,1139,0.7946902654867256,0.8618042226487524,0.8268876611418048,2084,0.8721633888048411,0.9370174725721252,0.9034280117531832,2461,Voting,Tabular,,,,,,,,,,,,,
Voting,symmetric,0.3,4,278885,69721,29.930257991645306,222.78144025802607,0.9166678619067424,0.8267577393222127,0.9176375035111308,0.9414884868421052,0.9007474429583006,0.9206674708484116,25420,0.9336917562724014,0.9348452759148136,0.9342681600376282,33996,0.8769599303135889,0.9384758797483104,0.9066756726331194,4291,0.4660869565217391,0.8121212121212121,0.5922651933701657,330,0.6855546687948922,0.7541703248463565,0.7182274247491639,1139,0.7823100042936882,0.8742802303262955,0.8257421255381826,2084,0.8634276970160674,0.917106867127184,0.8894581280788177,2461,Voting,Tabular,,,,,,,,,,,,,
Voting,symmetric,0.4,0,278884,69722,40.13138078914531,226.84289860725403,0.8903932761538682,0.758460822019246,0.8942369416541195,0.9336809790150974,0.8733724086385272,0.902520325203252,25421,0.9286745248977628,0.908459818802212,0.9184559567001724,33996,0.8254598662207357,0.9202982987648568,0.8703030303030304,4291,0.2959738846572361,0.8242424242424242,0.4355484387510008,330,0.5100755667506297,0.7111501316944688,0.594059405940594,1139,0.6824271079590228,0.8310940499040307,0.749459108610991,2084,0.7806158152554233,0.9065420560747663,0.8388794886256815,2461,Voting,Tabular,,,,,,,,,,,,,
Voting,symmetric,0.4,1,278885,69721,39.942628682073256,223.80807328224185,0.8919981067397197,0.76188476033463,0.895932945003078,0.933911658704216,0.8766374257503639,0.9043686463892214,25421,0.9310834062849036,0.907283209789387,0.9190292448192124,33996,0.8312644645487061,0.920979020979021,0.8738250580559549,4290,0.2849344978165939,0.7933130699088146,0.4192771084337349,329,0.532347504621072,0.7585601404741001,0.6256335988414192,1139,0.6791650560494782,0.8430902111324377,0.7523014343823592,2084,0.7812828601472135,0.90536149471974,0.838758231420508,2462,Voting,Tabular,,,,,,,,,,,,,
Voting,symmetric,0.4,2,278885,69721,40.06776986930097,227.1444652080536,0.8916251918360322,0.7639918774103757,0.8951492261660259,0.9295551289541776,0.8762047126391566,0.9020918129720754,25421,0.929459956025421,0.9077244381691963,0.918463621887882,33996,0.8348101265822785,0.9223776223776224,0.8764119601328904,4290,0.2972665148063781,0.7909090909090909,0.4321192052980132,330,0.5361675126903553,0.7418788410886743,0.6224677716390423,1139,0.6922160444797458,0.8363723608445297,0.757496740547588,2084,0.7821503865073788,0.9045103616416093,0.8388920293951385,2461,Voting,Tabular,,,,,,,,,,,,,
Voting,symmetric,0.4,3,278885,69721,40.01111569284831,222.75617861747745,0.8922562785961188,0.7629975208073974,0.8956767146492538,0.9344020870150636,0.8735690964163487,0.9029621647996422,25421,0.9297303781903248,0.9118719849394048,0.9207145933263042,33996,0.8220603537981269,0.9207459207459208,0.868609125893348,4290,0.3074204946996466,0.7909090909090909,0.4427480916030534,330,0.5484508899143046,0.7304653204565408,0.6265060240963856,1139,0.6742099102614124,0.8291746641074856,0.7437056165267915,2084,0.7751911049339819,0.9065420560747663,0.8357370294062558,2461,Voting,Tabular,,,,,,,,,,,,,
Voting,symmetric,0.4,4,278885,69721,39.85513742223497,228.731561422348,0.8896315313893949,0.7575663428114029,0.8935015390866321,0.9303495096806638,0.8733280881195908,0.9009374619536544,25420,0.9290771594709408,0.9070773032121426,0.9179454358730113,33996,0.8292272057275216,0.9177347937543696,0.8712389380530974,4291,0.2860310421286031,0.7818181818181819,0.4188311688311688,330,0.5226130653266332,0.7304653204565408,0.6093006224826071,1139,0.6728723404255319,0.8498080614203455,0.7510602205258694,2084,0.7841031149301826,0.8898821617228769,0.8336505519604112,2461,Voting,Tabular,,,,,,,,,,,,,
Voting,asymmetric,0.0,0,278884,69722,0.0,181.90302205085757,0.9562835260032702,0.9298958527604542,0.9562121562545154,0.966026053393374,0.9451634475433696,0.9554808820312966,25421,0.954905933429812,0.9704671137780916,0.9626236395996848,33996,0.9389607442704788,0.9643439757632254,0.951483099563118,4291,0.907936507936508,0.8666666666666667,0.8868217054263566,330,0.8926919518963923,0.8472344161545216,0.8693693693693694,1139,0.9234866828087168,0.9150671785028792,0.9192576524463726,2084,0.969983552631579,0.958553433563592,0.9642346208869814,2461,Voting,Tabular,,,,,,,,,,,,,
Voting,asymmetric,0.0,1,278885,69721,0.0,179.05200386047363,0.9583626167151934,0.9337140642133948,0.9582914783810608,0.9665688913890786,0.94626489909917,0.9563091357239404,25421,0.9571213350330282,0.9717613836921992,0.9643858010275572,33996,0.9512531616463556,0.9643356643356644,0.957749739553189,4290,0.89375,0.8693009118541033,0.8813559322033898,329,0.9101123595505618,0.8533801580333626,0.8808337109198007,1139,0.9239543726235742,0.9328214971209212,0.9283667621776504,2084,0.9640694388373032,0.9699431356620634,0.9669973678882364,2462,Voting,Tabular,,,,,,,,,,,,,
Voting,asymmetric,0.0,2,278885,69721,0.0,181.3658046722412,0.956584099482222,0.9355178092799752,0.9565058432850264,0.9620754490538864,0.9460288737657842,0.953984688008251,25421,0.955511731098286,0.9691434286386632,0.9622793054602276,33996,0.956371191135734,0.9657342657342656,0.9610299234516354,4290,0.8911764705882353,0.9181818181818182,0.9044776119402984,330,0.9115969581749048,0.8419666374012291,0.8753993610223643,1139,0.9304347826086956,0.9241842610364684,0.927298988926336,2084,0.9665169456921192,0.9618041446566435,0.9641547861507128,2461,Voting,Tabular,,,,,,,,,,,,,
Voting,asymmetric,0.0,3,278885,69721,0.0,176.2623782157898,0.957057414552287,0.935946711882502,0.9569706074142365,0.9651046058707786,0.9454388104323196,0.9551704951911612,25421,0.9554931371981236,0.9706141899046948,0.9629943090617248,33996,0.9523919574763116,0.9606060606060606,0.956481374028084,4290,0.9023668639053254,0.9242424242424242,0.9131736526946108,330,0.918032786885246,0.835820895522388,0.875,1139,0.921165790731008,0.9251439539347408,0.9231505865453676,2084,0.9602249899558056,0.971149939049167,0.9656565656565655,2461,Voting,Tabular,,,,,,,,,,,,,
Voting,asymmetric,0.0,4,278885,69721,0.0,179.03263998031616,0.9549776968201832,0.92990507350469,0.9549000435851064,0.9617541049259112,0.9447285601888276,0.9531653105774957,25420,0.9547458807147832,0.9681138957524414,0.961383419991821,33996,0.945716903344022,0.9622465625728268,0.9539101305302068,4291,0.8895705521472392,0.8787878787878788,0.8841463414634146,330,0.909867172675522,0.8419666374012291,0.8746010031919744,1139,0.9256951102588686,0.9265834932821496,0.9261390887290168,2084,0.9587249693502248,0.9532710280373832,0.9559902200488998,2461,Voting,Tabular,,,,,,,,,,,,,
Voting,asymmetric,0.1,0,278884,69722,10.010255159851408,196.46923565864563,0.942428501764149,0.9052024473216996,0.9423898624497796,0.964329795112318,0.9220329648715628,0.9427071812094032,25421,0.9373303232074988,0.9648193905165312,0.9508762266448274,33996,0.8927943760984183,0.9470985784199488,0.9191450865091032,4291,0.773841961852861,0.8606060606060606,0.8149210903873745,330,0.8896353166986565,0.8138718173836699,0.8500687757909215,1139,0.9043728976453628,0.903071017274472,0.9037214885954382,2084,0.9710205795884084,0.9394555058919138,0.9549772821148286,2461,Voting,Tabular,,,,,,,,,,,,,
Voting,asymmetric,0.1,1,278885,69721,10.013804973376123,200.2932088375092,0.9450380803488188,0.9097799286188586,0.9450313386656832,0.9651005056110494,0.9235671295385705,0.9438771407895796,25421,0.9408260296729106,0.9662313213319214,0.9533594543607604,33996,0.911352329262777,0.9393939393939394,0.9251606978879706,4290,0.7480519480519481,0.8753799392097265,0.8067226890756303,329,0.8924930491195552,0.845478489903424,0.8683498647430117,1139,0.900976290097629,0.9299424184261036,0.9152302243211334,2084,0.959476054031928,0.9520714865962632,0.9557594291539244,2462,Voting,Tabular,,,,,,,,,,,,,
Voting,asymmetric,0.1,2,278885,69721,10.05181347150259,203.1933891773224,0.9430444199021816,0.9110729380855992,0.9429944337798462,0.9603932009010854,0.9223870028716415,0.9410065013243438,25421,0.9383879468377636,0.9636721967290268,0.9508620189237824,33996,0.912858422939068,0.94988344988345,0.9310029700708248,4290,0.7556675062972292,0.9090909090909092,0.8253094910591472,330,0.90513068731849,0.8208955223880597,0.8609576427255985,1139,0.9128156264888042,0.9193857965451055,0.9160889313889552,2084,0.9641815910037485,0.9406745225518082,0.9522830111065406,2461,Voting,Tabular,,,,,,,,,,,,,
Voting,asymmetric,0.1,3,278885,69721,10.024562095487386,197.46093893051147,0.9447942513733308,0.9115162708963876,0.9447670554076556,0.9659726793943384,0.9235277919830062,0.9442735042735044,25421,0.9398724219800336,0.966496058359807,0.9529983322456674,33996,0.905884995507637,0.94009324009324,0.9226721574010524,4290,0.7524752475247525,0.9212121212121211,0.8283378746594006,330,0.9158512720156556,0.8217734855136084,0.8662656177695511,1139,0.900422733677783,0.919865642994242,0.910040351293615,2084,0.9579763361893104,0.954083705810646,0.9560260586319218,2461,Voting,Tabular,,,,,,,,,,,,,
Voting,asymmetric,0.1,4,278885,69721,9.96503935313839,197.47040486335757,0.942642819236672,0.9092316824633428,0.9425988904525584,0.9618969410798603,0.9215971675845792,0.9413159216474134,25420,0.9382443884562528,0.9639663489822332,0.9509314607393652,33996,0.90445434298441,0.946399440689816,0.9249516000455528,4291,0.7771739130434783,0.8666666666666667,0.8194842406876791,330,0.9007561436672968,0.8366988586479368,0.867546654528903,1139,0.90627973358706,0.9141074856046064,0.9101767797419972,2084,0.9582644628099174,0.942299878098334,0.9502151198524892,2461,Voting,Tabular,,,,,,,,,,,,,
Voting,asymmetric,0.2,0,278884,69722,20.01082887508785,200.5532727241516,0.9154642723960872,0.8447702760424726,0.9164287170789052,0.9644737405298976,0.8863931395303096,0.9237864873729092,25421,0.912787571804522,0.9488469231674316,0.9304680175957308,33996,0.76969574853919,0.8902353763691447,0.8255889345148044,4291,0.46677471636953,0.8727272727272727,0.6082365364308342,330,0.8900100908173562,0.7743634767339772,0.828169014084507,1139,0.8696682464454977,0.8805182341650671,0.8750596089651884,2084,0.9461308251389484,0.8992279561154003,0.9220833333333334,2461,Voting,Tabular,,,,,,,,,,,,,
Voting,asymmetric,0.2,1,278885,69721,20.00501999031859,202.96334505081177,0.919421695041666,0.8529996045200766,0.9203082709633053,0.9654878568385172,0.8913890090869754,0.9269599721830194,25421,0.918131149405676,0.9497293799270502,0.9336629941297244,33996,0.7804130034757718,0.8897435897435897,0.8314998366191046,4290,0.4829931972789115,0.8632218844984803,0.6194111232279171,329,0.8989310009718173,0.8121158911325724,0.8533210332103321,1139,0.8633161108501644,0.8819577735124761,0.8725373842867316,2084,0.9362745098039216,0.9309504467912266,0.9336048879837068,2462,Voting,Tabular,,,,,,,,,,,,,
Voting,asymmetric,0.2,2,278885,69721,19.986015741255358,206.89313316345212,0.9166248332640096,0.8532739167403053,0.9174393998445908,0.9601021928890782,0.8869832028637741,0.922095448411238,25421,0.9136352037199807,0.9478468055065302,0.9304266223922616,33996,0.7912110583866309,0.8939393939393939,0.8394440188245594,4290,0.4784,0.906060606060606,0.6261780104712041,330,0.8928220255653884,0.797190517998244,0.8423005565862709,1139,0.884854276158624,0.8886756238003839,0.8867608331338281,2084,0.940461215932914,0.9114181227143436,0.9257119273627734,2461,Voting,Tabular,,,,,,,,,,,,,
Voting,asymmetric,0.2,3,278885,69721,19.96199150187353,204.63729977607727,0.9176718635705168,0.8511925792717371,0.9185130585111572,0.9646078221842274,0.8877306164194957,0.9245739101933792,25421,0.9147791619479048,0.9504059301094246,0.9322522938426916,33996,0.7848621966269025,0.8895104895104895,0.833916083916084,4290,0.4806451612903226,0.9030303030303032,0.6273684210526316,330,0.8953140578265204,0.7884108867427568,0.838468720821662,1139,0.8718557190317988,0.8814779270633397,0.8766404199475065,2084,0.9341342170671084,0.9162941893539212,0.9251282051282051,2461,Voting,Tabular,,,,,,,,,,,,,
Voting,asymmetric,0.2,4,278885,69721,20.058805600874912,202.2933795452118,0.9145164297700836,0.8434173113800092,0.915594629588294,0.9614893073187356,0.8878835562549174,0.9232216631897574,25420,0.9137490053427304,0.9457877397340864,0.9294923681776132,33996,0.7670454545454546,0.8809135399673735,0.8200455580865603,4291,0.4506172839506173,0.8848484848484849,0.5971370143149284,330,0.8854581673306773,0.7805092186128183,0.8296780214652356,1139,0.876361913784936,0.8877159309021113,0.8820023837902264,2084,0.940456081081081,0.9049167005282406,0.9223441706357424,2461,Voting,Tabular,,,,,,,,,,,,,
Voting,asymmetric,0.3,0,278884,69722,30.056224093171352,205.8287808895111,0.8505923524855856,0.7373840220861388,0.858193415925497,0.963130242418656,0.8220762361826837,0.8870307094802521,25421,0.866900825266284,0.8929874102835628,0.8797507788161993,33996,0.5009316770186335,0.7518061058028431,0.6012487186655484,4291,0.2254335260115607,0.8272727272727273,0.354315379623621,330,0.8568353067814855,0.6988586479367866,0.769825918762089,1139,0.8204747774480712,0.7960652591170825,0.8080857282026302,2084,0.8718268830628381,0.851279967492889,0.8614309210526315,2461,Voting,Tabular,,,,,,,,,,,,,
Voting,asymmetric,0.3,1,278885,69721,30.04105634939133,220.18767786026,0.8542906728245435,0.7472795619296823,0.8616451542789245,0.965066507110968,0.8248298650721844,0.8894544837532875,25421,0.8692692692692693,0.8940463583951053,0.8814837371847856,33996,0.5075424261470773,0.752913752913753,0.6063450347287404,4290,0.2336134453781512,0.8449848024316109,0.3660302830809743,329,0.8670212765957447,0.7155399473222125,0.7840307840307841,1139,0.8212927756653993,0.8291746641074856,0.8252148997134671,2084,0.8839983545865899,0.8728675873273761,0.8783977110157367,2462,Voting,Tabular,,,,,,,,,,,,,
Voting,asymmetric,0.3,2,278885,69721,29.96503935313839,211.4110264778137,0.8525121555915721,0.7448735892741413,0.8593628182370034,0.960235369834046,0.8216828606270407,0.8855725611565693,25421,0.8660269369856772,0.8946346629015178,0.8800983867467265,33996,0.516852146263911,0.7578088578088578,0.6145557655954631,4290,0.2433554817275747,0.8878787878787879,0.3820078226857888,330,0.8799076212471132,0.66900790166813,0.7600997506234414,1139,0.8109640831758034,0.8234165067178503,0.8171428571428572,2084,0.8908554572271387,0.8590004063388866,0.8746379809681423,2461,Voting,Tabular,,,,,,,,,,,,,
Voting,asymmetric,0.3,3,278885,69721,30.011294978216828,213.4159870147705,0.852497812710661,0.7432063635641618,0.8599160493594947,0.9627191973121002,0.8228236497384053,0.8872910833969627,25421,0.8679784104863352,0.8940463583951053,0.8808195557358759,33996,0.5083056478405316,0.7489510489510489,0.6055979643765903,4290,0.227162489894907,0.8515151515151516,0.358647096362476,330,0.8622881355932204,0.7146619841966637,0.7815650504080653,1139,0.8245356793743891,0.8095009596928983,0.8169491525423729,2084,0.8773157678056813,0.8659081674116212,0.8715746421267894,2461,Voting,Tabular,,,,,,,,,,,,,
Voting,asymmetric,0.3,4,278885,69721,29.930257991645306,208.81796193122864,0.8516659256178196,0.7406110338152901,0.859197680963512,0.9605317442126976,0.8243115656963022,0.8872234571821742,25420,0.867948828024384,0.8920755382986234,0.8798468166586884,33996,0.5042559899117276,0.7455138662316476,0.6015984955336154,4291,0.2207686017988552,0.8181818181818182,0.3477141017385705,330,0.8519701810436635,0.7023705004389815,0.7699711260827719,1139,0.8278177458033573,0.8282149712092131,0.8280163108659151,2084,0.8858466722830666,0.8545306785859407,0.8699069286452947,2461,Voting,Tabular,,,,,,,,,,,,,
Voting,asymmetric,0.4,0,278884,69722,40.13138078914531,212.24264311790463,0.7132612374860159,0.6030485683316396,0.7421902124761546,0.9497907949790796,0.6965107588214469,0.8036674761137462,25421,0.7659555315509947,0.7508824567596187,0.7583441023127312,33996,0.2221694077383781,0.5446282917734794,0.3155975692099932,4291,0.1158536585365853,0.7484848484848485,0.2006498781478472,330,0.7983091787439613,0.5803336259877085,0.672089476359939,1139,0.7539851222104145,0.6809021113243762,0.7155824508320726,2084,0.7663043478260869,0.744819179195449,0.7554090253451473,2461,Voting,Tabular,,,,,,,,,,,,,
Voting,asymmetric,0.4,1,278885,69721,39.942628682073256,218.3774311542511,0.7149495847735976,0.6018775354567515,0.743775659423,0.9471760093249972,0.7032374808229417,0.8071791398577718,25421,0.770897552130553,0.7503529827038475,0.760486539665504,33996,0.2232236030737121,0.5484848484848485,0.3173083406378531,4290,0.116144578313253,0.7325227963525835,0.2004991680532445,329,0.8098591549295775,0.6057945566286216,0.6931190356604722,1139,0.7445887445887446,0.6602687140115163,0.6998982706002035,2084,0.7378123719786972,0.731519090170593,0.7346522537222109,2462,Voting,Tabular,,,,,,,,,,,,,
Voting,asymmetric,0.4,2,278885,69721,40.06776986930097,213.8259298801422,0.7189942771905165,0.6011178181920956,0.7465015141877321,0.9472062885064796,0.7015459659336769,0.8060747135528487,25421,0.7711188748544298,0.7596187786798447,0.765325627917315,33996,0.2327333202895715,0.5545454545454546,0.3278665931642778,4290,0.1058482358627356,0.6636363636363637,0.1825760733639016,330,0.804583835946924,0.5856014047410009,0.6778455284552846,1139,0.7437132156233279,0.6669865642994242,0.7032633442954718,2084,0.7519668737060041,0.7379114181227143,0.7448728465955702,2461,Voting,Tabular,,,,,,,,,,,,,
Voting,asymmetric,0.4,3,278885,69721,40.01111569284831,213.59913158416748,0.7170149596247902,0.605612383940063,0.7446254538412364,0.9490442439862544,0.6952912945989537,0.8025882620047678,25421,0.7681996902180388,0.7586186610189434,0.763379114373668,33996,0.2302977232924693,0.5517482517482517,0.3249588138385502,4290,0.1176470588235294,0.7515151515151515,0.2034454470877768,330,0.8113879003558719,0.6005267778753293,0.6902119071644803,1139,0.7581446714522363,0.6588291746641075,0.7050064184852375,2084,0.746076458752515,0.7533522958147094,0.7496967246259604,2461,Voting,Tabular,,,,,,,,,,,,,
Voting,asymmetric,0.4,4,278885,69721,39.85513742223497,209.12641859054563,0.7156380430573285,0.6100934301801393,0.7434918003850682,0.9460067491563554,0.6947678992918962,0.8011522148381682,25420,0.7657577112203845,0.7558242146134839,0.760758537993516,33996,0.2267981438515081,0.5467257049638778,0.3206012982576016,4291,0.1212989493791786,0.7696969696969697,0.2095709570957095,330,0.8204518430439952,0.6057945566286216,0.696969696969697,1139,0.7602067183462532,0.7058541266794626,0.7320228912664842,2084,0.7787998247919404,0.7224705404307192,0.7495784148397976,2461,Voting,Tabular,,,,,,,,,,,,,
Stacking,symmetric,0.0,0,80000,20000,0.0,249.55406999588013,0.92555,0.8883991441620723,0.9252490569081832,0.9315355595920078,0.914289632473944,0.9228320298982629,7292,0.9272161429575344,0.947087776866284,0.9370466189823974,9752,0.9169381107491856,0.9147034930950448,0.9158194387962586,1231,0.8631578947368421,0.8723404255319149,0.8677248677248677,94,0.8721804511278195,0.709480122324159,0.7824620573355818,327,0.8675721561969439,0.8545150501672241,0.8609941027801179,598,0.9332386363636364,0.9305949008498584,0.9319148936170212,706,Stacking,Tabular,3.805536256,,,,,,,,,,,,
Stacking,symmetric,0.0,1,80000,20000,0.0,250.3092658519745,0.92845,0.8889650753418392,0.9282080378796852,0.9334632516703786,0.91963795940757,0.9264990328820116,7292,0.9307916708580626,0.94883100902379,0.9397247753008684,9752,0.9258064516129032,0.9325751421608448,0.9291784702549576,1231,0.8631578947368421,0.8723404255319149,0.8677248677248677,94,0.8356643356643356,0.7308868501529052,0.7797716150081566,327,0.8715753424657534,0.8511705685618729,0.8612521150592216,598,0.9432835820895522,0.8951841359773371,0.9186046511627908,706,Stacking,Tabular,4.429934592,,,,,,,,,,,,
Stacking,symmetric,0.0,2,80000,20000,0.0,245.71927332878116,0.9261,0.8835323747350419,0.9258299363198966,0.931878584417401,0.9136039495337356,0.9226507859566512,7292,0.927373179306881,0.9466776045939296,0.9369259653930077,9752,0.9117415287628052,0.9398862713241268,0.9256,1231,0.8658536585365854,0.7473684210526316,0.8022598870056498,95,0.8673835125448028,0.7423312883435583,0.8,326,0.8754266211604096,0.8578595317725752,0.8665540540540541,598,0.9485294117647058,0.913597733711048,0.9307359307359307,706,Stacking,Tabular,4.082634752,,,,,,,,,,,,
Stacking,symmetric,0.0,3,80000,20000,0.0,250.5310833454132,0.92635,0.8875133811503207,0.9261314829954094,0.9329149232914924,0.9173066374108612,0.9250449453740838,7292,0.9300896544776872,0.946780147662018,0.9383606890594034,9752,0.9014195583596214,0.9285134037367994,0.9147659063625452,1231,0.9285714285714286,0.8210526315789474,0.8715083798882681,95,0.8344594594594594,0.7553516819571865,0.7929373996789727,327,0.8581436077057794,0.8207705192629816,0.839041095890411,597,0.945906432748538,0.91643059490085,0.9309352517985612,706,Stacking,Tabular,4.055867392,,,,,,,,,,,,
Stacking,symmetric,0.0,4,80000,20000,0.0,248.3789968490601,0.92925,0.8988543711610585,0.929051520051103,0.9360391882435268,0.9171695008228196,0.9265082773429384,7292,0.927361987776776,0.9491386382280558,0.9381239547965338,9752,0.9344262295081968,0.926829268292683,0.9306122448979592,1230,0.8842105263157894,0.8842105263157894,0.8842105263157894,95,0.8531468531468531,0.746177370030581,0.7960848287112561,327,0.8836424957841484,0.8762541806020067,0.8799328295549959,598,0.9544117647058824,0.9192634560906516,0.9365079365079364,706,Stacking,Tabular,4.079837184,,,,,,,,,,,,
Stacking,symmetric,0.1,0,80000,20000,10.13875,288.1805214881897,0.912,0.8615318965249305,0.9113866049522428,0.9202583181243856,0.8989303346132749,0.9094693028095734,7292,0.9127323327701024,0.9416529942575882,0.92696714278504,9752,0.8903122497998399,0.9033306255077173,0.896774193548387,1231,0.9230769230769232,0.7659574468085106,0.8372093023255814,94,0.8706896551724138,0.617737003058104,0.7227191413237924,327,0.8330522765598651,0.8260869565217391,0.8295549958018472,598,0.9367469879518072,0.8810198300283286,0.908029197080292,706,Stacking,Tabular,4.473810944,,,,,,,,,,,,
Stacking,symmetric,0.1,1,80000,20000,9.93625,293.4165074825287,0.91455,0.8550878582159865,0.9140455448174508,0.9244649601342844,0.906335710367526,0.9153105740599682,7292,0.9187162567486504,0.9422682526661198,0.9303432216259998,9752,0.8878357030015798,0.9130787977254264,0.9002803364036844,1231,0.8409090909090909,0.7872340425531915,0.8131868131868132,94,0.8181818181818182,0.6605504587155964,0.7309644670050761,327,0.8297872340425532,0.782608695652174,0.8055077452667814,598,0.9160419790104948,0.8654390934844193,0.8900218499635834,706,Stacking,Tabular,4.480311296,,,,,,,,,,,,
Stacking,symmetric,0.1,2,80000,20000,10.19375,286.7926535606384,0.9107,0.8501084729339075,0.9102118333718988,0.9178351093662368,0.8976961053208996,0.9076539101497504,7292,0.9136086391360864,0.9369360131255128,0.9251252974231762,9752,0.8830364058869093,0.926076360682372,0.9040444091990484,1231,0.8181818181818182,0.6631578947368421,0.7325581395348837,95,0.8141263940520446,0.6717791411042945,0.7361344537815127,326,0.866785079928952,0.8160535117056856,0.8406546080964685,598,0.9310344827586208,0.8796033994334278,0.9045884923525128,706,Stacking,Tabular,4.849524736,,,,,,,,,,,,
Stacking,symmetric,0.1,3,80000,20000,10.08375,302.4576225280762,0.911,0.8545722155572972,0.9105272329340012,0.9212299915754002,0.899753154141525,0.910364922991536,7292,0.913884182198744,0.9402173913043478,0.9268637856962344,9752,0.8776806989674345,0.8976441917140536,0.8875502008032129,1231,0.8372093023255814,0.7578947368421053,0.7955801104972375,95,0.8333333333333334,0.6880733944954128,0.7537688442211056,327,0.8300180831826401,0.7688442211055276,0.7982608695652174,597,0.929098966026588,0.8909348441926346,0.9096167751265364,706,Stacking,Tabular,4.818714624,,,,,,,,,,,,
Stacking,symmetric,0.1,4,80000,20000,10.10875,286.8887720108032,0.91325,0.8586943813745024,0.912744807878953,0.9226883681773538,0.9018102029621504,0.9121298286982452,7292,0.9127363184079602,0.9406275635767022,0.9264720735279264,9752,0.904567699836868,0.9016260162601626,0.9030944625407166,1230,0.8152173913043478,0.7894736842105263,0.8021390374331551,95,0.8181818181818182,0.6330275229357798,0.7137931034482758,327,0.8402061855670103,0.8177257525083612,0.8288135593220339,598,0.9492537313432836,0.9008498583569404,0.9244186046511628,706,Stacking,Tabular,4.678590464,,,,,,,,,,,,
Stacking,symmetric,0.2,0,80000,20000,19.885,304.14017844200134,0.8979,0.8234866241022419,0.8968117422535268,0.9102618542108988,0.8819253976961053,0.895869610642892,7292,0.8986579830274324,0.9338597210828548,0.9159207482651112,9752,0.8743083003952569,0.8984565393988627,0.8862179487179487,1231,0.8125,0.6914893617021277,0.7471264367816092,94,0.8407960199004975,0.5168195718654435,0.6401515151515151,327,0.7934595524956971,0.7709030100334449,0.7820186598812553,598,0.9183976261127595,0.876770538243626,0.8971014492753623,706,Stacking,Tabular,5.214695424,,,,,,,,,,,,
Stacking,symmetric,0.2,1,80000,20000,20.07125,304.8108277320862,0.90085,0.8329570234674998,0.9000025394330029,0.9127620655691572,0.8896050466264399,0.9010347940829224,7292,0.903855684408762,0.935090237899918,0.9192077012247366,9752,0.8729281767955801,0.8984565393988627,0.8855084067253803,1231,0.8,0.8085106382978723,0.8042328042328042,94,0.8122270742358079,0.5688073394495413,0.6690647482014388,327,0.8077601410934744,0.7658862876254181,0.7862660944206008,598,0.9055727554179568,0.8286118980169972,0.8653846153846154,706,Stacking,Tabular,5.262311424,,,,,,,,,,,,
Stacking,symmetric,0.2,2,80000,20000,19.92625,309.0473823547363,0.8966,0.822826110883825,0.8957509615426258,0.9053636618927268,0.884256719692814,0.8946857222145137,7292,0.9014547628537266,0.9277071369975388,0.9143925611481706,9752,0.862413528055342,0.9114541023558084,0.8862559241706162,1231,0.8356164383561644,0.6421052631578947,0.7261904761904762,95,0.8116591928251121,0.5552147239263804,0.6593806921675774,326,0.8006700167504187,0.7993311036789298,0.8,598,0.9182098765432098,0.8427762039660056,0.8788774002954209,706,Stacking,Tabular,5.12366592,,,,,,,,,,,,
Stacking,symmetric,0.2,3,80000,20000,20.09,302.6954276561737,0.8987,0.8325428013451649,0.8978045579639347,0.9129818594104308,0.8834339001645639,0.8979648731530527,7292,0.8978848991637973,0.9359105824446268,0.9165034894813476,9752,0.8664571877454831,0.8960194963444355,0.8809904153354633,1231,0.8933333333333333,0.7052631578947368,0.788235294117647,95,0.8158995815899581,0.5963302752293578,0.6890459363957597,327,0.8011152416356877,0.7219430485762144,0.7594713656387665,597,0.9311926605504588,0.8626062322946175,0.8955882352941177,706,Stacking,Tabular,5.199171584,,,,,,,,,,,,
Stacking,symmetric,0.2,4,80000,20000,20.01875,304.9171006679535,0.90025,0.830562320186678,0.899228336885281,0.9096140350877192,0.8887822270981898,0.8990774779773878,7292,0.8995456341367049,0.9338597210828548,0.9163815657073858,9752,0.8904991948470209,0.8991869918699187,0.8948220064724919,1230,0.8313253012048193,0.7263157894736842,0.7752808988764045,95,0.7990654205607477,0.5229357798165137,0.6321626617375231,327,0.8199300699300699,0.7842809364548495,0.8017094017094017,598,0.940625,0.8526912181303116,0.8945022288261516,706,Stacking,Tabular,4.923314176,,,,,,,,,,,,
Stacking,symmetric,0.3,0,80000,20000,29.898750000000003,314.78606629371643,0.8815,0.7873828614822898,0.8798399502417331,0.8963752665245203,0.8647833241908941,0.8802959447197599,7292,0.8801986948475699,0.926681706316653,0.9028422998151756,9752,0.8609539207760711,0.8651502843216897,0.8630470016207455,1231,0.7971014492753623,0.5851063829787234,0.6748466257668712,94,0.8055555555555556,0.4434250764525994,0.571992110453649,327,0.7791304347826087,0.7491638795986622,0.7638533674339301,598,0.9010989010989012,0.8130311614730878,0.8548026805658973,706,Stacking,Tabular,5.717958656,,,,,,,,,,,,
Stacking,symmetric,0.3,1,80000,20000,30.05625,312.0801374912262,0.8814,0.7834927724859736,0.8796675165800136,0.8926466460847601,0.8723258365331871,0.8823692606464142,7292,0.8841505355212734,0.9226825266611977,0.9030056701289578,9752,0.8500784929356358,0.8797725426482534,0.8646706586826347,1231,0.7532467532467533,0.6170212765957447,0.6783625730994152,94,0.8066298342541437,0.4464831804281345,0.5748031496062992,327,0.7855787476280834,0.6923076923076923,0.736,598,0.890282131661442,0.8045325779036827,0.8452380952380952,706,Stacking,Tabular,5.854580736,,,,,,,,,,,,
Stacking,symmetric,0.3,2,80000,20000,30.03125,312.56858468055725,0.8811,0.7797788055219572,0.8792505682836605,0.8922968197879859,0.865743280307186,0.8788195169485626,7292,0.8829693467828812,0.9245283018867924,0.9032710514451736,9752,0.8456883509833586,0.908204711616572,0.8758323540932237,1231,0.78125,0.5263157894736842,0.6289308176100629,95,0.8076923076923077,0.450920245398773,0.5787401574803149,326,0.813780260707635,0.7307692307692307,0.7700440528634361,598,0.8883415435139573,0.7662889518413598,0.8228136882129278,706,Stacking,Tabular,5.81793792,,,,,,,,,,,,
Stacking,symmetric,0.3,3,80000,20000,29.98375,314.8526463508606,0.8791,0.7661683563000995,0.8765560788436931,0.8943433488503315,0.8694459681843115,0.8817189347055142,7292,0.8787347931873479,0.9258613617719442,0.9016827283167724,9752,0.8341049382716049,0.8781478472786353,0.8555599525128611,1231,0.8253968253968254,0.5473684210526316,0.6582278481012658,95,0.8,0.3547400611620795,0.4915254237288136,327,0.7820267686424475,0.6850921273031826,0.7303571428571428,597,0.9113300492610836,0.7861189801699717,0.844106463878327,706,Stacking,Tabular,5.528506368,,,,,,,,,,,,
Stacking,symmetric,0.3,4,80000,20000,30.051250000000003,318.21025705337524,0.8815,0.7853175444201447,0.8795463553298467,0.895583462678143,0.8704059243006034,0.882815216635371,7292,0.8826580544137796,0.9248359310910582,0.9032548823234852,9752,0.8475232198142415,0.8902439024390244,0.8683584456780333,1230,0.8732394366197183,0.6526315789473685,0.7469879518072289,95,0.7158469945355191,0.400611620795107,0.5137254901960784,327,0.779245283018868,0.6906354515050167,0.7322695035460993,598,0.9095315024232632,0.7974504249291785,0.849811320754717,706,Stacking,Tabular,5.59929344,,,,,,,,,,,,
Stacking,symmetric,0.4,0,80000,20000,40.0825,319.40964794158936,0.86005,0.6836463224983075,0.855776799725925,0.8751941267824368,0.8501097092704334,0.8624695652173913,7292,0.8639613526570048,0.9169401148482362,0.8896627201273505,9752,0.7986476333583772,0.8635255889520714,0.8298204527712725,1231,0.76,0.202127659574468,0.3193277310924369,94,0.7931034482758621,0.2813455657492354,0.4153498871331828,327,0.752,0.6287625418060201,0.6848816029143898,598,0.8571428571428571,0.7223796033994334,0.7840122982321291,706,Stacking,Tabular,5.946740736,,,,,,,,,,,,
Stacking,symmetric,0.4,1,80000,20000,39.9325,327.0995342731476,0.86125,0.6967336241904357,0.8566692706998856,0.8770801286533352,0.8601206801974767,0.8685176209928686,7292,0.8603933667566526,0.9150943396226416,0.8869012124826078,9752,0.8270142180094787,0.8505280259951259,0.8386063275931117,1231,0.7948717948717948,0.3297872340425531,0.4661654135338345,94,0.8152173913043478,0.2293577981651376,0.3579952267303102,327,0.7423312883435583,0.6070234113712375,0.6678932842686293,598,0.868020304568528,0.726628895184136,0.7910562837316885,706,Stacking,Tabular,6.09622016,,,,,,,,,,,,
Stacking,symmetric,0.4,2,80000,20000,40.21125,320.7724528312683,0.8571,0.665835763966763,0.8526150376208641,0.8744311717861206,0.8432528798683488,0.8585590617146048,7292,0.856634957240319,0.9141714520098442,0.8844684756188304,9752,0.8002969561989607,0.875710804224208,0.8363072148952676,1231,1.0,0.0736842105263157,0.1372549019607843,95,0.782608695652174,0.3312883435582822,0.4655172413793103,326,0.7453416149068323,0.6020066889632107,0.666049953746531,598,0.8959044368600683,0.7436260623229461,0.8126934984520123,706,Stacking,Tabular,6.056046592,,,,,,,,,,,,
Stacking,symmetric,0.4,3,80000,20000,40.08875,319.976571559906,0.86095,0.6767351142402102,0.8561321099476705,0.8840102974828375,0.847641250685683,0.8654438532623915,7292,0.8580135225216646,0.9239130434782608,0.8897447291759245,9752,0.7984848484848485,0.8562144597887896,0.8263426107408859,1231,0.9411764705882352,0.1684210526315789,0.2857142857142857,95,0.8811881188118812,0.2721712538226299,0.4158878504672897,327,0.7321063394683026,0.5996649916247906,0.6593001841620626,597,0.8810344827586207,0.7237960339943342,0.7947122861586314,706,Stacking,Tabular,6.014455808,,,,,,,,,,,,
Stacking,symmetric,0.4,4,80000,20000,39.975,328.8444793224335,0.8598,0.6649316449560688,0.8541933895419909,0.8738422677518944,0.8539495337356007,0.8637813843806353,7292,0.8579376498800959,0.9171452009844134,0.8865539971254398,9752,0.8055764883195177,0.8691056910569106,0.8361360969886585,1230,0.9285714285714286,0.1368421052631579,0.2385321100917431,95,0.875,0.2140672782874617,0.343980343980344,327,0.7703862660944206,0.6003344481605352,0.674812030075188,598,0.9145907473309608,0.7280453257790368,0.8107255520504731,706,Stacking,Tabular,6.4946176,,,,,,,,,,,,
Stacking,asymmetric,0.0,0,80000,20000,0.0,245.39840507507324,0.92555,0.8883991441620723,0.9252490569081832,0.9315355595920078,0.914289632473944,0.9228320298982629,7292,0.9272161429575344,0.947087776866284,0.9370466189823974,9752,0.9169381107491856,0.9147034930950448,0.9158194387962586,1231,0.8631578947368421,0.8723404255319149,0.8677248677248677,94,0.8721804511278195,0.709480122324159,0.7824620573355818,327,0.8675721561969439,0.8545150501672241,0.8609941027801179,598,0.9332386363636364,0.9305949008498584,0.9319148936170212,706,Stacking,Tabular,7.070654464,,,,,,,,,,,,
Stacking,asymmetric,0.0,1,80000,20000,0.0,246.90659356117249,0.92845,0.8889650753418392,0.9282080378796852,0.9334632516703786,0.91963795940757,0.9264990328820116,7292,0.9307916708580626,0.94883100902379,0.9397247753008684,9752,0.9258064516129032,0.9325751421608448,0.9291784702549576,1231,0.8631578947368421,0.8723404255319149,0.8677248677248677,94,0.8356643356643356,0.7308868501529052,0.7797716150081566,327,0.8715753424657534,0.8511705685618729,0.8612521150592216,598,0.9432835820895522,0.8951841359773371,0.9186046511627908,706,Stacking,Tabular,6.539137024,,,,,,,,,,,,
Stacking,asymmetric,0.0,2,80000,20000,0.0,256.1608097553253,0.9261,0.8835323747350419,0.9258299363198966,0.931878584417401,0.9136039495337356,0.9226507859566512,7292,0.927373179306881,0.9466776045939296,0.9369259653930077,9752,0.9117415287628052,0.9398862713241268,0.9256,1231,0.8658536585365854,0.7473684210526316,0.8022598870056498,95,0.8673835125448028,0.7423312883435583,0.8,326,0.8754266211604096,0.8578595317725752,0.8665540540540541,598,0.9485294117647058,0.913597733711048,0.9307359307359307,706,Stacking,Tabular,5.948227584,,,,,,,,,,,,
Stacking,asymmetric,0.0,3,80000,20000,0.0,248.30073499679563,0.92635,0.8875133811503207,0.9261314829954094,0.9329149232914924,0.9173066374108612,0.9250449453740838,7292,0.9300896544776872,0.946780147662018,0.9383606890594034,9752,0.9014195583596214,0.9285134037367994,0.9147659063625452,1231,0.9285714285714286,0.8210526315789474,0.8715083798882681,95,0.8344594594594594,0.7553516819571865,0.7929373996789727,327,0.8581436077057794,0.8207705192629816,0.839041095890411,597,0.945906432748538,0.91643059490085,0.9309352517985612,706,Stacking,Tabular,5.619011584,,,,,,,,,,,,
Stacking,asymmetric,0.0,4,80000,20000,0.0,252.87779927253723,0.92925,0.8988543711610585,0.929051520051103,0.9360391882435268,0.9171695008228196,0.9265082773429384,7292,0.927361987776776,0.9491386382280558,0.9381239547965338,9752,0.9344262295081968,0.926829268292683,0.9306122448979592,1230,0.8842105263157894,0.8842105263157894,0.8842105263157894,95,0.8531468531468531,0.746177370030581,0.7960848287112561,327,0.8836424957841484,0.8762541806020067,0.8799328295549959,598,0.9544117647058824,0.9192634560906516,0.9365079365079364,706,Stacking,Tabular,6.1519872,,,,,,,,,,,,
Stacking,asymmetric,0.1,0,80000,20000,10.13875,282.61631441116333,0.90485,0.8593311536486181,0.904213269341658,0.9357238506174675,0.8624520021941854,0.8975950902733176,7292,0.8924896624675449,0.9517022149302709,0.9211453525879608,9752,0.8697674418604651,0.9114541023558084,0.8901229670765569,1231,0.8085106382978723,0.8085106382978723,0.8085106382978723,94,0.8764940239043825,0.672782874617737,0.7612456747404844,327,0.8434343434343434,0.8377926421404682,0.8406040268456376,598,0.93394777265745,0.8611898016997167,0.8960943257184967,706,Stacking,Tabular,5.884411904,,,,,,,,,,,,
Stacking,asymmetric,0.1,1,80000,20000,9.93625,279.7635452747345,0.9087,0.854423677405908,0.908095594972295,0.939290989660266,0.8720515633571037,0.9044232683828758,7292,0.8986486486486487,0.95467596390484,0.9258154335719968,9752,0.8762567672080434,0.9203899268887084,0.8977812995245642,1231,0.8,0.8085106382978723,0.8042328042328042,94,0.8198529411764706,0.6819571865443425,0.7445742904841403,327,0.8316326530612245,0.8177257525083612,0.8246205733558178,598,0.9389067524115756,0.8271954674220963,0.8795180722891566,706,Stacking,Tabular,6.01151488,,,,,,,,,,,,
Stacking,asymmetric,0.1,2,80000,20000,10.19375,277.8120148181915,0.9041,0.8555510732056618,0.903454088233618,0.9342967818831944,0.859983543609435,0.8956012567837761,7292,0.8912938912938912,0.9500615258408532,0.9197399116493772,9752,0.8610903659447349,0.9366368805848904,0.8972762645914397,1231,0.8271604938271605,0.7052631578947368,0.7613636363636364,95,0.8475836431226765,0.6993865030674846,0.7663865546218488,326,0.8682842287694974,0.8377926421404682,0.8527659574468085,598,0.9521531100478468,0.8456090651558074,0.8957239309827457,706,Stacking,Tabular,5.557993472,,,,,,,,,,,,
Stacking,asymmetric,0.1,3,80000,20000,10.08375,278.21913385391235,0.90545,0.8556929647565477,0.904827213747398,0.9407796101949024,0.8605320899616018,0.8988683569689156,7292,0.8925897485121904,0.9535479901558654,0.9220624690133862,9752,0.854586129753915,0.9309504467912266,0.8911353032659409,1231,0.8255813953488372,0.7473684210526316,0.7845303867403315,95,0.8286713286713286,0.7247706422018348,0.7732463295269169,327,0.8529411764705882,0.7772194304857621,0.813321647677476,597,0.9419847328244276,0.8739376770538244,0.9066862601028656,706,Stacking,Tabular,5.61608704,,,,,,,,,,,,
Stacking,asymmetric,0.1,4,80000,20000,10.10875,280.8570194244385,0.90925,0.8669738829748617,0.9086648923638438,0.9448358566931494,0.8643719144267691,0.9028145813936832,7292,0.8928503154272606,0.9578547990155866,0.9242109429108538,9752,0.8856466876971609,0.9130081300813008,0.899119295436349,1230,0.8181818181818182,0.8526315789473684,0.8350515463917526,95,0.8376383763837638,0.6941896024464832,0.7591973244147158,327,0.851027397260274,0.8311036789297659,0.8409475465313029,598,0.9503875968992248,0.8682719546742209,0.9074759437453738,706,Stacking,Tabular,5.486514176,,,,,,,,,,,,
Stacking,asymmetric,0.2,0,80000,20000,19.885,283.68959069252014,0.88055,0.8232927908391189,0.8790366668197088,0.9416989664082688,0.7996434448710916,0.8648768911302284,7292,0.8548786074209803,0.9568293683347006,0.9029854357187788,9752,0.8283198826118855,0.917140536149472,0.8704703161141095,1231,0.8289473684210527,0.6702127659574468,0.7411764705882353,94,0.8403361344537815,0.6116207951070336,0.7079646017699115,327,0.8019639934533551,0.8193979933110368,0.8105872622001654,598,0.937190082644628,0.8031161473087819,0.8649885583524027,706,Stacking,Tabular,5.559554048,,,,,,,,,,,,
Stacking,asymmetric,0.2,1,80000,20000,20.07125,295.4863827228546,0.88125,0.8276320939658569,0.8795894869904156,0.9409010172775716,0.7990948985189249,0.86421950315165,7292,0.8555758683729433,0.95980311730927,0.9046974676203364,9752,0.8378378378378378,0.9317627944760356,0.8823076923076923,1231,0.8045977011494253,0.7446808510638298,0.7734806629834254,94,0.8373015873015873,0.6452599388379205,0.7288428324697754,327,0.8066115702479338,0.8160535117056856,0.8113050706566916,598,0.9422382671480144,0.7393767705382436,0.8285714285714286,706,Stacking,Tabular,5.459529728,,,,,,,,,,,,
Stacking,asymmetric,0.2,2,80000,20000,19.92625,289.0595135688782,0.8772,0.8182100871633,0.8753769665825144,0.938092126755962,0.7875754251234229,0.8562695691069032,7292,0.8496090198217858,0.9581624282198524,0.9006265060240964,9752,0.829127613554434,0.934199837530463,0.878533231474408,1231,0.7733333333333333,0.6105263157894737,0.6823529411764706,95,0.84,0.6441717791411042,0.7291666666666666,326,0.8358714043993232,0.8260869565217391,0.830950378469302,598,0.9445407279029464,0.7719546742209632,0.8495713172252534,706,Stacking,Tabular,5.613088768,,,,,,,,,,,,
Stacking,asymmetric,0.2,3,80000,20000,20.09,286.9063103199005,0.8793,0.8239648211281402,0.877790978703194,0.942323314378554,0.7953922106417992,0.8626459433330854,7292,0.8542143314724994,0.9571369975389664,0.9027515837322888,9752,0.8107344632768362,0.9325751421608448,0.8673970532678504,1231,0.8472222222222222,0.6421052631578947,0.7305389221556886,95,0.8333333333333334,0.6880733944954128,0.7537688442211056,327,0.8192982456140351,0.7822445561139029,0.8003427592116538,597,0.9338983050847458,0.7804532577903682,0.8503086419753086,706,Stacking,Tabular,5.934391296,,,,,,,,,,,,
Stacking,asymmetric,0.2,4,80000,20000,20.01875,294.093581199646,0.8819,0.8247189707651386,0.8803994666548272,0.9484957488554612,0.7955293472298409,0.8653042959427207,7292,0.8522355507088332,0.9616488925348646,0.9036423202929272,9752,0.8374164810690423,0.9170731707317074,0.8754365541327125,1230,0.717391304347826,0.6947368421052632,0.7058823529411765,95,0.8275862068965517,0.6605504587155964,0.7346938775510204,327,0.8477508650519031,0.8193979933110368,0.8333333333333334,598,0.9285714285714286,0.7917847025495751,0.8547400611620795,706,Stacking,Tabular,5.791817728,,,,,,,,,,,,
Stacking,asymmetric,0.3,0,80000,20000,29.898750000000003,303.4991509914398,0.84415,0.7742193644211653,0.8406695975670069,0.9432148040638608,0.7129731212287438,0.8120899718837863,7292,0.8084184999133899,0.9571369975389664,0.8765142266879519,9752,0.7789256198347108,0.9187652315190902,0.8430860976518822,1231,0.75,0.574468085106383,0.6506024096385542,94,0.7833333333333333,0.5749235474006116,0.6631393298059964,327,0.7539936102236422,0.7892976588628763,0.7712418300653595,598,0.914855072463768,0.7152974504249292,0.8028616852146264,706,Stacking,Tabular,5.682458624,,,,,,,,,,,,
Stacking,asymmetric,0.3,1,80000,20000,30.05625,297.9451892375946,0.84965,0.7859997918001354,0.8465538600297121,0.9425266903914592,0.7264125068568295,0.8204770755885997,7292,0.8151898734177215,0.9575471698113208,0.8806526147026925,9752,0.7859624739402363,0.9187652315190902,0.8471910112359551,1231,0.6635514018691588,0.7553191489361702,0.7064676616915423,94,0.7800829875518672,0.5749235474006116,0.6619718309859155,327,0.7915254237288135,0.7809364548494984,0.7861952861952862,598,0.9142335766423356,0.7096317280453258,0.7990430622009569,706,Stacking,Tabular,5.683212288,,,,,,,,,,,,
Stacking,asymmetric,0.3,2,80000,20000,30.03125,295.48769330978394,0.8441,0.7866693553881828,0.8407083678156255,0.9325340014316392,0.7146187602852441,0.8091614906832298,7292,0.8105492589363558,0.9533429040196882,0.8761662425784563,9752,0.7692823608316566,0.9317627944760356,0.8427626745040412,1231,0.7228915662650602,0.631578947368421,0.6741573033707865,95,0.81640625,0.6411042944785276,0.718213058419244,326,0.8020304568527918,0.7926421404682275,0.7973086627417998,598,0.9289827255278312,0.6855524079320113,0.7889160554197229,706,Stacking,Tabular,6.139273216,,,,,,,,,,,,
Stacking,asymmetric,0.3,3,80000,20000,29.98375,293.38122367858887,0.84285,0.7641827419712569,0.8391894518887166,0.9379248658318424,0.7190071311025782,0.8140040366402732,7292,0.8122822299651568,0.956214109926169,0.8783911077618689,9752,0.7672702883970489,0.9293257514216084,0.8405584129316679,1231,0.7916666666666666,0.6,0.6826347305389222,95,0.7647058823529411,0.5565749235474006,0.6442477876106195,327,0.7389078498293515,0.7252931323283082,0.7320371935756551,597,0.8710865561694291,0.669971671388102,0.7574059247397918,706,Stacking,Tabular,5.618274304,,,,,,,,,,,,
Stacking,asymmetric,0.3,4,80000,20000,30.051250000000003,295.40599298477173,0.8456,0.7824696655790613,0.84219887063189,0.9446762198440052,0.714207350521119,0.8134322530261616,7292,0.8082381446867428,0.957752255947498,0.8766660409235968,9752,0.7881533101045296,0.9195121951219511,0.848780487804878,1230,0.6732673267326733,0.7157894736842105,0.6938775510204082,95,0.7787234042553192,0.5596330275229358,0.6512455516014235,327,0.7848739495798319,0.7809364548494984,0.7829002514668902,598,0.911504424778761,0.7294617563739377,0.8103855232100708,706,Stacking,Tabular,5.685899264,,,,,,,,,,,,
Stacking,asymmetric,0.4,0,80000,20000,40.0825,308.6858010292053,0.7921,0.6966043666508753,0.7858120150514698,0.926346193521766,0.615743280307186,0.739764395749238,7292,0.7599768652400232,0.9431911402789172,0.8417295813315031,9752,0.6830357142857143,0.8700243704305443,0.7652733118971061,1231,0.3856209150326797,0.6276595744680851,0.4777327935222672,94,0.788546255506608,0.5474006116207951,0.6462093862815884,327,0.7320490367775832,0.6989966555183946,0.7151411462788708,598,0.8041431261770244,0.6048158640226629,0.6903799514955538,706,Stacking,Tabular,5.684011008,,,,,,,,,,,,
Stacking,asymmetric,0.4,1,80000,20000,39.9325,297.1750383377075,0.7971,0.669822441435677,0.7916264399490994,0.9303962985314826,0.634256719692814,0.7543015575307837,7292,0.768840880764437,0.94883100902379,0.8494056088493138,9752,0.7053998632946001,0.8383428107229894,0.7661469933184856,1231,0.2957746478873239,0.6702127659574468,0.4104234527687296,94,0.7038834951456311,0.4434250764525994,0.5440900562851783,327,0.6921768707482994,0.6806020066889632,0.6863406408094435,598,0.7958015267175572,0.5906515580736544,0.6780487804878049,706,Stacking,Tabular,5.625233408,,,,,,,,,,,,
Stacking,asymmetric,0.4,2,80000,20000,40.21125,295.4333372116089,0.79275,0.6812125261860054,0.7867546409372859,0.9274738783036264,0.6208173340647285,0.7437772118623183,7292,0.7623869200763549,0.941960623461854,0.8427136369891289,9752,0.6747211895910781,0.8846466287571081,0.7655536028119508,1231,0.3219178082191781,0.4947368421052631,0.3900414937759336,95,0.7709251101321586,0.5368098159509203,0.6329113924050633,326,0.7476635514018691,0.6688963210702341,0.706090026478376,598,0.7864963503649635,0.6104815864022662,0.6874003189792663,706,Stacking,Tabular,6.101336064,,,,,,,,,,,,
Stacking,asymmetric,0.4,3,80000,20000,40.08875,300.9863541126251,0.79305,0.693306275540597,0.7868637474442423,0.932656444260257,0.6172517827756445,0.742861858392474,7292,0.7614238410596027,0.9431911402789172,0.8426163429827775,9752,0.6726153846153846,0.8878960194963444,0.7654061624649859,1231,0.3985507246376811,0.5789473684210527,0.4721030042918455,95,0.7520661157024794,0.5565749235474006,0.6397188049209139,327,0.7200736648250461,0.6549413735343383,0.6859649122807018,597,0.8076923076923077,0.6246458923512748,0.7044728434504792,706,Stacking,Tabular,6.18708992,,,,,,,,,,,,
Stacking,asymmetric,0.4,4,80000,20000,39.975,295.26538944244385,0.7921,0.6743694969354685,0.7860387506779751,0.927072723568955,0.6241086121777291,0.7460044258667322,7292,0.7628481432360743,0.94370385561936,0.8436927026035937,9752,0.6847195357833655,0.8634146341463415,0.7637540453074434,1230,0.3391812865497076,0.6105263157894737,0.4360902255639097,95,0.7123287671232876,0.4770642201834862,0.5714285714285714,327,0.7153153153153153,0.6638795986622074,0.6886383347788378,598,0.7815442561205274,0.5878186968838527,0.6709781729991916,706,Stacking,Tabular,6.396514304,,,,,,,,,,,,
RandomForest_Image,symmetric,0.0,0,12960,3240,0.0,61.43971061706543,0.907716049382716,0.9037211471257974,0.9072334652447108,0.8940217391304348,0.9138888888888888,0.903846153846154,360,0.956043956043956,0.9666666666666668,0.9613259668508288,360,0.8805194805194805,0.9416666666666668,0.9100671140939596,360,0.8321678321678322,0.7933333333333333,0.8122866894197952,300,0.9161290322580644,0.9466666666666668,0.9311475409836064,300,0.8835341365461847,0.9166666666666666,0.8997955010224948,240,0.9028776978417268,0.8366666666666667,0.8685121107266436,300,RF,Image,,0.9449035812672176,0.9527777777777776,0.9488243430152145,360.0,0.8397212543554007,0.8033333333333333,0.8211243611584327,300.0,0.9942857142857144,0.9666666666666668,0.9802816901408452,360.0
RandomForest_Image,symmetric,0.0,1,12960,3240,0.0,60.93729639053345,0.9148148148148147,0.9107144278188934,0.914518147143258,0.9350282485875706,0.9194444444444444,0.927170868347339,360,0.953551912568306,0.9694444444444444,0.9614325068870524,360,0.8842105263157894,0.9333333333333332,0.9081081081081082,360,0.8681318681318682,0.79,0.8272251308900523,300,0.9148264984227128,0.9666666666666668,0.940032414910859,300,0.8831168831168831,0.85,0.8662420382165605,240,0.9149659863945578,0.8966666666666666,0.9057239057239056,300,RF,Image,,0.9426229508196722,0.9583333333333334,0.950413223140496,360.0,0.8343949044585988,0.8733333333333333,0.8534201954397395,300.0,0.9884057971014492,0.9472222222222222,0.9673758865248226,360.0
RandomForest_Image,symmetric,0.0,2,12960,3240,0.0,60.73948359489441,0.9132716049382716,0.9098141499402914,0.9129086849119848,0.921832884097035,0.95,0.9357045143638852,360,0.922872340425532,0.9638888888888888,0.9429347826086956,360,0.8678756476683938,0.9305555555555556,0.8981233243967829,360,0.8917910447761194,0.7966666666666666,0.8415492957746479,300,0.9230769230769232,0.96,0.9411764705882352,300,0.8780487804878049,0.9,0.8888888888888888,240,0.9296296296296296,0.8366666666666667,0.8807017543859649,300,RF,Image,,0.9556786703601108,0.9583333333333334,0.957004160887656,360.0,0.8381877022653722,0.8633333333333333,0.8505747126436781,300.0,0.9882697947214076,0.9361111111111112,0.9614835948644792,360.0
RandomForest_Image,symmetric,0.0,3,12960,3240,0.0,60.39460301399231,0.8975308641975308,0.8920407741588887,0.8967244839144928,0.8859416445623343,0.9277777777777778,0.9063772048846676,360,0.9565217391304348,0.9777777777777776,0.967032967032967,360,0.8641025641025641,0.9361111111111112,0.8986666666666666,360,0.8555555555555555,0.77,0.8105263157894737,300,0.8987341772151899,0.9466666666666668,0.922077922077922,300,0.8387096774193549,0.8666666666666667,0.8524590163934426,240,0.8884758364312267,0.7966666666666666,0.8400702987697716,300,RF,Image,,0.9222520107238604,0.9555555555555556,0.9386084583901774,360.0,0.8373702422145328,0.8066666666666666,0.8217317487266553,300.0,0.9911764705882352,0.9361111111111112,0.9628571428571427,360.0
RandomForest_Image,symmetric,0.0,4,12960,3240,0.0,60.47433257102966,0.8993827160493827,0.8954820501867667,0.8987887689422068,0.8772845953002611,0.9333333333333332,0.9044414535666218,360,0.922872340425532,0.9638888888888888,0.9429347826086956,360,0.8938992042440318,0.9361111111111112,0.914518317503392,360,0.87109375,0.7433333333333333,0.802158273381295,300,0.89937106918239,0.9533333333333334,0.9255663430420712,300,0.9126637554585152,0.8708333333333333,0.8912579957356077,240,0.9045936395759716,0.8533333333333334,0.8782161234991424,300,RF,Image,,0.918032786885246,0.9333333333333332,0.9256198347107438,360.0,0.7891373801916933,0.8233333333333334,0.8058727569331158,300.0,0.9941002949852508,0.9361111111111112,0.9642346208869814,360.0
RandomForest_Image,symmetric,0.1,0,12960,3240,10.339506172839506,69.11687397956848,0.9064814814814814,0.9022961018477188,0.9061716207062313,0.9019073569482288,0.9194444444444444,0.9105914718019256,360,0.9610027855153204,0.9583333333333334,0.9596662030598052,360,0.8891820580474934,0.9361111111111112,0.912043301759134,360,0.8404255319148937,0.79,0.8144329896907216,300,0.9223300970873788,0.95,0.9359605911330048,300,0.8780487804878049,0.9,0.8888888888888888,240,0.8916083916083916,0.85,0.8703071672354948,300,RF,Image,,0.9397260273972604,0.9527777777777776,0.9462068965517242,360.0,0.8087248322147651,0.8033333333333333,0.8060200668896321,300.0,0.994269340974212,0.9638888888888888,0.9788434414668548,360.0
RandomForest_Image,symmetric,0.1,1,12960,3240,10.501543209876544,69.70234560966492,0.9141975308641976,0.9102094853954812,0.9139617796542427,0.927170868347339,0.9194444444444444,0.9232914923291492,360,0.956043956043956,0.9666666666666668,0.9613259668508288,360,0.8885941644562334,0.9305555555555556,0.9090909090909092,360,0.8439716312056738,0.7933333333333333,0.8178694158075601,300,0.926517571884984,0.9666666666666668,0.9461663947797716,300,0.8641975308641975,0.875,0.8695652173913043,240,0.9175257731958762,0.89,0.9035532994923858,300,RF,Image,,0.9400544959128064,0.9583333333333334,0.9491059147180192,360.0,0.8504983388704319,0.8533333333333334,0.8519134775374376,300.0,0.991304347826087,0.95,0.9702127659574468,360.0
RandomForest_Image,symmetric,0.1,2,12960,3240,10.123456790123456,69.42754411697388,0.9101851851851852,0.9062203684620812,0.9097092491161486,0.9166666666666666,0.9472222222222222,0.9316939890710384,360,0.9301075268817204,0.9611111111111112,0.9453551912568308,360,0.8798955613577023,0.9361111111111112,0.9071332436069988,360,0.8935361216730038,0.7833333333333333,0.8348134991119005,300,0.9140127388535032,0.9566666666666668,0.9348534201954396,300,0.8744939271255061,0.9,0.8870636550308009,240,0.9250936329588016,0.8233333333333334,0.8712522045855379,300,RF,Image,,0.9452054794520548,0.9583333333333334,0.9517241379310344,360.0,0.8152866242038217,0.8533333333333334,0.8338762214983714,300.0,0.9883381924198252,0.9416666666666668,0.9644381223328592,360.0
RandomForest_Image,symmetric,0.1,3,12960,3240,9.62962962962963,69.40451550483704,0.8975308641975308,0.8917735991370339,0.8966142081301908,0.8891820580474934,0.9361111111111112,0.912043301759134,360,0.946236559139785,0.9777777777777776,0.9617486338797814,360,0.8762886597938144,0.9444444444444444,0.9090909090909092,360,0.8351254480286738,0.7766666666666666,0.8048359240069085,300,0.890282131661442,0.9466666666666668,0.9176090468497576,300,0.8421052631578947,0.8666666666666667,0.8542094455852156,240,0.9011406844106464,0.79,0.8419182948490231,300,RF,Image,,0.9245283018867924,0.9527777777777776,0.9384404924760602,360.0,0.8409893992932862,0.7933333333333333,0.8164665523156089,300.0,0.991150442477876,0.9333333333333332,0.96137339055794,360.0
RandomForest_Image,symmetric,0.1,4,12960,3240,10.15432098765432,69.9359040260315,0.9006172839506172,0.8966231531533216,0.900070604263282,0.8868421052631579,0.9361111111111112,0.9108108108108108,360,0.935309973045822,0.9638888888888888,0.9493844049247606,360,0.8962765957446809,0.9361111111111112,0.9157608695652174,360,0.8515625,0.7266666666666667,0.7841726618705036,300,0.9056603773584906,0.96,0.9320388349514565,300,0.9126637554585152,0.8708333333333333,0.8912579957356077,240,0.9059233449477352,0.8666666666666667,0.8858603066439523,300,RF,Image,,0.9228650137741048,0.9305555555555556,0.9266943291839558,360.0,0.7801857585139319,0.84,0.8089887640449438,300.0,0.9940652818991098,0.9305555555555556,0.9612625538020086,360.0
RandomForest_Image,symmetric,0.2,0,12960,3240,20.66358024691358,69.17683601379395,0.908641975308642,0.9046447703411123,0.9084279285609272,0.9032258064516128,0.9333333333333332,0.918032786885246,360,0.953168044077135,0.9611111111111112,0.9571230982019364,360,0.8891820580474934,0.9361111111111112,0.912043301759134,360,0.8193979933110368,0.8166666666666667,0.8180300500834724,300,0.9201277955271564,0.96,0.9396411092985318,300,0.872,0.9083333333333332,0.889795918367347,240,0.9021739130434784,0.83,0.8645833333333334,300,RF,Image,,0.9576271186440678,0.9416666666666668,0.9495798319327732,360.0,0.8373702422145328,0.8066666666666666,0.8217317487266553,300.0,0.9971014492753624,0.9555555555555556,0.975886524822695,360.0
RandomForest_Image,symmetric,0.2,1,12960,3240,20.2391975308642,70.16195154190063,0.9101851851851852,0.9059553425858884,0.9098794075122854,0.9222222222222224,0.9222222222222224,0.9222222222222224,360,0.9506849315068492,0.9638888888888888,0.9572413793103448,360,0.8798955613577023,0.9361111111111112,0.9071332436069988,360,0.8666666666666667,0.78,0.8210526315789474,300,0.9142857142857144,0.96,0.9365853658536586,300,0.8661087866108786,0.8625,0.8643006263048016,240,0.9233449477351916,0.8833333333333333,0.9028960817717206,300,RF,Image,,0.9405405405405406,0.9666666666666668,0.9534246575342464,360.0,0.819935691318328,0.85,0.8346972176759411,300.0,0.9882352941176472,0.9333333333333332,0.96,360.0
RandomForest_Image,symmetric,0.2,2,12960,3240,19.405864197530864,68.95039939880371,0.9123456790123456,0.9088805853223072,0.9120662565256435,0.9211956521739132,0.9416666666666668,0.9313186813186812,360,0.9206349206349206,0.9666666666666668,0.943089430894309,360,0.8697916666666666,0.9277777777777778,0.8978494623655914,360,0.8741258741258742,0.8333333333333334,0.8532423208191127,300,0.9292604501607716,0.9633333333333334,0.9459901800327332,300,0.8704453441295547,0.8958333333333334,0.8829568788501027,240,0.9176029962546816,0.8166666666666667,0.8641975308641975,300,RF,Image,,0.9607843137254902,0.9527777777777776,0.9567642956764296,360.0,0.8504983388704319,0.8533333333333334,0.8519134775374376,300.0,0.9882697947214076,0.9361111111111112,0.9614835948644792,360.0
RandomForest_Image,symmetric,0.2,3,12960,3240,19.945987654320987,68.35737538337708,0.8981481481481481,0.8929368351309235,0.8975092280410693,0.894878706199461,0.9222222222222224,0.908344733242134,360,0.9489247311827956,0.9805555555555556,0.96448087431694,360,0.8737113402061856,0.9416666666666668,0.9064171122994652,360,0.8381294964028777,0.7766666666666666,0.8062283737024222,300,0.8930817610062893,0.9466666666666668,0.919093851132686,300,0.8495934959349594,0.8708333333333333,0.8600823045267489,240,0.9122137404580152,0.7966666666666666,0.8505338078291815,300,RF,Image,,0.927027027027027,0.9527777777777776,0.9397260273972604,360.0,0.8160535117056856,0.8133333333333334,0.8146911519198664,300.0,0.9940476190476192,0.9277777777777778,0.9597701149425288,360.0
RandomForest_Image,symmetric,0.2,4,12960,3240,19.33641975308642,69.21311473846436,0.9027777777777778,0.8986694953203,0.9021273826656008,0.8825065274151436,0.9388888888888888,0.9098250336473755,360,0.936,0.975,0.9551020408163264,360,0.8926701570680629,0.9472222222222222,0.9191374663072776,360,0.8494208494208494,0.7333333333333333,0.7871198568872988,300,0.9201277955271564,0.96,0.9396411092985318,300,0.9285714285714286,0.8666666666666667,0.896551724137931,240,0.9061371841155236,0.8366666666666667,0.8700173310225303,300,RF,Image,,0.9230769230769232,0.9333333333333332,0.9281767955801103,360.0,0.7863777089783281,0.8466666666666667,0.8154093097913323,300.0,0.9941176470588236,0.9388888888888888,0.9657142857142856,360.0
RandomForest_Image,symmetric,0.3,0,12960,3240,30.10030864197531,66.92502546310425,0.9030864197530863,0.8991067039738162,0.9030912410742388,0.9085872576177284,0.9111111111111112,0.9098474341192788,360,0.9581005586592178,0.9527777777777776,0.9554317548746518,360,0.8839050131926122,0.9305555555555556,0.9066305818673884,360,0.8458781362007168,0.7866666666666666,0.8151986183074266,300,0.9166666666666666,0.9533333333333334,0.934640522875817,300,0.864,0.9,0.8816326530612245,240,0.8793103448275862,0.85,0.864406779661017,300,RF,Image,,0.9519774011299436,0.9361111111111112,0.9439775910364144,360.0,0.7877813504823151,0.8166666666666667,0.8019639934533551,300.0,0.9971098265895952,0.9583333333333334,0.9773371104815864,360.0
RandomForest_Image,symmetric,0.3,1,12960,3240,29.390432098765437,67.59320044517517,0.9070987654320988,0.902964843257148,0.9069558429520408,0.9241573033707864,0.9138888888888888,0.9189944134078212,360,0.9534246575342464,0.9666666666666668,0.96,360,0.8796791443850267,0.9138888888888888,0.896457765667575,360,0.8263888888888888,0.7933333333333333,0.8095238095238095,300,0.9235668789808916,0.9666666666666668,0.9446254071661238,300,0.8771186440677966,0.8625,0.8697478991596639,240,0.8866666666666667,0.8866666666666667,0.8866666666666667,300,RF,Image,,0.9501385041551248,0.9527777777777776,0.9514563106796116,360.0,0.8205980066445183,0.8233333333333334,0.8219633943427621,300.0,0.991304347826087,0.95,0.9702127659574468,360.0
RandomForest_Image,symmetric,0.3,2,12960,3240,29.791666666666668,67.21963334083557,0.9064814814814814,0.9026186719152924,0.9061324801789926,0.9243243243243244,0.95,0.936986301369863,360,0.9173333333333332,0.9555555555555556,0.9360544217687076,360,0.8803191489361702,0.9194444444444444,0.8994565217391305,360,0.8678571428571429,0.81,0.8379310344827586,300,0.9250814332247556,0.9466666666666668,0.9357495881383856,300,0.8543307086614174,0.9041666666666668,0.8785425101214575,240,0.9124087591240876,0.8333333333333334,0.8710801393728222,300,RF,Image,,0.9376693766937668,0.9611111111111112,0.9492455418381344,360.0,0.8282828282828283,0.82,0.8241206030150754,300.0,0.9881656804733728,0.9277777777777778,0.9570200573065902,360.0
RandomForest_Image,symmetric,0.3,3,12960,3240,29.28240740740741,66.80615043640137,0.9015432098765432,0.8961918014750074,0.9007912455977426,0.8856382978723404,0.925,0.904891304347826,360,0.9489247311827956,0.9805555555555556,0.96448087431694,360,0.882051282051282,0.9555555555555556,0.9173333333333332,360,0.8303886925795053,0.7833333333333333,0.8061749571183533,300,0.9073482428115016,0.9466666666666668,0.9265905383360522,300,0.8559670781893004,0.8666666666666667,0.8612836438923396,240,0.8868613138686131,0.81,0.8466898954703833,300,RF,Image,,0.9351351351351352,0.9611111111111112,0.947945205479452,360.0,0.8515901060070671,0.8033333333333333,0.8267581475128645,300.0,0.9940476190476192,0.9277777777777778,0.9597701149425288,360.0
RandomForest_Image,symmetric,0.3,4,12960,3240,30.27777777777777,67.06481432914734,0.9030864197530863,0.8993632933638557,0.90263159956341,0.8828125,0.9416666666666668,0.9112903225806452,360,0.9329758713136728,0.9666666666666668,0.9495225102319236,360,0.8918205804749341,0.9388888888888888,0.9147496617050068,360,0.8587786259541985,0.75,0.800711743772242,300,0.9158576051779936,0.9433333333333334,0.929392446633826,300,0.9126637554585152,0.8708333333333333,0.8912579957356077,240,0.9113475177304964,0.8566666666666667,0.8831615120274914,300,RF,Image,,0.9207650273224044,0.9361111111111112,0.928374655647383,360.0,0.799373040752351,0.85,0.8239095315024233,300.0,0.9940652818991098,0.9305555555555556,0.9612625538020086,360.0
RandomForest_Image,symmetric,0.4,0,12960,3240,39.513888888888886,66.03363156318665,0.9027777777777778,0.8985318503830557,0.9023308763690742,0.8903743315508021,0.925,0.9073569482288828,360,0.9532967032967034,0.9638888888888888,0.9585635359116024,360,0.8877005347593583,0.9222222222222224,0.904632152588556,360,0.7940199335548173,0.7966666666666666,0.7953410981697171,300,0.9306930693069309,0.94,0.9353233830845772,300,0.8764940239043825,0.9166666666666666,0.8961303462321792,240,0.8758620689655172,0.8466666666666667,0.8610169491525423,300,RF,Image,,0.945054945054945,0.9555555555555556,0.9502762430939228,360.0,0.8450184501845018,0.7633333333333333,0.8021015761821366,300.0,0.9913793103448276,0.9583333333333334,0.9745762711864406,360.0
RandomForest_Image,symmetric,0.4,1,12960,3240,40.08487654320987,66.49951982498169,0.9015432098765432,0.8974427661212083,0.9013841885870728,0.9267605633802816,0.9138888888888888,0.9202797202797204,360,0.9429347826086956,0.9638888888888888,0.9532967032967034,360,0.8616187989556136,0.9166666666666666,0.8882907133243607,360,0.8175438596491228,0.7766666666666666,0.7965811965811965,300,0.910828025477707,0.9533333333333334,0.9315960912052116,300,0.8666666666666667,0.8666666666666667,0.8666666666666667,240,0.89419795221843,0.8733333333333333,0.8836424957841484,300,RF,Image,,0.9444444444444444,0.9444444444444444,0.9444444444444444,360.0,0.8266666666666667,0.8266666666666667,0.8266666666666667,300.0,0.9883040935672516,0.9388888888888888,0.9629629629629628,360.0
RandomForest_Image,symmetric,0.4,2,12960,3240,39.41358024691358,68.76737451553345,0.90679012345679,0.9031750506540764,0.9065168250554202,0.9144385026737968,0.95,0.9318801089918256,360,0.9299191374663072,0.9583333333333334,0.9439124487004104,360,0.8743455497382199,0.9277777777777778,0.9002695417789758,360,0.8834586466165414,0.7833333333333333,0.8303886925795053,300,0.9166666666666666,0.9533333333333334,0.934640522875817,300,0.8811475409836066,0.8958333333333334,0.8884297520661157,240,0.9090909090909092,0.8333333333333334,0.8695652173913043,300,RF,Image,,0.95,0.95,0.95,360.0,0.8025078369905956,0.8533333333333334,0.827140549273021,300.0,0.9881305637982196,0.925,0.9555236728837876,360.0
RandomForest_Image,symmetric,0.4,3,12960,3240,39.96141975308642,67.99182152748108,0.8922839506172839,0.886699187598345,0.8915201362828203,0.8806366047745358,0.9222222222222224,0.9009497964721844,360,0.9436997319034852,0.9777777777777776,0.96043656207367,360,0.868020304568528,0.95,0.9071618037135278,360,0.8327402135231317,0.78,0.8055077452667814,300,0.889937106918239,0.9433333333333334,0.9158576051779936,300,0.8577405857740585,0.8541666666666666,0.8559498956158664,240,0.8925925925925926,0.8033333333333333,0.8456140350877193,300,RF,Image,,0.9344262295081968,0.95,0.9421487603305784,360.0,0.7958477508650519,0.7666666666666667,0.7809847198641766,300.0,0.990990990990991,0.9166666666666666,0.9523809523809524,360.0
RandomForest_Image,symmetric,0.4,4,12960,3240,40.223765432098766,67.44284701347351,0.8950617283950617,0.8911344661707125,0.8946910865652237,0.8835978835978836,0.9277777777777778,0.9051490514905148,360,0.935309973045822,0.9638888888888888,0.9493844049247606,360,0.8798955613577023,0.9361111111111112,0.9071332436069988,360,0.8272058823529411,0.75,0.7867132867132867,300,0.9153094462540716,0.9366666666666666,0.9258649093904447,300,0.9227272727272728,0.8458333333333333,0.8826086956521739,240,0.8819444444444444,0.8466666666666667,0.8639455782312925,300,RF,Image,,0.9059139784946236,0.9361111111111112,0.9207650273224044,360.0,0.7936507936507936,0.8333333333333334,0.8130081300813008,300.0,0.994011976047904,0.9222222222222224,0.956772334293948,360.0
RandomForest_Image,asymmetric,0.0,0,12960,3240,0.0,61.197495460510254,0.907716049382716,0.9037211471257974,0.9072334652447108,0.8940217391304348,0.9138888888888888,0.903846153846154,360,0.956043956043956,0.9666666666666668,0.9613259668508288,360,0.8805194805194805,0.9416666666666668,0.9100671140939596,360,0.8321678321678322,0.7933333333333333,0.8122866894197952,300,0.9161290322580644,0.9466666666666668,0.9311475409836064,300,0.8835341365461847,0.9166666666666666,0.8997955010224948,240,0.9028776978417268,0.8366666666666667,0.8685121107266436,300,RF,Image,,0.9449035812672176,0.9527777777777776,0.9488243430152145,360.0,0.8397212543554007,0.8033333333333333,0.8211243611584327,300.0,0.9942857142857144,0.9666666666666668,0.9802816901408452,360.0
RandomForest_Image,asymmetric,0.0,1,12960,3240,0.0,63.076406955718994,0.9148148148148147,0.9107144278188934,0.914518147143258,0.9350282485875706,0.9194444444444444,0.927170868347339,360,0.953551912568306,0.9694444444444444,0.9614325068870524,360,0.8842105263157894,0.9333333333333332,0.9081081081081082,360,0.8681318681318682,0.79,0.8272251308900523,300,0.9148264984227128,0.9666666666666668,0.940032414910859,300,0.8831168831168831,0.85,0.8662420382165605,240,0.9149659863945578,0.8966666666666666,0.9057239057239056,300,RF,Image,,0.9426229508196722,0.9583333333333334,0.950413223140496,360.0,0.8343949044585988,0.8733333333333333,0.8534201954397395,300.0,0.9884057971014492,0.9472222222222222,0.9673758865248226,360.0
RandomForest_Image,asymmetric,0.0,2,12960,3240,0.0,61.06124305725098,0.9132716049382716,0.9098141499402914,0.9129086849119848,0.921832884097035,0.95,0.9357045143638852,360,0.922872340425532,0.9638888888888888,0.9429347826086956,360,0.8678756476683938,0.9305555555555556,0.8981233243967829,360,0.8917910447761194,0.7966666666666666,0.8415492957746479,300,0.9230769230769232,0.96,0.9411764705882352,300,0.8780487804878049,0.9,0.8888888888888888,240,0.9296296296296296,0.8366666666666667,0.8807017543859649,300,RF,Image,,0.9556786703601108,0.9583333333333334,0.957004160887656,360.0,0.8381877022653722,0.8633333333333333,0.8505747126436781,300.0,0.9882697947214076,0.9361111111111112,0.9614835948644792,360.0
RandomForest_Image,asymmetric,0.0,3,12960,3240,0.0,61.31421136856079,0.8975308641975308,0.8920407741588887,0.8967244839144928,0.8859416445623343,0.9277777777777778,0.9063772048846676,360,0.9565217391304348,0.9777777777777776,0.967032967032967,360,0.8641025641025641,0.9361111111111112,0.8986666666666666,360,0.8555555555555555,0.77,0.8105263157894737,300,0.8987341772151899,0.9466666666666668,0.922077922077922,300,0.8387096774193549,0.8666666666666667,0.8524590163934426,240,0.8884758364312267,0.7966666666666666,0.8400702987697716,300,RF,Image,,0.9222520107238604,0.9555555555555556,0.9386084583901774,360.0,0.8373702422145328,0.8066666666666666,0.8217317487266553,300.0,0.9911764705882352,0.9361111111111112,0.9628571428571427,360.0
RandomForest_Image,asymmetric,0.0,4,12960,3240,0.0,61.47579073905945,0.8993827160493827,0.8954820501867667,0.8987887689422068,0.8772845953002611,0.9333333333333332,0.9044414535666218,360,0.922872340425532,0.9638888888888888,0.9429347826086956,360,0.8938992042440318,0.9361111111111112,0.914518317503392,360,0.87109375,0.7433333333333333,0.802158273381295,300,0.89937106918239,0.9533333333333334,0.9255663430420712,300,0.9126637554585152,0.8708333333333333,0.8912579957356077,240,0.9045936395759716,0.8533333333333334,0.8782161234991424,300,RF,Image,,0.918032786885246,0.9333333333333332,0.9256198347107438,360.0,0.7891373801916933,0.8233333333333334,0.8058727569331158,300.0,0.9941002949852508,0.9361111111111112,0.9642346208869814,360.0
RandomForest_Image,asymmetric,0.1,0,12960,3240,10.339506172839506,66.95669484138489,0.904320987654321,0.9001195438161067,0.9039404907778916,0.8970189701897019,0.9194444444444444,0.9080932784636488,360,0.9635854341736696,0.9555555555555556,0.9595536959553695,360,0.875968992248062,0.9416666666666668,0.9076305220883534,360,0.8483754512635379,0.7833333333333333,0.8145580589254766,300,0.9022082018927444,0.9533333333333334,0.9270664505672608,300,0.8780487804878049,0.9,0.8888888888888888,240,0.8842105263157894,0.84,0.8615384615384616,300,RF,Image,,0.9415041782729804,0.9388888888888888,0.9401947148817804,360.0,0.8203389830508474,0.8066666666666666,0.8134453781512605,300.0,0.9971264367816092,0.9638888888888888,0.980225988700565,360.0
RandomForest_Image,asymmetric,0.1,1,12960,3240,10.501543209876544,66.72367978096008,0.9114197530864198,0.9069589415728332,0.9109025081936803,0.931129476584022,0.9388888888888888,0.9349930843706776,360,0.9585635359116024,0.9638888888888888,0.961218836565097,360,0.8812664907651715,0.9277777777777778,0.9039242219215156,360,0.8503649635036497,0.7766666666666666,0.8118466898954704,300,0.9040247678018576,0.9733333333333334,0.9373996789727128,300,0.90625,0.8458333333333333,0.875,240,0.9081632653061223,0.89,0.898989898989899,300,RF,Image,,0.9301075268817204,0.9611111111111112,0.9453551912568308,360.0,0.8278145695364238,0.8333333333333334,0.8305647840531561,300.0,0.9884726224783862,0.9527777777777776,0.9702970297029704,360.0
RandomForest_Image,asymmetric,0.1,2,12960,3240,10.123456790123456,67.41276383399963,0.9141975308641976,0.9104146053530756,0.9137647262583805,0.9222520107238604,0.9555555555555556,0.9386084583901774,360,0.9251336898395722,0.9611111111111112,0.9427792915531336,360,0.8891820580474934,0.9361111111111112,0.912043301759134,360,0.8817204301075269,0.82,0.8497409326424871,300,0.9145569620253164,0.9633333333333334,0.9383116883116884,300,0.8936170212765957,0.875,0.8842105263157894,240,0.9163636363636364,0.84,0.8765217391304347,300,RF,Image,,0.945054945054945,0.9555555555555556,0.9502762430939228,360.0,0.8471760797342193,0.85,0.848585690515807,300.0,0.9854651162790696,0.9416666666666668,0.9630681818181818,360.0
RandomForest_Image,asymmetric,0.1,3,12960,3240,9.62962962962963,67.49842977523804,0.8969135802469136,0.8918008114866709,0.8960246073747146,0.9027027027027028,0.9277777777777778,0.915068493150685,360,0.948509485094851,0.9722222222222222,0.9602194787379972,360,0.8663239074550129,0.9361111111111112,0.8998664886515354,360,0.8285714285714286,0.7733333333333333,0.8,300,0.8776758409785933,0.9566666666666668,0.9154704944178628,300,0.8708333333333333,0.8708333333333333,0.8708333333333333,240,0.8935361216730038,0.7833333333333333,0.8348134991119005,300,RF,Image,,0.9069148936170212,0.9472222222222222,0.9266304347826086,360.0,0.8526315789473684,0.81,0.8307692307692308,300.0,0.9912023460410556,0.9388888888888888,0.9643366619115548,360.0
RandomForest_Image,asymmetric,0.1,4,12960,3240,10.15432098765432,66.88543629646301,0.899074074074074,0.8951646603664413,0.8982825926016828,0.87146529562982,0.9416666666666668,0.90520694259012,360,0.9326145552560648,0.9611111111111112,0.9466484268125857,360,0.8828125,0.9416666666666668,0.9112903225806452,360,0.8765432098765432,0.71,0.7845303867403315,300,0.8753799392097265,0.96,0.9157392686804452,300,0.9406392694063926,0.8583333333333333,0.8976034858387799,240,0.9074733096085408,0.85,0.8777969018932874,300,RF,Image,,0.9222222222222224,0.9222222222222224,0.9222222222222224,360.0,0.7951070336391437,0.8666666666666667,0.8293460925039873,300.0,0.9940652818991098,0.9305555555555556,0.9612625538020086,360.0
RandomForest_Image,asymmetric,0.2,0,12960,3240,20.66358024691358,65.12860584259033,0.8978395061728395,0.8928688337798644,0.8972029301528044,0.8913043478260869,0.9111111111111112,0.9010989010989012,360,0.9583333333333334,0.9583333333333334,0.9583333333333334,360,0.8733850129198967,0.9388888888888888,0.9049531459170014,360,0.8321167883211679,0.76,0.794425087108014,300,0.8858024691358025,0.9566666666666668,0.9198717948717948,300,0.8813559322033898,0.8666666666666667,0.8739495798319328,240,0.8556701030927835,0.83,0.8426395939086294,300,RF,Image,,0.93646408839779,0.9416666666666668,0.9390581717451524,360.0,0.8339100346020761,0.8033333333333333,0.8183361629881154,300.0,0.991404011461318,0.9611111111111112,0.9760225669957688,360.0
RandomForest_Image,asymmetric,0.2,1,12960,3240,20.2391975308642,65.54150867462158,0.8978395061728395,0.8933371474683401,0.8971506962339828,0.9123287671232876,0.925,0.9186206896551724,360,0.9527777777777776,0.9527777777777776,0.9527777777777776,360,0.8710526315789474,0.9194444444444444,0.8945945945945946,360,0.8202247191011236,0.73,0.7724867724867724,300,0.855457227138643,0.9666666666666668,0.9076682316118936,300,0.8893617021276595,0.8708333333333333,0.88,240,0.911660777385159,0.86,0.8850771869639794,300,RF,Image,,0.9166666666666666,0.9472222222222222,0.9316939890710384,360.0,0.8344594594594594,0.8233333333333334,0.8288590604026845,300.0,0.9854227405247812,0.9388888888888888,0.961593172119488,360.0
RandomForest_Image,asymmetric,0.2,2,12960,3240,19.405864197530864,65.3542046546936,0.910493827160494,0.9065233801463954,0.9099855308346648,0.9142091152815014,0.9472222222222222,0.9304229195088676,360,0.935483870967742,0.9666666666666668,0.9508196721311476,360,0.8663239074550129,0.9361111111111112,0.8998664886515354,360,0.8909774436090225,0.79,0.8374558303886925,300,0.8944099378881988,0.96,0.9260450160771704,300,0.911504424778761,0.8583333333333333,0.8841201716738197,240,0.8975265017667845,0.8466666666666667,0.8713550600343053,300,RF,Image,,0.9472222222222222,0.9472222222222222,0.9472222222222222,360.0,0.8448844884488449,0.8533333333333334,0.8490878938640133,300.0,0.9884393063583816,0.95,0.9688385269121812,360.0
RandomForest_Image,asymmetric,0.2,3,12960,3240,19.945987654320987,64.66277861595154,0.8922839506172839,0.8869648394769097,0.8914844805622197,0.8835978835978836,0.9277777777777778,0.9051490514905148,360,0.9613259668508288,0.9666666666666668,0.96398891966759,360,0.8727272727272727,0.9333333333333332,0.902013422818792,360,0.8273381294964028,0.7666666666666667,0.7958477508650519,300,0.8662613981762918,0.95,0.906200317965024,300,0.8589211618257261,0.8625,0.8607068607068608,240,0.8801498127340824,0.7833333333333333,0.8289241622574955,300,RF,Image,,0.896,0.9333333333333332,0.9142857142857144,360.0,0.8485915492957746,0.8033333333333333,0.8253424657534246,300.0,0.9941348973607038,0.9416666666666668,0.9671897289586304,360.0
RandomForest_Image,asymmetric,0.2,4,12960,3240,19.33641975308642,65.75196981430054,0.8941358024691358,0.8894438226147778,0.8934247593202258,0.906166219839142,0.9388888888888888,0.922237380627558,360,0.9297297297297298,0.9555555555555556,0.9424657534246575,360,0.8743455497382199,0.9277777777777778,0.9002695417789758,360,0.8431372549019608,0.7166666666666667,0.7747747747747747,300,0.875,0.9566666666666668,0.9140127388535032,300,0.943127962085308,0.8291666666666667,0.8824833702882483,240,0.8732876712328768,0.85,0.8614864864864865,300,RF,Image,,0.9128065395095368,0.9305555555555556,0.921595598349381,360.0,0.78125,0.8333333333333334,0.8064516129032258,300.0,0.9941520467836256,0.9444444444444444,0.9686609686609686,360.0
RandomForest_Image,asymmetric,0.3,0,12960,3240,30.10030864197531,62.55755949020386,0.8854938271604939,0.8811052249309433,0.8851388830187309,0.8763440860215054,0.9055555555555556,0.8907103825136612,360,0.967551622418879,0.9111111111111112,0.938483547925608,360,0.8325123152709359,0.9388888888888888,0.8825065274151436,360,0.8282442748091603,0.7233333333333334,0.7722419928825622,300,0.8532934131736527,0.95,0.8990536277602523,300,0.9305555555555556,0.8375,0.881578947368421,240,0.8295081967213115,0.8433333333333334,0.8363636363636363,300,RF,Image,,0.9333333333333332,0.9333333333333332,0.9333333333333332,360.0,0.7993311036789298,0.7966666666666666,0.7979966611018364,300.0,0.9971181556195964,0.9611111111111112,0.9787835926449788,360.0
RandomForest_Image,asymmetric,0.3,1,12960,3240,29.390432098765437,63.7041711807251,0.8845679012345679,0.8791707411214464,0.8837118175862437,0.9016393442622952,0.9166666666666666,0.9090909090909092,360,0.9460227272727272,0.925,0.9353932584269664,360,0.8375634517766497,0.9166666666666666,0.8753315649867374,360,0.828125,0.7066666666666667,0.762589928057554,300,0.8386167146974063,0.97,0.8995363214837713,300,0.8962264150943396,0.7916666666666666,0.8407079646017699,240,0.8646864686468647,0.8733333333333333,0.8689883913764511,300,RF,Image,,0.9201101928374656,0.9277777777777778,0.9239280774550483,360.0,0.8145695364238411,0.82,0.8172757475083057,300.0,0.9797101449275364,0.9388888888888888,0.9588652482269504,360.0
RandomForest_Image,asymmetric,0.3,2,12960,3240,29.791666666666668,62.35449171066284,0.8929012345679013,0.8880036104450383,0.8920404302788989,0.912,0.95,0.9306122448979592,360,0.9413407821229052,0.9361111111111112,0.9387186629526464,360,0.850632911392405,0.9333333333333332,0.8900662251655629,360,0.8625954198473282,0.7533333333333333,0.8042704626334519,300,0.8504398826979472,0.9666666666666668,0.904836193447738,300,0.9116279069767442,0.8166666666666667,0.8615384615384616,240,0.872791519434629,0.8233333333333334,0.8473413379073756,300,RF,Image,,0.8894736842105263,0.9388888888888888,0.9135135135135136,360.0,0.8448275862068966,0.8166666666666667,0.8305084745762712,300.0,0.9853372434017597,0.9333333333333332,0.9586305278174037,360.0
RandomForest_Image,asymmetric,0.3,3,12960,3240,29.28240740740741,62.55634331703186,0.8824074074074074,0.8768076818159157,0.881314849742888,0.8940217391304348,0.9138888888888888,0.903846153846154,360,0.9445983379501384,0.9472222222222222,0.9459084604715672,360,0.8578811369509044,0.9222222222222224,0.8888888888888888,360,0.8378378378378378,0.7233333333333334,0.776386404293381,300,0.8169014084507042,0.9666666666666668,0.8854961832061069,300,0.8854625550660793,0.8375,0.860813704496788,240,0.8623188405797102,0.7933333333333333,0.8263888888888888,300,RF,Image,,0.8825065274151436,0.9388888888888888,0.9098250336473755,360.0,0.8333333333333334,0.7833333333333333,0.8075601374570447,300.0,0.9883040935672516,0.9388888888888888,0.9629629629629628,360.0
RandomForest_Image,asymmetric,0.3,4,12960,3240,30.27777777777777,62.72632384300232,0.883641975308642,0.8792600839150968,0.8827792598652743,0.8821989528795812,0.9361111111111112,0.908355795148248,360,0.9450867052023122,0.9083333333333332,0.9263456090651558,360,0.8270676691729323,0.9166666666666666,0.8695652173913043,360,0.8333333333333334,0.6833333333333333,0.7509157509157509,300,0.8466076696165191,0.9566666666666668,0.8982785602503912,300,0.9466019417475728,0.8125,0.874439461883408,240,0.8858131487889274,0.8533333333333334,0.8692699490662139,300,RF,Image,,0.896,0.9333333333333332,0.9142857142857144,360.0,0.7974683544303798,0.84,0.8181818181818182,300.0,0.9883040935672516,0.9388888888888888,0.9629629629629628,360.0
RandomForest_Image,asymmetric,0.4,0,12960,3240,39.513888888888886,60.73373365402222,0.8240740740740741,0.8174776643549351,0.8225560477019467,0.8423772609819121,0.9055555555555556,0.8728246318607764,360,0.9525316455696202,0.8361111111111111,0.8905325443786982,360,0.7775,0.8638888888888889,0.8184210526315789,360,0.7453183520599251,0.6633333333333333,0.7019400352733686,300,0.7386666666666667,0.9233333333333332,0.8207407407407408,300,0.8767772511848341,0.7708333333333334,0.8203991130820399,240,0.7777777777777778,0.77,0.7738693467336684,300,RF,Image,,0.8681318681318682,0.8777777777777778,0.8729281767955801,360.0,0.7609561752988048,0.6366666666666667,0.6932849364791288,300.0,0.8951612903225806,0.925,0.9098360655737704,360.0
RandomForest_Image,asymmetric,0.4,1,12960,3240,40.08487654320987,61.55870008468628,0.7950617283950617,0.7876295191328312,0.7936654831003128,0.837696335078534,0.8888888888888888,0.862533692722372,360,0.924342105263158,0.7805555555555556,0.8463855421686747,360,0.7117794486215538,0.7888888888888889,0.7483530961791831,360,0.6293436293436293,0.5433333333333333,0.5831842576028623,300,0.6997518610421837,0.94,0.802275960170697,300,0.8666666666666667,0.65,0.7428571428571429,240,0.7515923566878981,0.7866666666666666,0.7687296416938111,300,RF,Image,,0.841688654353562,0.8861111111111111,0.8633288227334236,360.0,0.7885304659498208,0.7333333333333333,0.7599309153713298,300.0,0.9237536656891496,0.875,0.8987161198288159,360.0
RandomForest_Image,asymmetric,0.4,2,12960,3240,39.41358024691358,61.35119199752808,0.8141975308641975,0.8061073488337392,0.8123773674060825,0.8333333333333334,0.9166666666666666,0.873015873015873,360,0.918918918918919,0.85,0.8831168831168831,360,0.7758620689655172,0.875,0.8224543080939948,360,0.7822222222222223,0.5866666666666667,0.6704761904761904,300,0.7291139240506329,0.96,0.8287769784172662,300,0.8804347826086957,0.675,0.7641509433962265,240,0.7450980392156863,0.76,0.7524752475247525,300,RF,Image,,0.8632478632478633,0.8416666666666667,0.8523206751054853,360.0,0.7064516129032258,0.73,0.7180327868852459,300.0,0.9311377245508982,0.8638888888888889,0.8962536023054755,360.0
RandomForest_Image,asymmetric,0.4,3,12960,3240,39.96141975308642,60.37129712104797,0.8095679012345679,0.7998601069919442,0.8072025223001092,0.8666666666666667,0.9027777777777778,0.8843537414965986,360,0.9361702127659576,0.8555555555555555,0.8940493468795355,360,0.763855421686747,0.8805555555555555,0.8180645161290323,360,0.7662337662337663,0.59,0.6666666666666666,300,0.7146401985111662,0.96,0.8193456614509246,300,0.8611111111111112,0.6458333333333334,0.7380952380952381,240,0.7205387205387206,0.7133333333333334,0.7169179229480737,300,RF,Image,,0.8092643051771117,0.825,0.8170563961485557,360.0,0.7412587412587412,0.7066666666666667,0.7235494880546075,300.0,0.9243697478991596,0.9166666666666666,0.9205020920502092,360.0
RandomForest_Image,asymmetric,0.4,4,12960,3240,40.223765432098766,60.24808716773987,0.812962962962963,0.8064333188883624,0.8120103968072806,0.8320802005012531,0.9222222222222224,0.8748353096179183,360,0.907185628742515,0.8416666666666667,0.8731988472622478,360,0.7632241813602015,0.8416666666666667,0.8005284015852048,360,0.7300380228136882,0.64,0.6820603907637656,300,0.772972972972973,0.9533333333333334,0.8537313432835821,300,0.9386503067484664,0.6375,0.7593052109181141,240,0.7516129032258064,0.7766666666666666,0.7639344262295082,300,RF,Image,,0.8342696629213483,0.825,0.8296089385474861,360.0,0.6934984520123839,0.7466666666666667,0.7191011235955056,300.0,0.9569230769230768,0.8638888888888889,0.908029197080292,360.0
XGBoost_Image,symmetric,0.0,0,12960,3240,0.0,27.63798999786377,0.9382716049382716,0.935658654021686,0.9381971566240912,0.924119241192412,0.9472222222222222,0.935528120713306,360,0.9886363636363636,0.9666666666666668,0.9775280898876404,360,0.9320652173913044,0.9527777777777776,0.9423076923076924,360,0.8662207357859532,0.8633333333333333,0.8647746243739566,300,0.950657894736842,0.9633333333333334,0.956953642384106,300,0.9156626506024096,0.95,0.9325153374233128,240,0.9054054054054054,0.8933333333333333,0.8993288590604027,300,XGBoost,Image,,0.9721448467966574,0.9694444444444444,0.9707927677329624,360.0,0.9125874125874126,0.87,0.8907849829351536,300.0,0.988826815642458,0.9833333333333332,0.9860724233983288,360.0
XGBoost_Image,symmetric,0.0,1,12960,3240,0.0,31.006447792053223,0.9407407407407408,0.9381876533583078,0.9405994017711604,0.9497206703910616,0.9444444444444444,0.947075208913649,360,0.9616438356164384,0.975,0.9682758620689657,360,0.9066666666666666,0.9444444444444444,0.9251700680272108,360,0.9017543859649124,0.8566666666666667,0.8786324786324786,300,0.9701986754966888,0.9766666666666668,0.973421926910299,300,0.9152542372881356,0.9,0.907563025210084,240,0.935374149659864,0.9166666666666666,0.925925925925926,300,XGBoost,Image,,0.962059620596206,0.9861111111111112,0.9739368998628258,360.0,0.898360655737705,0.9133333333333332,0.905785123966942,300.0,0.9886039886039886,0.9638888888888888,0.9760900140646976,360.0
XGBoost_Image,symmetric,0.0,2,12960,3240,0.0,31.813724994659424,0.9410493827160494,0.9394035667132836,0.940931882666803,0.9276139410187668,0.9611111111111112,0.9440654843110504,360,0.951219512195122,0.975,0.9629629629629628,360,0.9122340425531916,0.9527777777777776,0.9320652173913044,360,0.9251700680272108,0.9066666666666666,0.915824915824916,300,0.9534883720930232,0.9566666666666668,0.9550748752079868,300,0.9333333333333332,0.9333333333333332,0.9333333333333332,240,0.9458483754512635,0.8733333333333333,0.9081455805892548,300,XGBoost,Image,,0.961218836565097,0.9638888888888888,0.9625520110957004,360.0,0.9096989966555185,0.9066666666666666,0.9081803005008348,300.0,0.9857142857142858,0.9583333333333334,0.971830985915493,360.0
XGBoost_Image,symmetric,0.0,3,12960,3240,0.0,32.5720808506012,0.9314814814814816,0.9280885584118452,0.9311812956902084,0.9347826086956522,0.9555555555555556,0.945054945054945,360,0.9672131147540984,0.9833333333333332,0.975206611570248,360,0.9234972677595628,0.9388888888888888,0.931129476584022,360,0.8720538720538721,0.8633333333333333,0.8676716917922948,300,0.9285714285714286,0.9533333333333334,0.9407894736842104,300,0.8924302788844621,0.9333333333333332,0.9124236252545824,240,0.9257950530035336,0.8733333333333333,0.8987993138936535,300,XGBoost,Image,,0.953551912568306,0.9694444444444444,0.9614325068870524,360.0,0.8971631205673759,0.8433333333333334,0.8694158075601375,300.0,0.9886685552407932,0.9694444444444444,0.9789621318373072,360.0
XGBoost_Image,symmetric,0.0,4,12960,3240,0.0,32.417400598526,0.9354938271604938,0.9329371477785688,0.9353573444815416,0.9195710455764076,0.9527777777777776,0.9358799454297408,360,0.9672131147540984,0.9833333333333332,0.975206611570248,360,0.9245283018867924,0.9527777777777776,0.9384404924760602,360,0.9081272084805654,0.8566666666666667,0.8816466552315609,300,0.9348534201954396,0.9566666666666668,0.9456342668863262,300,0.9393939393939394,0.9041666666666668,0.921443736730361,240,0.9143835616438356,0.89,0.902027027027027,300,XGBoost,Image,,0.9583333333333334,0.9583333333333334,0.9583333333333334,360.0,0.8831168831168831,0.9066666666666666,0.8947368421052632,300.0,0.991404011461318,0.9611111111111112,0.9760225669957688,360.0
XGBoost_Image,symmetric,0.1,0,12960,3240,10.339506172839506,48.13435244560242,0.937962962962963,0.935482975333579,0.9378275696456968,0.92797783933518,0.9305555555555556,0.9292649098474342,360,0.9861111111111112,0.9861111111111112,0.9861111111111112,360,0.9191374663072776,0.9472222222222222,0.93296853625171,360,0.89419795221843,0.8733333333333333,0.8836424957841484,300,0.9387096774193548,0.97,0.9540983606557376,300,0.9330543933054394,0.9291666666666668,0.931106471816284,240,0.9023569023569024,0.8933333333333333,0.897822445561139,300,XGBoost,Image,,0.9665738161559888,0.9638888888888888,0.965229485396384,360.0,0.9006849315068494,0.8766666666666667,0.8885135135135135,300.0,0.988826815642458,0.9833333333333332,0.9860724233983288,360.0
XGBoost_Image,symmetric,0.1,1,12960,3240,10.501543209876544,48.366541624069214,0.937037037037037,0.9343657330278144,0.9369500258158476,0.9498607242339832,0.9472222222222222,0.948539638386648,360,0.9616438356164384,0.975,0.9682758620689657,360,0.8992042440318302,0.9416666666666668,0.9199457259158752,360,0.9037800687285223,0.8766666666666667,0.8900169204737732,300,0.9661016949152542,0.95,0.957983193277311,300,0.922077922077922,0.8875,0.9044585987261148,240,0.915824915824916,0.9066666666666666,0.9112227805695142,300,XGBoost,Image,,0.9517426273458444,0.9861111111111112,0.9686221009549796,360.0,0.8970099667774086,0.9,0.8985024958402662,300.0,0.9886039886039886,0.9638888888888888,0.9760900140646976,360.0
XGBoost_Image,symmetric,0.1,2,12960,3240,10.123456790123456,48.01052379608154,0.941358024691358,0.9392334562742684,0.9412599550917444,0.945054945054945,0.9555555555555556,0.9502762430939228,360,0.9489247311827956,0.9805555555555556,0.96448087431694,360,0.902116402116402,0.9472222222222222,0.924119241192412,360,0.9375,0.9,0.9183673469387756,300,0.9473684210526316,0.96,0.9536423841059604,300,0.9208333333333332,0.9208333333333332,0.9208333333333332,240,0.9390681003584228,0.8733333333333333,0.9050086355785838,300,XGBoost,Image,,0.9696132596685084,0.975,0.9722991689750692,360.0,0.9013157894736842,0.9133333333333332,0.9072847682119204,300.0,0.991404011461318,0.9611111111111112,0.9760225669957688,360.0
XGBoost_Image,symmetric,0.1,3,12960,3240,9.62962962962963,47.50368022918701,0.9274691358024691,0.923697939144382,0.927129160206345,0.922043010752688,0.9527777777777776,0.9371584699453552,360,0.9567567567567568,0.9833333333333332,0.96986301369863,360,0.9182561307901907,0.9361111111111112,0.9270976616231088,360,0.8932384341637011,0.8366666666666667,0.8640275387263339,300,0.9318181818181818,0.9566666666666668,0.944078947368421,300,0.8690476190476191,0.9125,0.8902439024390244,240,0.908450704225352,0.86,0.8835616438356164,300,XGBoost,Image,,0.9482288828337876,0.9666666666666668,0.9573590096286108,360.0,0.9,0.87,0.8847457627118644,300.0,0.994269340974212,0.9638888888888888,0.9788434414668548,360.0
XGBoost_Image,symmetric,0.1,4,12960,3240,10.15432098765432,48.002302169799805,0.9388888888888888,0.9370021706039946,0.9388580137175968,0.9245283018867924,0.9527777777777776,0.9384404924760602,360,0.9591280653950952,0.9777777777777776,0.968363136176066,360,0.931129476584022,0.9388888888888888,0.9349930843706776,360,0.896551724137931,0.8666666666666667,0.8813559322033898,300,0.960655737704918,0.9766666666666668,0.968595041322314,300,0.9439655172413792,0.9125,0.9279661016949152,240,0.934931506849315,0.91,0.9222972972972971,300,XGBoost,Image,,0.955922865013774,0.9638888888888888,0.9598893499308436,360.0,0.8778135048231511,0.91,0.8936170212765957,300.0,0.9942196531791908,0.9555555555555556,0.9745042492917848,360.0
XGBoost_Image,symmetric,0.2,0,12960,3240,20.66358024691358,55.11771631240845,0.93179012345679,0.9286147044283036,0.9316736080941712,0.926027397260274,0.9388888888888888,0.9324137931034484,360,0.9777777777777776,0.9777777777777776,0.9777777777777776,360,0.9191374663072776,0.9472222222222222,0.93296853625171,360,0.8675496688741722,0.8733333333333333,0.8704318936877077,300,0.9352750809061487,0.9633333333333334,0.9490968801313628,300,0.8862745098039215,0.9416666666666668,0.9131313131313132,240,0.911660777385159,0.86,0.8850771869639794,300,XGBoost,Image,,0.9747191011235956,0.9638888888888888,0.9692737430167596,360.0,0.8954703832752613,0.8566666666666667,0.8756388415672913,300.0,0.9914772727272728,0.9694444444444444,0.9803370786516854,360.0
XGBoost_Image,symmetric,0.2,1,12960,3240,20.2391975308642,54.9351499080658,0.9373456790123456,0.9348524054760006,0.937254737295756,0.9518413597733713,0.9333333333333332,0.9424964936886396,360,0.9562841530054644,0.9722222222222222,0.9641873278236914,360,0.8976377952755905,0.95,0.9230769230769232,360,0.9151943462897526,0.8633333333333333,0.888507718696398,300,0.9477124183006536,0.9666666666666668,0.9570957095709572,300,0.9227467811158798,0.8958333333333334,0.9090909090909092,240,0.9264214046822744,0.9233333333333332,0.9248747913188649,300,XGBoost,Image,,0.967032967032967,0.9777777777777776,0.9723756906077348,360.0,0.8848684210526315,0.8966666666666666,0.890728476821192,300.0,0.9886039886039886,0.9638888888888888,0.9760900140646976,360.0
XGBoost_Image,symmetric,0.2,2,12960,3240,19.405864197530864,51.26322865486145,0.9361111111111112,0.9341209612967968,0.9360150202180708,0.9373297002724796,0.9555555555555556,0.9463548830811556,360,0.945945945945946,0.9722222222222222,0.958904109589041,360,0.9059139784946236,0.9361111111111112,0.9207650273224044,360,0.9233449477351916,0.8833333333333333,0.9028960817717206,300,0.9475409836065574,0.9633333333333334,0.9553719008264464,300,0.9139344262295082,0.9291666666666668,0.9214876033057852,240,0.9359430604982206,0.8766666666666667,0.9053356282271944,300,XGBoost,Image,,0.9666666666666668,0.9666666666666668,0.9666666666666668,360.0,0.8885245901639345,0.9033333333333332,0.8958677685950414,300.0,0.982808022922636,0.9527777777777776,0.9675599435825106,360.0
XGBoost_Image,symmetric,0.2,3,12960,3240,19.945987654320987,54.7743866443634,0.9188271604938272,0.9145231715525356,0.9184606003908244,0.9069148936170212,0.9472222222222222,0.9266304347826086,360,0.954177897574124,0.9833333333333332,0.9685362517099864,360,0.9142091152815014,0.9472222222222222,0.9304229195088676,360,0.8556701030927835,0.83,0.8426395939086294,300,0.9278688524590164,0.9433333333333334,0.9355371900826446,300,0.8760330578512396,0.8833333333333333,0.8796680497925311,240,0.913978494623656,0.85,0.8808290155440415,300,XGBoost,Image,,0.9476584022038568,0.9555555555555556,0.9515905947441216,360.0,0.8694158075601375,0.8433333333333334,0.856175972927242,300.0,0.988538681948424,0.9583333333333334,0.9732016925246828,360.0
XGBoost_Image,symmetric,0.2,4,12960,3240,19.33641975308642,54.231377601623535,0.9296296296296296,0.9266694611260956,0.929436588076708,0.9148936170212766,0.9555555555555556,0.9347826086956522,360,0.9564032697547684,0.975,0.9656121045392022,360,0.9209809264305178,0.9388888888888888,0.9298486932599724,360,0.929368029739777,0.8333333333333334,0.8787346221441125,300,0.9381107491856676,0.96,0.9489291598023064,300,0.9298245614035088,0.8833333333333333,0.905982905982906,240,0.9131944444444444,0.8766666666666667,0.8945578231292517,300,XGBoost,Image,,0.953168044077135,0.9611111111111112,0.9571230982019364,360.0,0.8452012383900929,0.91,0.8764044943820225,300.0,0.9857954545454546,0.9638888888888888,0.9747191011235956,360.0
XGBoost_Image,symmetric,0.3,0,12960,3240,30.10030864197531,58.63203740119934,0.928395061728395,0.9255335195259944,0.9282870830599478,0.9256198347107438,0.9333333333333332,0.9294605809128632,360,0.9722222222222222,0.9722222222222222,0.9722222222222222,360,0.908355795148248,0.9361111111111112,0.9220246238030096,360,0.8614864864864865,0.85,0.8557046979865772,300,0.944078947368421,0.9566666666666668,0.9503311258278144,300,0.9393939393939394,0.9041666666666668,0.921443736730361,240,0.8790849673202614,0.8966666666666666,0.8877887788778878,300,XGBoost,Image,,0.9665738161559888,0.9638888888888888,0.965229485396384,360.0,0.8827586206896552,0.8533333333333334,0.8677966101694915,300.0,0.9833333333333332,0.9833333333333332,0.9833333333333332,360.0
XGBoost_Image,symmetric,0.3,1,12960,3240,29.390432098765437,54.97496700286865,0.9256172839506172,0.9225299739037784,0.9255141806727044,0.925414364640884,0.9305555555555556,0.92797783933518,360,0.9640883977900552,0.9694444444444444,0.9667590027700832,360,0.9037433155080212,0.9388888888888888,0.9209809264305178,360,0.8865248226950354,0.8333333333333334,0.8591065292096219,300,0.96,0.96,0.96,300,0.920704845814978,0.8708333333333333,0.8950749464668094,240,0.9063545150501672,0.9033333333333332,0.9048414023372288,300,XGBoost,Image,,0.9487870619946092,0.9777777777777776,0.963064295485636,360.0,0.8407643312101911,0.88,0.8599348534201955,300.0,0.982808022922636,0.9527777777777776,0.9675599435825106,360.0
XGBoost_Image,symmetric,0.3,2,12960,3240,29.791666666666668,55.11601686477661,0.9302469135802468,0.9281122802478552,0.9300787662812424,0.927027027027027,0.9527777777777776,0.9397260273972604,360,0.940379403794038,0.9638888888888888,0.9519890260631,360,0.904632152588556,0.9222222222222224,0.9133425034387896,360,0.9047619047619048,0.8866666666666667,0.8956228956228957,300,0.9531772575250836,0.95,0.9515859766277128,300,0.892,0.9291666666666668,0.9102040816326532,240,0.9166666666666666,0.88,0.8979591836734694,300,XGBoost,Image,,0.9456521739130436,0.9666666666666668,0.956043956043956,360.0,0.925531914893617,0.87,0.8969072164948454,300.0,0.9773371104815864,0.9583333333333334,0.967741935483871,360.0
XGBoost_Image,symmetric,0.3,3,12960,3240,29.28240740740741,58.11272144317627,0.9262345679012346,0.9221621317665882,0.9258252717368058,0.9193548387096774,0.95,0.9344262295081968,360,0.9752747252747253,0.9861111111111112,0.9806629834254144,360,0.9146666666666666,0.9527777777777776,0.9333333333333332,360,0.8714285714285714,0.8133333333333334,0.8413793103448276,300,0.9315960912052116,0.9533333333333334,0.942339373970346,300,0.8934426229508197,0.9083333333333332,0.9008264462809916,240,0.9110320284697508,0.8533333333333334,0.8812392426850258,300,XGBoost,Image,,0.9538043478260868,0.975,0.9642857142857144,360.0,0.867109634551495,0.87,0.8685524126455907,300.0,0.9913793103448276,0.9583333333333334,0.9745762711864406,360.0
XGBoost_Image,symmetric,0.3,4,12960,3240,30.27777777777777,58.412768602371216,0.9185185185185184,0.9152125464817832,0.9181360099788596,0.903485254691689,0.9361111111111112,0.9195088676671214,360,0.9408602150537636,0.9722222222222222,0.9562841530054644,360,0.8923884514435696,0.9444444444444444,0.9176788124156544,360,0.8836363636363637,0.81,0.8452173913043478,300,0.9496644295302014,0.9433333333333334,0.9464882943143812,300,0.927927927927928,0.8583333333333333,0.8917748917748918,240,0.910958904109589,0.8866666666666667,0.8986486486486487,300,XGBoost,Image,,0.9333333333333332,0.9722222222222222,0.9523809523809524,360.0,0.8524590163934426,0.8666666666666667,0.859504132231405,300.0,0.9827089337175792,0.9472222222222222,0.9646393210749646,360.0
XGBoost_Image,symmetric,0.4,0,12960,3240,39.513888888888886,60.8069212436676,0.915432098765432,0.9116538155752332,0.9150930034863256,0.9108108108108108,0.9361111111111112,0.9232876712328768,360,0.9696132596685084,0.975,0.9722991689750692,360,0.9108108108108108,0.9361111111111112,0.9232876712328768,360,0.8436482084690554,0.8633333333333333,0.8533772652388797,300,0.9269102990033222,0.93,0.9284525790349416,300,0.9063829787234042,0.8875,0.8968421052631579,240,0.8907849829351536,0.87,0.8802698145025295,300,XGBoost,Image,,0.9299191374663072,0.9583333333333334,0.9439124487004104,360.0,0.8628158844765343,0.7966666666666666,0.82842287694974,300.0,0.9745762711864406,0.9583333333333334,0.9663865546218487,360.0
XGBoost_Image,symmetric,0.4,1,12960,3240,40.08487654320987,57.64578938484192,0.910493827160494,0.9072770502175416,0.9104407516454784,0.9090909090909092,0.9166666666666666,0.9128630705394192,360,0.9553072625698324,0.95,0.9526462395543176,360,0.8736842105263158,0.9222222222222224,0.8972972972972973,360,0.8884892086330936,0.8233333333333334,0.8546712802768166,300,0.95578231292517,0.9366666666666666,0.9461279461279462,300,0.8677685950413223,0.875,0.8713692946058091,240,0.8847457627118644,0.87,0.8773109243697479,300,XGBoost,Image,,0.940379403794038,0.9638888888888888,0.9519890260631,360.0,0.8409090909090909,0.8633333333333333,0.8519736842105263,300.0,0.9660056657223796,0.9472222222222222,0.9565217391304348,360.0
XGBoost_Image,symmetric,0.4,2,12960,3240,39.41358024691358,60.83871650695801,0.9212962962962964,0.9182188974237292,0.921130259644905,0.9307479224376732,0.9333333333333332,0.9320388349514565,360,0.94579945799458,0.9694444444444444,0.9574759945130316,360,0.8986666666666666,0.9361111111111112,0.9170068027210884,360,0.9028776978417268,0.8366666666666667,0.8685121107266436,300,0.9366666666666666,0.9366666666666666,0.9366666666666666,300,0.8604651162790697,0.925,0.891566265060241,240,0.9184397163120568,0.8633333333333333,0.8900343642611683,300,XGBoost,Image,,0.9427792915531336,0.9611111111111112,0.951856946354883,360.0,0.8708609271523179,0.8766666666666667,0.8737541528239202,300.0,0.9798850574712644,0.9472222222222222,0.963276836158192,360.0
XGBoost_Image,symmetric,0.4,3,12960,3240,39.96141975308642,60.884458780288696,0.9089506172839508,0.9040162750642956,0.9081550616049656,0.9059139784946236,0.9361111111111112,0.9207650273224044,360,0.946524064171123,0.9833333333333332,0.9645776566757494,360,0.8979057591623036,0.9527777777777776,0.9245283018867924,360,0.8536585365853658,0.8166666666666667,0.8347529812606473,300,0.9076433121019108,0.95,0.9283387622149836,300,0.8846153846153846,0.8625,0.8734177215189873,240,0.8933823529411765,0.81,0.8496503496503497,300,XGBoost,Image,,0.927027027027027,0.9527777777777776,0.9397260273972604,360.0,0.8631578947368421,0.82,0.841025641025641,300.0,0.9771428571428572,0.95,0.9633802816901408,360.0
XGBoost_Image,symmetric,0.4,4,12960,3240,40.223765432098766,60.94331979751587,0.909567901234568,0.9058339913389032,0.9091096798326544,0.9081081081081082,0.9333333333333332,0.9205479452054794,360,0.935656836461126,0.9694444444444444,0.9522510231923602,360,0.8835978835978836,0.9277777777777778,0.9051490514905148,360,0.8901515151515151,0.7833333333333333,0.8333333333333334,300,0.9117647058823528,0.93,0.9207920792079208,300,0.8888888888888888,0.8666666666666667,0.8776371308016878,240,0.8934707903780069,0.8666666666666667,0.8798646362098139,300,XGBoost,Image,,0.9291553133514986,0.9472222222222222,0.938101788170564,360.0,0.8548387096774194,0.8833333333333333,0.8688524590163934,300.0,0.9798270893371758,0.9444444444444444,0.9618104667609618,360.0
XGBoost_Image,asymmetric,0.0,0,12960,3240,0.0,29.22675371170044,0.9382716049382716,0.935658654021686,0.9381971566240912,0.924119241192412,0.9472222222222222,0.935528120713306,360,0.9886363636363636,0.9666666666666668,0.9775280898876404,360,0.9320652173913044,0.9527777777777776,0.9423076923076924,360,0.8662207357859532,0.8633333333333333,0.8647746243739566,300,0.950657894736842,0.9633333333333334,0.956953642384106,300,0.9156626506024096,0.95,0.9325153374233128,240,0.9054054054054054,0.8933333333333333,0.8993288590604027,300,XGBoost,Image,,0.9721448467966574,0.9694444444444444,0.9707927677329624,360.0,0.9125874125874126,0.87,0.8907849829351536,300.0,0.988826815642458,0.9833333333333332,0.9860724233983288,360.0
XGBoost_Image,asymmetric,0.0,1,12960,3240,0.0,32.49374318122864,0.9407407407407408,0.9381876533583078,0.9405994017711604,0.9497206703910616,0.9444444444444444,0.947075208913649,360,0.9616438356164384,0.975,0.9682758620689657,360,0.9066666666666666,0.9444444444444444,0.9251700680272108,360,0.9017543859649124,0.8566666666666667,0.8786324786324786,300,0.9701986754966888,0.9766666666666668,0.973421926910299,300,0.9152542372881356,0.9,0.907563025210084,240,0.935374149659864,0.9166666666666666,0.925925925925926,300,XGBoost,Image,,0.962059620596206,0.9861111111111112,0.9739368998628258,360.0,0.898360655737705,0.9133333333333332,0.905785123966942,300.0,0.9886039886039886,0.9638888888888888,0.9760900140646976,360.0
XGBoost_Image,asymmetric,0.0,2,12960,3240,0.0,32.57255721092224,0.9410493827160494,0.9394035667132836,0.940931882666803,0.9276139410187668,0.9611111111111112,0.9440654843110504,360,0.951219512195122,0.975,0.9629629629629628,360,0.9122340425531916,0.9527777777777776,0.9320652173913044,360,0.9251700680272108,0.9066666666666666,0.915824915824916,300,0.9534883720930232,0.9566666666666668,0.9550748752079868,300,0.9333333333333332,0.9333333333333332,0.9333333333333332,240,0.9458483754512635,0.8733333333333333,0.9081455805892548,300,XGBoost,Image,,0.961218836565097,0.9638888888888888,0.9625520110957004,360.0,0.9096989966555185,0.9066666666666666,0.9081803005008348,300.0,0.9857142857142858,0.9583333333333334,0.971830985915493,360.0
XGBoost_Image,asymmetric,0.0,3,12960,3240,0.0,32.31929564476013,0.9314814814814816,0.9280885584118452,0.9311812956902084,0.9347826086956522,0.9555555555555556,0.945054945054945,360,0.9672131147540984,0.9833333333333332,0.975206611570248,360,0.9234972677595628,0.9388888888888888,0.931129476584022,360,0.8720538720538721,0.8633333333333333,0.8676716917922948,300,0.9285714285714286,0.9533333333333334,0.9407894736842104,300,0.8924302788844621,0.9333333333333332,0.9124236252545824,240,0.9257950530035336,0.8733333333333333,0.8987993138936535,300,XGBoost,Image,,0.953551912568306,0.9694444444444444,0.9614325068870524,360.0,0.8971631205673759,0.8433333333333334,0.8694158075601375,300.0,0.9886685552407932,0.9694444444444444,0.9789621318373072,360.0
XGBoost_Image,asymmetric,0.0,4,12960,3240,0.0,32.50390720367432,0.9354938271604938,0.9329371477785688,0.9353573444815416,0.9195710455764076,0.9527777777777776,0.9358799454297408,360,0.9672131147540984,0.9833333333333332,0.975206611570248,360,0.9245283018867924,0.9527777777777776,0.9384404924760602,360,0.9081272084805654,0.8566666666666667,0.8816466552315609,300,0.9348534201954396,0.9566666666666668,0.9456342668863262,300,0.9393939393939394,0.9041666666666668,0.921443736730361,240,0.9143835616438356,0.89,0.902027027027027,300,XGBoost,Image,,0.9583333333333334,0.9583333333333334,0.9583333333333334,360.0,0.8831168831168831,0.9066666666666666,0.8947368421052632,300.0,0.991404011461318,0.9611111111111112,0.9760225669957688,360.0
XGBoost_Image,asymmetric,0.1,0,12960,3240,10.339506172839506,46.271061182022095,0.9348765432098766,0.931733263946522,0.9347044003707432,0.9438202247191012,0.9333333333333332,0.9385474860335196,360,0.9831932773109244,0.975,0.9790794979079498,360,0.926829268292683,0.95,0.9382716049382716,360,0.8775510204081632,0.86,0.8686868686868687,300,0.9446254071661238,0.9666666666666668,0.9555189456342668,300,0.9279661016949152,0.9125,0.9201680672268908,240,0.8870431893687708,0.89,0.8885191347753744,300,XGBoost,Image,,0.9643835616438357,0.9777777777777776,0.9710344827586208,360.0,0.8873720136518771,0.8666666666666667,0.8768971332209107,300.0,0.9779005524861878,0.9833333333333332,0.9806094182825484,360.0
XGBoost_Image,asymmetric,0.1,1,12960,3240,10.501543209876544,46.27269053459168,0.9314814814814816,0.9284583082739332,0.9310464864973964,0.952112676056338,0.9388888888888888,0.9454545454545454,360,0.9561643835616438,0.9694444444444444,0.9627586206896552,360,0.89501312335958,0.9472222222222222,0.9203778677462888,360,0.9067164179104478,0.81,0.8556338028169014,300,0.939297124600639,0.98,0.9592169657422512,300,0.9307359307359307,0.8958333333333334,0.9129511677282378,240,0.918918918918919,0.9066666666666666,0.912751677852349,300,XGBoost,Image,,0.9463806970509384,0.9805555555555556,0.9631650750341064,360.0,0.8717105263157895,0.8833333333333333,0.8774834437086093,300.0,0.9830508474576272,0.9666666666666668,0.9747899159663864,360.0
XGBoost_Image,asymmetric,0.1,2,12960,3240,10.123456790123456,46.07480692863464,0.934567901234568,0.9316261110193388,0.9342871014009396,0.9405405405405406,0.9666666666666668,0.9534246575342464,360,0.947945205479452,0.9611111111111112,0.9544827586206897,360,0.9090909090909092,0.9444444444444444,0.9264305177111716,360,0.9143835616438356,0.89,0.902027027027027,300,0.9385113268608414,0.9666666666666668,0.9523809523809524,300,0.9098712446351932,0.8833333333333333,0.8964059196617337,240,0.9347826086956522,0.86,0.8958333333333334,300,XGBoost,Image,,0.94579945799458,0.9694444444444444,0.9574759945130316,360.0,0.906040268456376,0.9,0.903010033444816,300.0,0.9830508474576272,0.9666666666666668,0.9747899159663864,360.0
XGBoost_Image,asymmetric,0.1,3,12960,3240,9.62962962962963,45.6948356628418,0.9256172839506172,0.921784611645943,0.92520444649,0.9162162162162162,0.9416666666666668,0.9287671232876712,360,0.9594594594594594,0.9861111111111112,0.9726027397260274,360,0.9264305177111716,0.9444444444444444,0.9353507565337,360,0.8794326241134752,0.8266666666666667,0.852233676975945,300,0.9085173501577288,0.96,0.93354943273906,300,0.8861788617886179,0.9083333333333332,0.897119341563786,240,0.902439024390244,0.8633333333333333,0.8824531516183987,300,XGBoost,Image,,0.9405405405405406,0.9666666666666668,0.9534246575342464,360.0,0.908450704225352,0.86,0.8835616438356164,300.0,0.9971181556195964,0.9611111111111112,0.9787835926449788,360.0
XGBoost_Image,asymmetric,0.1,4,12960,3240,10.15432098765432,46.10806703567505,0.9395061728395062,0.937504878180054,0.9393442122538984,0.9197860962566844,0.9555555555555556,0.9373297002724796,360,0.9642857142857144,0.975,0.9696132596685084,360,0.9322493224932248,0.9555555555555556,0.943758573388203,360,0.912280701754386,0.8666666666666667,0.8888888888888888,300,0.9389067524115756,0.9733333333333334,0.955810147299509,300,0.96,0.9,0.9290322580645162,240,0.9333333333333332,0.8866666666666667,0.9094017094017094,300,XGBoost,Image,,0.9480874316939892,0.9638888888888888,0.955922865013774,360.0,0.8945686900958466,0.9333333333333332,0.9135399673735726,300.0,0.9885057471264368,0.9555555555555556,0.9717514124293786,360.0
XGBoost_Image,asymmetric,0.2,0,12960,3240,20.66358024691358,52.142353773117065,0.9209876543209876,0.9180865550842816,0.920893485543344,0.925414364640884,0.9305555555555556,0.92797783933518,360,0.963172804532578,0.9444444444444444,0.9537166900420756,360,0.9037433155080212,0.9388888888888888,0.9209809264305178,360,0.8795986622073578,0.8766666666666667,0.8781302170283807,300,0.9155844155844156,0.94,0.9276315789473684,300,0.9004149377593361,0.9041666666666668,0.9022869022869024,240,0.8873720136518771,0.8666666666666667,0.8768971332209107,300,XGBoost,Image,,0.9442896935933148,0.9416666666666668,0.9429763560500696,360.0,0.8831615120274914,0.8566666666666667,0.8697123519458545,300.0,0.9805555555555556,0.9805555555555556,0.9805555555555556,360.0
XGBoost_Image,asymmetric,0.2,1,12960,3240,20.2391975308642,52.01989006996155,0.9151234567901234,0.9116878991034708,0.914801763383544,0.9287671232876712,0.9416666666666668,0.9351724137931036,360,0.9555555555555556,0.9555555555555556,0.9555555555555556,360,0.8882978723404256,0.9277777777777778,0.907608695652174,360,0.8741007194244604,0.81,0.8408304498269896,300,0.9153094462540716,0.9366666666666666,0.9258649093904447,300,0.9162995594713657,0.8666666666666667,0.8907922912205567,240,0.8874172185430463,0.8933333333333333,0.8903654485049833,300,XGBoost,Image,,0.9375,0.9583333333333334,0.9478021978021978,360.0,0.8633333333333333,0.8633333333333333,0.8633333333333333,300.0,0.9635854341736696,0.9555555555555556,0.9595536959553695,360.0
XGBoost_Image,asymmetric,0.2,2,12960,3240,19.405864197530864,48.23000121116638,0.9308641975308642,0.9284503885279468,0.930613440280819,0.9371584699453552,0.9527777777777776,0.9449035812672176,360,0.9402173913043478,0.9611111111111112,0.9505494505494504,360,0.9037433155080212,0.9388888888888888,0.9209809264305178,360,0.9293286219081272,0.8766666666666667,0.902229845626072,300,0.9150943396226416,0.97,0.941747572815534,300,0.9457013574660632,0.8708333333333333,0.9067245119305856,240,0.910958904109589,0.8866666666666667,0.8986486486486487,300,XGBoost,Image,,0.9529085872576176,0.9555555555555556,0.954230235783634,360.0,0.9023569023569024,0.8933333333333333,0.897822445561139,300.0,0.9666666666666668,0.9666666666666668,0.9666666666666668,360.0
XGBoost_Image,asymmetric,0.2,3,12960,3240,19.945987654320987,48.313321352005005,0.9052469135802468,0.9011595071060584,0.9047570627967962,0.9166666666666666,0.9472222222222222,0.9316939890710384,360,0.9583333333333334,0.9583333333333334,0.9583333333333334,360,0.8986301369863013,0.9111111111111112,0.9048275862068964,360,0.8239202657807309,0.8266666666666667,0.8252911813643927,300,0.9053627760252366,0.9566666666666668,0.9303079416531604,300,0.8974358974358975,0.875,0.8860759493670886,240,0.895910780669145,0.8033333333333333,0.8471001757469244,300,XGBoost,Image,,0.9029649595687332,0.9305555555555556,0.9165526675786594,360.0,0.8493150684931506,0.8266666666666667,0.8378378378378378,300.0,0.9749303621169916,0.9722222222222222,0.9735744089012516,360.0
XGBoost_Image,asymmetric,0.2,4,12960,3240,19.33641975308642,51.44224214553833,0.9157407407407409,0.9123571252525998,0.9153907115497888,0.9117647058823528,0.9472222222222222,0.9291553133514986,360,0.957983193277311,0.95,0.9539748953974896,360,0.8955613577023499,0.9527777777777776,0.9232839838492598,360,0.8929889298892989,0.8066666666666666,0.8476357267950964,300,0.9044585987261148,0.9466666666666668,0.9250814332247556,300,0.9369369369369368,0.8666666666666667,0.9004329004329005,240,0.8943661971830986,0.8466666666666667,0.8698630136986302,300,XGBoost,Image,,0.9264305177111716,0.9444444444444444,0.9353507565337,360.0,0.8449367088607594,0.89,0.8668831168831169,300.0,0.9829545454545454,0.9611111111111112,0.9719101123595506,360.0
XGBoost_Image,asymmetric,0.3,0,12960,3240,30.10030864197531,51.56056523323059,0.8716049382716049,0.8695173465947231,0.8717022125866558,0.8333333333333334,0.8888888888888888,0.8602150537634409,360,0.9300291545189504,0.8861111111111111,0.907539118065434,360,0.8582677165354331,0.9083333333333332,0.8825910931174089,360,0.845360824742268,0.82,0.8324873096446701,300,0.8870967741935484,0.9166666666666666,0.9016393442622952,300,0.8755364806866953,0.85,0.8625792811839323,240,0.8229508196721311,0.8366666666666667,0.8297520661157025,300,XGBoost,Image,,0.904225352112676,0.8916666666666667,0.8979020979020979,360.0,0.8169491525423729,0.8033333333333333,0.8100840336134454,300.0,0.932944606413994,0.8888888888888888,0.9103840682788052,360.0
XGBoost_Image,asymmetric,0.3,1,12960,3240,29.390432098765437,51.47459316253662,0.875,0.8706672860305311,0.8745388979565589,0.8904109589041096,0.9027777777777778,0.896551724137931,360,0.9269662921348316,0.9166666666666666,0.9217877094972068,360,0.8563829787234043,0.8944444444444445,0.875,360,0.8297101449275363,0.7633333333333333,0.7951388888888888,300,0.8650306748466258,0.94,0.9009584664536742,300,0.8873239436619719,0.7875,0.8344370860927153,240,0.8441558441558441,0.8666666666666667,0.8552631578947368,300,XGBoost,Image,,0.907563025210084,0.9,0.9037656903765692,360.0,0.7894736842105263,0.8,0.7947019867549668,300.0,0.9303621169916436,0.9277777777777778,0.9290681502086232,360.0
XGBoost_Image,asymmetric,0.3,2,12960,3240,29.791666666666668,51.143030643463135,0.8790123456790123,0.8751747234668483,0.8785753251885093,0.8743455497382199,0.9277777777777778,0.9002695417789758,360,0.9141274238227148,0.9166666666666666,0.9153952843273232,360,0.8715846994535519,0.8861111111111111,0.8787878787878788,360,0.8321917808219178,0.81,0.8209459459459459,300,0.8844884488448845,0.8933333333333333,0.8888888888888888,300,0.8396624472573839,0.8291666666666667,0.8343815513626834,240,0.8596491228070176,0.8166666666666667,0.8376068376068376,300,XGBoost,Image,,0.8865435356200527,0.9333333333333332,0.9093369418132612,360.0,0.8848920863309353,0.82,0.8512110726643599,300.0,0.9187675070028012,0.9111111111111112,0.9149232914923292,360.0
XGBoost_Image,asymmetric,0.3,3,12960,3240,29.28240740740741,54.69104623794556,0.8672839506172839,0.8620334454620473,0.8660659600619849,0.8828337874659401,0.9,0.8913342503438789,360,0.9111111111111112,0.9111111111111112,0.9111111111111112,360,0.8485639686684073,0.9027777777777778,0.8748317631224765,360,0.8156028368794326,0.7666666666666667,0.7903780068728522,300,0.8593272171253823,0.9366666666666666,0.8963317384370016,300,0.8546255506607929,0.8083333333333333,0.8308351177730193,240,0.8338983050847457,0.82,0.826890756302521,300,XGBoost,Image,,0.9054054054054054,0.9305555555555556,0.9178082191780822,360.0,0.8443579766536965,0.7233333333333334,0.7791741472172352,300.0,0.8870967741935484,0.9166666666666666,0.9016393442622952,360.0
XGBoost_Image,asymmetric,0.3,4,12960,3240,30.27777777777777,54.75310301780701,0.8555555555555555,0.8507664630972812,0.8547130030212634,0.8712328767123287,0.8833333333333333,0.8772413793103448,360,0.8934426229508197,0.9083333333333332,0.9008264462809916,360,0.8467741935483871,0.875,0.860655737704918,360,0.8211678832116789,0.75,0.7839721254355401,300,0.8157099697885196,0.9,0.8557844690966719,300,0.8603603603603603,0.7958333333333333,0.8268398268398268,240,0.8368794326241135,0.7866666666666666,0.8109965635738832,300,XGBoost,Image,,0.88,0.9166666666666666,0.8979591836734694,360.0,0.8048780487804879,0.77,0.787052810902896,300.0,0.8989071038251366,0.9138888888888888,0.90633608815427,360.0
XGBoost_Image,asymmetric,0.4,0,12960,3240,39.513888888888886,52.86017227172852,0.7419753086419754,0.7378274057460339,0.7418130537610056,0.7571059431524548,0.8138888888888889,0.784471218206158,360,0.8438438438438438,0.7805555555555556,0.810966810966811,360,0.7419354838709677,0.7666666666666667,0.7540983606557377,360,0.6734006734006734,0.6666666666666666,0.6700167504187605,300,0.7264150943396226,0.77,0.7475728155339806,300,0.708502024291498,0.7291666666666666,0.7186858316221766,240,0.7609427609427609,0.7533333333333333,0.7571189279731994,300,XGBoost,Image,,0.8150470219435737,0.7222222222222222,0.7658321060382917,360.0,0.6132404181184669,0.5866666666666667,0.5996592844974447,300.0,0.7467362924281984,0.7944444444444444,0.7698519515477793,360.0
XGBoost_Image,asymmetric,0.4,1,12960,3240,40.08487654320987,52.76243782043457,0.7148148148148148,0.7099766567744444,0.714616982145886,0.7810026385224275,0.8222222222222222,0.8010825439783491,360,0.8133333333333334,0.6777777777777778,0.7393939393939394,360,0.6573604060913706,0.7194444444444444,0.6870026525198939,360,0.6,0.6,0.6,300,0.71875,0.7666666666666667,0.7419354838709677,300,0.6888888888888889,0.6458333333333334,0.6666666666666666,240,0.7457044673539519,0.7233333333333334,0.7343485617597293,300,XGBoost,Image,,0.7809798270893372,0.7527777777777778,0.7666195190947667,360.0,0.6026936026936027,0.5966666666666667,0.5996649916247906,300.0,0.7364341085271318,0.7916666666666666,0.7630522088353414,360.0
XGBoost_Image,asymmetric,0.4,2,12960,3240,39.41358024691358,53.073118686676025,0.7441358024691358,0.7397603807062669,0.7430644585095529,0.7331606217616581,0.7861111111111111,0.7587131367292225,360,0.7784090909090909,0.7611111111111111,0.7696629213483146,360,0.731829573934837,0.8111111111111111,0.769433465085639,360,0.7176470588235294,0.61,0.6594594594594595,300,0.7150997150997151,0.8366666666666667,0.7711213517665131,300,0.7735849056603774,0.6833333333333333,0.7256637168141593,240,0.7392857142857143,0.69,0.7137931034482758,300,XGBoost,Image,,0.8057142857142857,0.7833333333333333,0.7943661971830986,360.0,0.6655518394648829,0.6633333333333333,0.664440734557596,300.0,0.7752808988764045,0.7666666666666667,0.770949720670391,360.0
XGBoost_Image,asymmetric,0.4,3,12960,3240,39.96141975308642,56.379844665527344,0.7126543209876544,0.7047052281150441,0.7101476578870243,0.7532467532467533,0.8055555555555556,0.7785234899328859,360,0.8149253731343283,0.7583333333333333,0.7856115107913669,360,0.7295285359801489,0.8166666666666667,0.7706422018348624,360,0.642023346303502,0.55,0.59245960502693,300,0.6910569105691057,0.85,0.7623318385650224,300,0.7255813953488373,0.65,0.6857142857142857,240,0.6895306859205776,0.6366666666666667,0.6620450606585788,300,XGBoost,Image,,0.7416413373860182,0.6777777777777778,0.7082728592162555,360.0,0.5594405594405595,0.5333333333333333,0.5460750853242321,300.0,0.7317708333333334,0.7805555555555556,0.7553763440860215,360.0
XGBoost_Image,asymmetric,0.4,4,12960,3240,40.223765432098766,52.91899037361145,0.7157407407407408,0.7100100876822241,0.7151675857247302,0.7052631578947368,0.7444444444444445,0.7243243243243244,360,0.7431693989071039,0.7555555555555555,0.7493112947658402,360,0.7153846153846154,0.775,0.744,360,0.684981684981685,0.6233333333333333,0.6527050610820244,300,0.726984126984127,0.7633333333333333,0.7447154471544716,300,0.6511627906976745,0.5833333333333334,0.6153846153846154,240,0.6879194630872483,0.6833333333333333,0.68561872909699,300,XGBoost,Image,,0.7780979827089337,0.75,0.7637906647807637,360.0,0.6498422712933754,0.6866666666666666,0.6677471636952999,300.0,0.775811209439528,0.7305555555555555,0.7525035765379113,360.0
Voting_Image,symmetric,0.0,0,12960,3240,0.0,75.70314884185791,0.937037037037037,0.9342662348388652,0.936873849151715,0.9266304347826086,0.9472222222222222,0.9368131868131868,360,0.9803921568627452,0.9722222222222222,0.9762900976290098,360,0.922043010752688,0.9527777777777776,0.9371584699453552,360,0.8682432432432432,0.8566666666666667,0.8624161073825504,300,0.9415584415584416,0.9666666666666668,0.9539473684210528,300,0.9224489795918368,0.9416666666666668,0.931958762886598,240,0.9078498293515358,0.8866666666666667,0.897133220910624,300,Voting,Image,,0.9775910364145658,0.9694444444444444,0.9735006973500696,360.0,0.9090909090909092,0.8666666666666667,0.8873720136518771,300.0,0.988826815642458,0.9833333333333332,0.9860724233983288,360.0
Voting_Image,symmetric,0.0,1,12960,3240,0.0,79.54459547996521,0.9395061728395062,0.9370250121796448,0.9393764282932996,0.9497206703910616,0.9444444444444444,0.947075208913649,360,0.9538043478260868,0.975,0.9642857142857144,360,0.906166219839142,0.9388888888888888,0.922237380627558,360,0.9081272084805654,0.8566666666666667,0.8816466552315609,300,0.973421926910299,0.9766666666666668,0.9750415973377704,300,0.9113924050632912,0.9,0.9056603773584906,240,0.9324324324324323,0.92,0.9261744966442952,300,Voting,Image,,0.962059620596206,0.9861111111111112,0.9739368998628258,360.0,0.8921568627450981,0.91,0.900990099009901,300.0,0.988538681948424,0.9583333333333334,0.9732016925246828,360.0
Voting_Image,symmetric,0.0,2,12960,3240,0.0,79.54463815689087,0.9407407407407408,0.9390544941037808,0.940633025896617,0.9351351351351352,0.9611111111111112,0.947945205479452,360,0.948509485094851,0.9722222222222222,0.9602194787379972,360,0.9081364829396326,0.9611111111111112,0.9338731443994602,360,0.9283276450511946,0.9066666666666666,0.9173693086003372,300,0.9442622950819672,0.96,0.9520661157024792,300,0.9333333333333332,0.9333333333333332,0.9333333333333332,240,0.9490909090909092,0.87,0.9078260869565218,300,Voting,Image,,0.9636871508379888,0.9583333333333334,0.9610027855153204,360.0,0.903654485049834,0.9066666666666666,0.9051580698835274,300.0,0.9885057471264368,0.9555555555555556,0.9717514124293786,360.0
Voting_Image,symmetric,0.0,3,12960,3240,0.0,79.75839185714722,0.9287037037037036,0.9248767923898574,0.9283213258668078,0.9272237196765498,0.9555555555555556,0.9411764705882352,360,0.9645776566757494,0.9833333333333332,0.9738651994497936,360,0.9164420485175202,0.9444444444444444,0.9302325581395348,360,0.8767123287671232,0.8533333333333334,0.8648648648648649,300,0.9255663430420712,0.9533333333333334,0.9392446633825944,300,0.8804780876494024,0.9208333333333332,0.90020366598778,240,0.927797833935018,0.8566666666666667,0.8908145580589255,300,Voting,Image,,0.9510869565217392,0.9722222222222222,0.9615384615384616,360.0,0.8939929328621908,0.8433333333333334,0.8679245283018868,300.0,0.9914529914529916,0.9666666666666668,0.978902953586498,360.0
Voting_Image,symmetric,0.0,4,12960,3240,0.0,80.53940463066101,0.9342592592592592,0.9317304567341976,0.9340200411512712,0.9243243243243244,0.95,0.936986301369863,360,0.959349593495935,0.9833333333333332,0.97119341563786,360,0.9175531914893617,0.9583333333333334,0.9375,360,0.9130434782608696,0.84,0.875,300,0.9294871794871796,0.9666666666666668,0.9477124183006536,300,0.9475982532751092,0.9041666666666668,0.9253731343283582,240,0.9236111111111112,0.8866666666666667,0.9047619047619048,300,Voting,Image,,0.9529085872576176,0.9555555555555556,0.954230235783634,360.0,0.8741935483870967,0.9033333333333332,0.8885245901639345,300.0,0.991404011461318,0.9611111111111112,0.9760225669957688,360.0
Voting_Image,symmetric,0.1,0,12960,3240,10.339506172839506,101.49540448188782,0.9367283950617284,0.9338437585687702,0.936537426035795,0.9281767955801103,0.9333333333333332,0.9307479224376732,360,0.9807162534435262,0.9888888888888888,0.9847856154910096,360,0.9098143236074272,0.9527777777777776,0.9308005427408412,360,0.8896551724137931,0.86,0.8745762711864407,300,0.941747572815534,0.97,0.955665024630542,300,0.925,0.925,0.925,240,0.8986486486486487,0.8866666666666667,0.8926174496644296,300,Voting,Image,,0.9802816901408452,0.9666666666666668,0.9734265734265736,360.0,0.9,0.87,0.8847457627118644,300.0,0.988826815642458,0.9833333333333332,0.9860724233983288,360.0
Voting_Image,symmetric,0.1,1,12960,3240,10.501543209876544,101.97445249557497,0.9395061728395062,0.9368734437908732,0.9394146174910756,0.9473684210526316,0.95,0.9486823855755896,360,0.9615384615384616,0.9722222222222222,0.9668508287292816,360,0.9,0.95,0.9243243243243244,360,0.90625,0.87,0.8877551020408163,300,0.9667774086378738,0.97,0.9683860232945092,300,0.907563025210084,0.9,0.9037656903765692,240,0.9444444444444444,0.9066666666666666,0.9251700680272108,300,Voting,Image,,0.9594594594594594,0.9861111111111112,0.9726027397260274,360.0,0.893687707641196,0.8966666666666666,0.8951747088186356,300.0,0.991404011461318,0.9611111111111112,0.9760225669957688,360.0
Voting_Image,symmetric,0.1,2,12960,3240,10.123456790123456,100.71906876564026,0.9388888888888888,0.936949026113935,0.9387416532996932,0.9351351351351352,0.9611111111111112,0.947945205479452,360,0.9486486486486486,0.975,0.9616438356164384,360,0.9,0.95,0.9243243243243244,360,0.9305555555555556,0.8933333333333333,0.91156462585034,300,0.9442622950819672,0.96,0.9520661157024792,300,0.9291666666666668,0.9291666666666668,0.9291666666666668,240,0.9416058394160584,0.86,0.8989547038327527,300,Voting,Image,,0.9667590027700832,0.9694444444444444,0.9680998613037448,360.0,0.8980263157894737,0.91,0.9039735099337748,300.0,0.9885057471264368,0.9555555555555556,0.9717514124293786,360.0
Voting_Image,symmetric,0.1,3,12960,3240,9.62962962962963,101.20970344543456,0.9274691358024691,0.9235908796149632,0.9270827234600963,0.9171122994652406,0.9527777777777776,0.9346049046321526,360,0.9595687331536388,0.9888888888888888,0.9740082079343364,360,0.9110512129380054,0.9388888888888888,0.9247606019151848,360,0.8932384341637011,0.8366666666666667,0.8640275387263339,300,0.9290322580645162,0.96,0.9442622950819672,300,0.875,0.9041666666666668,0.889344262295082,240,0.9142857142857144,0.8533333333333334,0.8827586206896552,300,Voting,Image,,0.9509536784741144,0.9694444444444444,0.9601100412654744,360.0,0.8969072164948454,0.87,0.883248730964467,300.0,0.9971181556195964,0.9611111111111112,0.9787835926449788,360.0
Voting_Image,symmetric,0.1,4,12960,3240,10.15432098765432,101.21073865890504,0.9351851851851852,0.9329369853736847,0.9350810064705836,0.927027027027027,0.9527777777777776,0.9397260273972604,360,0.9513513513513514,0.9777777777777776,0.9643835616438357,360,0.9287671232876712,0.9416666666666668,0.9351724137931036,360,0.9017543859649124,0.8566666666666667,0.8786324786324786,300,0.9356913183279744,0.97,0.9525368248772504,300,0.9391304347826088,0.9,0.9191489361702128,240,0.9379310344827586,0.9066666666666666,0.9220338983050848,300,Voting,Image,,0.9505494505494504,0.9611111111111112,0.9558011049723756,360.0,0.8745980707395499,0.9066666666666666,0.8903436988543372,300.0,0.994186046511628,0.95,0.9715909090909092,360.0
Voting_Image,symmetric,0.2,0,12960,3240,20.66358024691358,108.32416582107544,0.9320987654320988,0.9292107634260772,0.9320642266748498,0.9281767955801103,0.9333333333333332,0.9307479224376732,360,0.9750692520775625,0.9777777777777776,0.9764216366158114,360,0.9066666666666666,0.9444444444444444,0.9251700680272108,360,0.8675496688741722,0.8733333333333333,0.8704318936877077,300,0.935483870967742,0.9666666666666668,0.9508196721311476,300,0.896414342629482,0.9375,0.9164969450101832,240,0.921146953405018,0.8566666666666667,0.8877374784110535,300,Voting,Image,,0.980225988700565,0.9638888888888888,0.9719887955182072,360.0,0.8851351351351351,0.8733333333333333,0.8791946308724832,300.0,0.9971428571428572,0.9694444444444444,0.9830985915492958,360.0
Voting_Image,symmetric,0.2,1,12960,3240,20.2391975308642,107.36816263198853,0.933641975308642,0.9308027103541034,0.933525548497949,0.952247191011236,0.9416666666666668,0.946927374301676,360,0.9508196721311476,0.9666666666666668,0.9586776859504132,360,0.8926701570680629,0.9472222222222222,0.9191374663072776,360,0.9057971014492754,0.8333333333333334,0.8680555555555556,300,0.9511400651465798,0.9733333333333334,0.9621087314662272,300,0.9,0.9,0.9,240,0.938566552901024,0.9166666666666666,0.927487352445194,300,Voting,Image,,0.967032967032967,0.9777777777777776,0.9723756906077348,360.0,0.8673139158576052,0.8933333333333333,0.8801313628899836,300.0,0.9913544668587896,0.9555555555555556,0.9731258840169732,360.0
Voting_Image,symmetric,0.2,2,12960,3240,19.405864197530864,104.21892070770264,0.937037037037037,0.9351304634102264,0.9369679234641152,0.9301075268817204,0.9611111111111112,0.9453551912568308,360,0.9407008086253368,0.9694444444444444,0.9548563611491108,360,0.8994708994708994,0.9444444444444444,0.9214092140921408,360,0.9335664335664337,0.89,0.9112627986348124,300,0.9473684210526316,0.96,0.9536423841059604,300,0.9098360655737704,0.925,0.9173553719008264,240,0.9494584837545126,0.8766666666666667,0.9116117850953206,300,Voting,Image,,0.9693593314763232,0.9666666666666668,0.9680111265646733,360.0,0.8973509933774835,0.9033333333333332,0.9003322259136213,300.0,0.9855907780979828,0.95,0.9674681753889676,360.0
Voting_Image,symmetric,0.2,3,12960,3240,19.945987654320987,107.82982134819032,0.9234567901234568,0.91926438901937,0.9229467887842032,0.902116402116402,0.9472222222222222,0.924119241192412,360,0.956989247311828,0.9888888888888888,0.9726775956284152,360,0.9173333333333332,0.9555555555555556,0.9360544217687076,360,0.8833922261484098,0.8333333333333334,0.8576329331046312,300,0.9288025889967636,0.9566666666666668,0.942528735632184,300,0.8806584362139918,0.8916666666666667,0.8861283643892339,240,0.9163636363636364,0.84,0.8765217391304347,300,Voting,Image,,0.9455040871934604,0.9638888888888888,0.9546079779917468,360.0,0.8827586206896552,0.8533333333333334,0.8677966101694915,300.0,0.9913793103448276,0.9583333333333334,0.9745762711864406,360.0
Voting_Image,symmetric,0.2,4,12960,3240,19.33641975308642,107.92664933204652,0.9305555555555556,0.9280665928350256,0.9303769010126022,0.9074074074074074,0.9527777777777776,0.929539295392954,360,0.9564032697547684,0.975,0.9656121045392022,360,0.9052631578947368,0.9555555555555556,0.9297297297297298,360,0.922509225092251,0.8333333333333334,0.8756567425569177,300,0.9442622950819672,0.96,0.9520661157024792,300,0.9353448275862069,0.9041666666666668,0.9194915254237288,240,0.931899641577061,0.8666666666666667,0.8981001727115717,300,Voting,Image,,0.9530386740331492,0.9583333333333334,0.9556786703601108,360.0,0.8526645768025078,0.9066666666666666,0.8788368336025848,300.0,0.9942363112391932,0.9583333333333334,0.975954738330976,360.0
Voting_Image,symmetric,0.3,0,12960,3240,30.10030864197531,110.154953956604,0.9290123456790124,0.9264060577220424,0.9289781928244404,0.9273743016759776,0.9222222222222224,0.924791086350975,360,0.9666666666666668,0.9666666666666668,0.9666666666666668,360,0.8968253968253969,0.9416666666666668,0.91869918699187,360,0.8724137931034482,0.8433333333333334,0.8576271186440678,300,0.9504950495049505,0.96,0.9552238805970148,300,0.9282700421940928,0.9166666666666666,0.9224318658280922,240,0.8811881188118812,0.89,0.8855721393034826,300,Voting,Image,,0.9722222222222222,0.9722222222222222,0.9722222222222222,360.0,0.8791946308724832,0.8733333333333333,0.8762541806020067,300.0,0.9943342776203966,0.975,0.9845722300140252,360.0
Voting_Image,symmetric,0.3,1,12960,3240,29.390432098765437,107.56168603897096,0.9296296296296296,0.9265532487858849,0.9294269586256148,0.9387186629526464,0.9361111111111112,0.9374130737134908,360,0.9616438356164384,0.975,0.9682758620689657,360,0.9064171122994652,0.9416666666666668,0.9237057220708448,360,0.8853046594982079,0.8233333333333334,0.853195164075993,300,0.9638157894736842,0.9766666666666668,0.9701986754966888,300,0.925764192139738,0.8833333333333333,0.9040511727078892,240,0.9069767441860463,0.91,0.908485856905158,300,Voting,Image,,0.954054054054054,0.9805555555555556,0.9671232876712328,360.0,0.8488745980707395,0.88,0.8641571194762684,300.0,0.985632183908046,0.9527777777777776,0.9689265536723164,360.0
Voting_Image,symmetric,0.3,2,12960,3240,29.791666666666668,107.67540144920348,0.9358024691358025,0.9337985343694868,0.9357211157692796,0.9299191374663072,0.9583333333333334,0.9439124487004104,360,0.9405405405405406,0.9666666666666668,0.9534246575342464,360,0.908355795148248,0.9361111111111112,0.9220246238030096,360,0.911864406779661,0.8966666666666666,0.9042016806722688,300,0.9503311258278144,0.9566666666666668,0.9534883720930232,300,0.8928571428571429,0.9375,0.9146341463414634,240,0.9397163120567376,0.8833333333333333,0.9106529209621992,300,Voting,Image,,0.9613259668508288,0.9666666666666668,0.96398891966759,360.0,0.9201388888888888,0.8833333333333333,0.9013605442176872,300.0,0.9884726224783862,0.9527777777777776,0.9702970297029704,360.0
Voting_Image,symmetric,0.3,3,12960,3240,29.28240740740741,110.20842456817628,0.9246913580246914,0.9205581741406214,0.9242992713848156,0.9195710455764076,0.9527777777777776,0.9358799454297408,360,0.96986301369863,0.9833333333333332,0.976551724137931,360,0.9033942558746736,0.9611111111111112,0.9313593539703904,360,0.875886524822695,0.8233333333333334,0.8487972508591065,300,0.9290322580645162,0.96,0.9442622950819672,300,0.8921161825726142,0.8958333333333334,0.893970893970894,240,0.9136690647482014,0.8466666666666667,0.8788927335640139,300,Voting,Image,,0.9534246575342464,0.9666666666666668,0.96,360.0,0.862876254180602,0.86,0.8614357262103506,300.0,0.997093023255814,0.9527777777777776,0.9744318181818182,360.0
Voting_Image,symmetric,0.3,4,12960,3240,30.27777777777777,110.61928844451904,0.921604938271605,0.9185016346325876,0.921275440652354,0.9042553191489362,0.9444444444444444,0.9239130434782608,360,0.9432432432432432,0.9694444444444444,0.9561643835616438,360,0.8952879581151832,0.95,0.921832884097035,360,0.8933823529411765,0.81,0.8496503496503497,300,0.9405940594059404,0.95,0.945273631840796,300,0.9333333333333332,0.875,0.9032258064516128,240,0.9190140845070424,0.87,0.8938356164383562,300,Voting,Image,,0.938337801608579,0.9722222222222222,0.9549795361527968,360.0,0.8493589743589743,0.8833333333333333,0.8660130718954249,300.0,0.9941690962099126,0.9472222222222222,0.9701280227596016,360.0
Voting_Image,symmetric,0.4,0,12960,3240,39.513888888888886,112.87750577926636,0.9206790123456792,0.9169414172376508,0.920412314255976,0.9105691056910568,0.9333333333333332,0.9218106995884774,360,0.9694444444444444,0.9694444444444444,0.9694444444444444,360,0.9175531914893617,0.9583333333333334,0.9375,360,0.8464052287581699,0.8633333333333333,0.8547854785478548,300,0.933774834437086,0.94,0.9368770764119602,300,0.9,0.9,0.9,240,0.8907849829351536,0.87,0.8802698145025295,300,Voting,Image,,0.9455040871934604,0.9638888888888888,0.9546079779917468,360.0,0.8772563176895307,0.81,0.8422876949740035,300.0,0.9857142857142858,0.9583333333333334,0.971830985915493,360.0
Voting_Image,symmetric,0.4,1,12960,3240,40.08487654320987,108.75886964797974,0.9243827160493828,0.9216537862056892,0.9243513177166826,0.9205479452054794,0.9333333333333332,0.926896551724138,360,0.9555555555555556,0.9555555555555556,0.9555555555555556,360,0.8779220779220779,0.9388888888888888,0.9073825503355704,360,0.9039145907473308,0.8466666666666667,0.8743545611015491,300,0.9695945945945946,0.9566666666666668,0.9630872483221476,300,0.8870292887029289,0.8833333333333333,0.8851774530271399,240,0.9233449477351916,0.8833333333333333,0.9028960817717206,300,Voting,Image,,0.9539295392953928,0.9777777777777776,0.9657064471879286,360.0,0.86084142394822,0.8866666666666667,0.8735632183908046,300.0,0.9770773638968482,0.9472222222222222,0.9619181946403385,360.0
Voting_Image,symmetric,0.4,2,12960,3240,39.41358024691358,111.91397500038148,0.9302469135802468,0.9279017515735573,0.9301714735771556,0.9262295081967212,0.9416666666666668,0.9338842975206612,360,0.945945945945946,0.9722222222222222,0.958904109589041,360,0.9064171122994652,0.9416666666666668,0.9237057220708448,360,0.9244604316546764,0.8566666666666667,0.889273356401384,300,0.9466666666666668,0.9466666666666668,0.9466666666666668,300,0.8858267716535433,0.9375,0.9109311740890688,240,0.9290780141843972,0.8733333333333333,0.9003436426116839,300,Voting,Image,,0.956043956043956,0.9666666666666668,0.9613259668508288,360.0,0.8737864077669902,0.9,0.8866995073891626,300.0,0.9912536443148688,0.9444444444444444,0.9672830725462304,360.0
Voting_Image,symmetric,0.4,3,12960,3240,39.96141975308642,111.60888338088988,0.9169753086419752,0.9125243586878932,0.9162235593324258,0.9095744680851064,0.95,0.9293478260869564,360,0.9490616621983914,0.9833333333333332,0.965893587994543,360,0.9007832898172324,0.9583333333333334,0.9286675639300136,360,0.8581314878892734,0.8266666666666667,0.8421052631578947,300,0.910828025477707,0.9533333333333334,0.9315960912052116,300,0.9098712446351932,0.8833333333333333,0.8964059196617337,240,0.9067164179104478,0.81,0.8556338028169014,300,Voting,Image,,0.9405405405405406,0.9666666666666668,0.9534246575342464,360.0,0.8741258741258742,0.8333333333333334,0.8532423208191127,300.0,0.985632183908046,0.9527777777777776,0.9689265536723164,360.0
Voting_Image,symmetric,0.4,4,12960,3240,40.223765432098766,111.86759042739868,0.9197530864197532,0.9167659698313472,0.919366664283433,0.9066666666666666,0.9444444444444444,0.9251700680272108,360,0.9435483870967742,0.975,0.9590163934426228,360,0.8941798941798942,0.9388888888888888,0.9159891598915988,360,0.9022556390977444,0.8,0.8480565371024735,300,0.9166666666666666,0.9533333333333334,0.934640522875817,300,0.9067796610169492,0.8916666666666667,0.8991596638655462,240,0.9192982456140352,0.8733333333333333,0.8957264957264958,300,Voting,Image,,0.9344262295081968,0.95,0.9421487603305784,360.0,0.8705501618122977,0.8966666666666666,0.8834154351395731,300.0,0.9912023460410556,0.9388888888888888,0.9643366619115548,360.0
Voting_Image,asymmetric,0.0,0,12960,3240,0.0,75.74913501739502,0.937037037037037,0.9342662348388652,0.936873849151715,0.9266304347826086,0.9472222222222222,0.9368131868131868,360,0.9803921568627452,0.9722222222222222,0.9762900976290098,360,0.922043010752688,0.9527777777777776,0.9371584699453552,360,0.8682432432432432,0.8566666666666667,0.8624161073825504,300,0.9415584415584416,0.9666666666666668,0.9539473684210528,300,0.9224489795918368,0.9416666666666668,0.931958762886598,240,0.9078498293515358,0.8866666666666667,0.897133220910624,300,Voting,Image,,0.9775910364145658,0.9694444444444444,0.9735006973500696,360.0,0.9090909090909092,0.8666666666666667,0.8873720136518771,300.0,0.988826815642458,0.9833333333333332,0.9860724233983288,360.0
Voting_Image,asymmetric,0.0,1,12960,3240,0.0,79.47263669967651,0.9395061728395062,0.9370250121796448,0.9393764282932996,0.9497206703910616,0.9444444444444444,0.947075208913649,360,0.9538043478260868,0.975,0.9642857142857144,360,0.906166219839142,0.9388888888888888,0.922237380627558,360,0.9081272084805654,0.8566666666666667,0.8816466552315609,300,0.973421926910299,0.9766666666666668,0.9750415973377704,300,0.9113924050632912,0.9,0.9056603773584906,240,0.9324324324324323,0.92,0.9261744966442952,300,Voting,Image,,0.962059620596206,0.9861111111111112,0.9739368998628258,360.0,0.8921568627450981,0.91,0.900990099009901,300.0,0.988538681948424,0.9583333333333334,0.9732016925246828,360.0
Voting_Image,asymmetric,0.0,2,12960,3240,0.0,79.31408762931824,0.9407407407407408,0.9390544941037808,0.940633025896617,0.9351351351351352,0.9611111111111112,0.947945205479452,360,0.948509485094851,0.9722222222222222,0.9602194787379972,360,0.9081364829396326,0.9611111111111112,0.9338731443994602,360,0.9283276450511946,0.9066666666666666,0.9173693086003372,300,0.9442622950819672,0.96,0.9520661157024792,300,0.9333333333333332,0.9333333333333332,0.9333333333333332,240,0.9490909090909092,0.87,0.9078260869565218,300,Voting,Image,,0.9636871508379888,0.9583333333333334,0.9610027855153204,360.0,0.903654485049834,0.9066666666666666,0.9051580698835274,300.0,0.9885057471264368,0.9555555555555556,0.9717514124293786,360.0
Voting_Image,asymmetric,0.0,3,12960,3240,0.0,78.5583963394165,0.9287037037037036,0.9248767923898574,0.9283213258668078,0.9272237196765498,0.9555555555555556,0.9411764705882352,360,0.9645776566757494,0.9833333333333332,0.9738651994497936,360,0.9164420485175202,0.9444444444444444,0.9302325581395348,360,0.8767123287671232,0.8533333333333334,0.8648648648648649,300,0.9255663430420712,0.9533333333333334,0.9392446633825944,300,0.8804780876494024,0.9208333333333332,0.90020366598778,240,0.927797833935018,0.8566666666666667,0.8908145580589255,300,Voting,Image,,0.9510869565217392,0.9722222222222222,0.9615384615384616,360.0,0.8939929328621908,0.8433333333333334,0.8679245283018868,300.0,0.9914529914529916,0.9666666666666668,0.978902953586498,360.0
Voting_Image,asymmetric,0.0,4,12960,3240,0.0,79.97414183616638,0.9342592592592592,0.9317304567341976,0.9340200411512712,0.9243243243243244,0.95,0.936986301369863,360,0.959349593495935,0.9833333333333332,0.97119341563786,360,0.9175531914893617,0.9583333333333334,0.9375,360,0.9130434782608696,0.84,0.875,300,0.9294871794871796,0.9666666666666668,0.9477124183006536,300,0.9475982532751092,0.9041666666666668,0.9253731343283582,240,0.9236111111111112,0.8866666666666667,0.9047619047619048,300,Voting,Image,,0.9529085872576176,0.9555555555555556,0.954230235783634,360.0,0.8741935483870967,0.9033333333333332,0.8885245901639345,300.0,0.991404011461318,0.9611111111111112,0.9760225669957688,360.0
Voting_Image,asymmetric,0.1,0,12960,3240,10.339506172839506,98.66014862060548,0.934567901234568,0.9312499625176496,0.9343660187920771,0.9387186629526464,0.9361111111111112,0.9374130737134908,360,0.9887640449438202,0.9777777777777776,0.9832402234636872,360,0.9102902374670184,0.9583333333333334,0.9336941813261164,360,0.8885017421602788,0.85,0.868824531516184,300,0.9385113268608414,0.9666666666666668,0.9523809523809524,300,0.9166666666666666,0.9166666666666666,0.9166666666666666,240,0.8918918918918919,0.88,0.8859060402684564,300,Voting,Image,,0.9696132596685084,0.975,0.9722991689750692,360.0,0.8877551020408163,0.87,0.8787878787878788,300.0,0.9860335195530726,0.9805555555555556,0.9832869080779943,360.0
Voting_Image,asymmetric,0.1,1,12960,3240,10.501543209876544,98.29363632202148,0.9324074074074076,0.9293784327578372,0.9319684939154294,0.9497206703910616,0.9444444444444444,0.947075208913649,360,0.9509536784741144,0.9694444444444444,0.9601100412654744,360,0.896551724137931,0.9388888888888888,0.9172320217096336,360,0.9033457249070632,0.81,0.8541300527240774,300,0.939297124600639,0.98,0.9592169657422512,300,0.9227467811158798,0.8958333333333334,0.9090909090909092,240,0.9312714776632304,0.9033333333333332,0.9170896785109984,300,Voting,Image,,0.9490616621983914,0.9833333333333332,0.965893587994543,360.0,0.8790849673202614,0.8966666666666666,0.8877887788778878,300.0,0.9858356940509916,0.9666666666666668,0.976157082748948,360.0
Voting_Image,asymmetric,0.1,2,12960,3240,10.123456790123456,97.65872240066528,0.9342592592592592,0.9315555095481776,0.9340244766783669,0.9327956989247312,0.9638888888888888,0.9480874316939892,360,0.9432432432432432,0.9694444444444444,0.9561643835616438,360,0.913279132791328,0.9361111111111112,0.9245541838134432,360,0.9131944444444444,0.8766666666666667,0.8945578231292517,300,0.932475884244373,0.9666666666666668,0.9492635024549918,300,0.918103448275862,0.8875,0.902542372881356,240,0.9357142857142856,0.8733333333333333,0.903448275862069,300,Voting,Image,,0.9532967032967034,0.9638888888888888,0.9585635359116024,360.0,0.9006622516556292,0.9066666666666666,0.903654485049834,300.0,0.9857954545454546,0.9638888888888888,0.9747191011235956,360.0
Voting_Image,asymmetric,0.1,3,12960,3240,9.62962962962963,97.29081964492798,0.9234567901234568,0.9195307228166552,0.9229832971778342,0.9117647058823528,0.9472222222222222,0.9291553133514986,360,0.956639566395664,0.9805555555555556,0.9684499314128944,360,0.9093333333333332,0.9472222222222222,0.927891156462585,360,0.8825622775800712,0.8266666666666667,0.8537005163511188,300,0.9056603773584906,0.96,0.9320388349514565,300,0.8821138211382114,0.9041666666666668,0.8930041152263375,240,0.906810035842294,0.8433333333333334,0.8739205526770294,300,Voting,Image,,0.943089430894309,0.9666666666666668,0.9547325102880658,360.0,0.911660777385159,0.86,0.8850771869639794,300.0,0.9971098265895952,0.9583333333333334,0.9773371104815864,360.0
Voting_Image,asymmetric,0.1,4,12960,3240,10.15432098765432,97.49672722816469,0.9361111111111112,0.93417421711287,0.9359054572390718,0.9148936170212766,0.9555555555555556,0.9347826086956522,360,0.9591280653950952,0.9777777777777776,0.968363136176066,360,0.9243243243243244,0.95,0.936986301369863,360,0.921146953405018,0.8566666666666667,0.8877374784110535,300,0.935483870967742,0.9666666666666668,0.9508196721311476,300,0.9559471365638766,0.9041666666666668,0.9293361884368307,240,0.9263157894736842,0.88,0.9025641025641026,300,Voting,Image,,0.9402173913043478,0.9611111111111112,0.9505494505494504,360.0,0.8942307692307693,0.93,0.9117647058823528,300.0,0.9884393063583816,0.95,0.9688385269121812,360.0
Voting_Image,asymmetric,0.2,0,12960,3240,20.66358024691358,102.04050040245056,0.925,0.9219611805636015,0.9248053747953796,0.9105691056910568,0.9333333333333332,0.9218106995884774,360,0.9773371104815864,0.9583333333333334,0.967741935483871,360,0.9066666666666666,0.9444444444444444,0.9251700680272108,360,0.8805460750853242,0.86,0.8701517706576728,300,0.9119496855345912,0.9666666666666668,0.9385113268608414,300,0.9117647058823528,0.9041666666666668,0.9079497907949792,240,0.8993055555555556,0.8633333333333333,0.8809523809523809,300,Voting,Image,,0.95,0.95,0.95,360.0,0.889273356401384,0.8566666666666667,0.8726655348047538,300.0,0.988795518207283,0.9805555555555556,0.98465829846583,360.0
Voting_Image,asymmetric,0.2,1,12960,3240,20.2391975308642,102.869478225708,0.9182098765432098,0.9145934676593026,0.9177755996044968,0.9338842975206612,0.9416666666666668,0.9377593360995852,360,0.9555555555555556,0.9555555555555556,0.9555555555555556,360,0.8882978723404256,0.9277777777777778,0.907608695652174,360,0.8810408921933085,0.79,0.8330404217926186,300,0.9022082018927444,0.9533333333333334,0.9270664505672608,300,0.9210526315789472,0.875,0.8974358974358975,240,0.8910891089108911,0.9,0.8955223880597015,300,Voting,Image,,0.943089430894309,0.9666666666666668,0.9547325102880658,360.0,0.8637873754152824,0.8666666666666667,0.8652246256239601,300.0,0.980225988700565,0.9638888888888888,0.9719887955182072,360.0
Voting_Image,asymmetric,0.2,2,12960,3240,19.405864197530864,98.74046754837036,0.9351851851851852,0.9332250045468268,0.9350136839970852,0.9375,0.9583333333333334,0.9478021978021978,360,0.9453551912568308,0.9611111111111112,0.953168044077135,360,0.9026315789473685,0.9527777777777776,0.927027027027027,360,0.9333333333333332,0.8866666666666667,0.9094017094017094,300,0.9233226837060704,0.9633333333333334,0.9429037520391516,300,0.9508928571428572,0.8875,0.918103448275862,240,0.9363957597173144,0.8833333333333333,0.9090909090909092,300,Voting,Image,,0.9424657534246575,0.9555555555555556,0.9489655172413792,360.0,0.903654485049834,0.9066666666666666,0.9051580698835274,300.0,0.9774647887323944,0.9638888888888888,0.9706293706293706,360.0
Voting_Image,asymmetric,0.2,3,12960,3240,19.945987654320987,98.1152286529541,0.9098765432098764,0.9056590421487402,0.9093278882387618,0.913978494623656,0.9444444444444444,0.9289617486338798,360,0.9587912087912088,0.9694444444444444,0.9640883977900552,360,0.8970189701897019,0.9194444444444444,0.9080932784636488,360,0.8356164383561644,0.8133333333333334,0.8243243243243243,300,0.897196261682243,0.96,0.927536231884058,300,0.8978723404255319,0.8791666666666667,0.888421052631579,240,0.895910780669145,0.8033333333333333,0.8471001757469244,300,Voting,Image,,0.9115281501340484,0.9444444444444444,0.927694406548431,360.0,0.8703071672354948,0.85,0.8600337268128162,300.0,0.9914772727272728,0.9694444444444444,0.9803370786516854,360.0
Voting_Image,asymmetric,0.2,4,12960,3240,19.33641975308642,102.17006874084473,0.9212962962962964,0.9184094117916536,0.9209550349048748,0.9191374663072776,0.9472222222222222,0.93296853625171,360,0.953168044077135,0.9611111111111112,0.9571230982019364,360,0.8979057591623036,0.9527777777777776,0.9245283018867924,360,0.8955223880597015,0.8,0.8450704225352113,300,0.9085173501577288,0.96,0.93354943273906,300,0.954954954954955,0.8833333333333333,0.9177489177489178,240,0.9145907473309608,0.8566666666666667,0.8846815834767642,300,Voting,Image,,0.927027027027027,0.9527777777777776,0.9397260273972604,360.0,0.846875,0.9033333333333332,0.8741935483870967,300.0,0.9942196531791908,0.9555555555555556,0.9745042492917848,360.0
Voting_Image,asymmetric,0.3,0,12960,3240,30.10030864197531,99.9343194961548,0.8916666666666667,0.8891008925999925,0.8916835371154277,0.8703703703703703,0.9138888888888888,0.8915989159891599,360,0.9588235294117649,0.9055555555555556,0.9314285714285714,360,0.8589743589743589,0.9305555555555556,0.8933333333333333,360,0.8709677419354839,0.81,0.8393782383419689,300,0.8819875776397516,0.9466666666666668,0.9131832797427653,300,0.918918918918919,0.85,0.8831168831168831,240,0.8300653594771242,0.8466666666666667,0.8382838283828383,300,Voting,Image,,0.9192200557103064,0.9166666666666666,0.917941585535466,360.0,0.8394648829431438,0.8366666666666667,0.8380634390651085,300.0,0.9652173913043478,0.925,0.9446808510638298,360.0
Voting_Image,asymmetric,0.3,1,12960,3240,29.390432098765437,100.630362033844,0.8922839506172839,0.887695284860253,0.8917734537147779,0.9123287671232876,0.925,0.9186206896551724,360,0.9544159544159544,0.9305555555555556,0.9423347398030942,360,0.8605263157894737,0.9083333333333332,0.8837837837837837,360,0.8475836431226765,0.76,0.8014059753954306,300,0.8708708708708709,0.9666666666666668,0.9162717219589256,300,0.90521327014218,0.7958333333333333,0.8470066518847007,240,0.8660130718954249,0.8833333333333333,0.8745874587458746,300,Voting,Image,,0.925207756232687,0.9277777777777778,0.926490984743412,360.0,0.8064516129032258,0.8333333333333334,0.819672131147541,300.0,0.9548022598870056,0.9388888888888888,0.9467787114845938,360.0
Voting_Image,asymmetric,0.3,2,12960,3240,29.791666666666668,100.46541976928712,0.8987654320987655,0.8949358956689627,0.898129053391037,0.9074074074074074,0.9527777777777776,0.929539295392954,360,0.9411764705882352,0.9333333333333332,0.9372384937238494,360,0.8796791443850267,0.9138888888888888,0.896457765667575,360,0.8581560283687943,0.8066666666666666,0.8316151202749141,300,0.8878504672897196,0.95,0.9178743961352656,300,0.8938053097345132,0.8416666666666667,0.8669527896995708,240,0.8807017543859649,0.8366666666666667,0.8581196581196581,300,Voting,Image,,0.898936170212766,0.9388888888888888,0.9184782608695652,360.0,0.8829787234042553,0.83,0.8556701030927835,300.0,0.9387186629526464,0.9361111111111112,0.9374130737134908,360.0
Voting_Image,asymmetric,0.3,3,12960,3240,29.28240740740741,103.76277256011964,0.8891975308641975,0.8837450186016053,0.8879193389301839,0.9021739130434784,0.9222222222222224,0.912087912087912,360,0.936986301369863,0.95,0.9434482758620688,360,0.8776595744680851,0.9166666666666666,0.8967391304347826,360,0.8345588235294118,0.7566666666666667,0.7937062937062938,300,0.8533724340175953,0.97,0.9079563182527302,300,0.8888888888888888,0.8333333333333334,0.8602150537634409,240,0.8546712802768166,0.8233333333333334,0.8387096774193549,300,Voting,Image,,0.9166666666666666,0.9472222222222222,0.9316939890710384,360.0,0.868421052631579,0.77,0.8162544169611308,300.0,0.9289617486338798,0.9444444444444444,0.9366391184573004,360.0
Voting_Image,asymmetric,0.3,4,12960,3240,30.27777777777777,102.93479824066162,0.8827160493827161,0.8782083889464033,0.8817865828629574,0.8862433862433863,0.9305555555555556,0.907859078590786,360,0.9327731092436976,0.925,0.9288702928870292,360,0.8703703703703703,0.9138888888888888,0.8915989159891599,360,0.8692307692307693,0.7533333333333333,0.8071428571428572,300,0.8323529411764706,0.9433333333333334,0.884375,300,0.9285714285714286,0.8125,0.8666666666666667,240,0.8581560283687943,0.8066666666666666,0.8316151202749141,300,Voting,Image,,0.884514435695538,0.9361111111111112,0.9095816464237516,360.0,0.8293515358361775,0.81,0.8195615514333895,300.0,0.9335180055401662,0.9361111111111112,0.9348127600554784,360.0
Voting_Image,asymmetric,0.4,0,12960,3240,39.513888888888886,99.66702675819396,0.7916666666666666,0.7857113840158186,0.7909597197628842,0.8102564102564103,0.8777777777777778,0.8426666666666667,360,0.9099378881987578,0.8138888888888889,0.8592375366568915,360,0.7769230769230769,0.8416666666666667,0.808,360,0.7418181818181818,0.68,0.7095652173913043,300,0.7477203647416414,0.82,0.7821939586645469,300,0.7553648068669528,0.7333333333333333,0.7441860465116279,240,0.7727272727272727,0.7933333333333333,0.7828947368421053,300,Voting,Image,,0.8668639053254438,0.8138888888888889,0.839541547277937,360.0,0.7022058823529411,0.6366666666666667,0.6678321678321678,300.0,0.7963446475195822,0.8472222222222222,0.8209959623149394,360.0
Voting_Image,asymmetric,0.4,1,12960,3240,40.08487654320987,100.71067762374878,0.7611111111111111,0.7549925045885776,0.7599513429447758,0.8310991957104558,0.8611111111111112,0.8458390177353342,360,0.8646864686468647,0.7277777777777777,0.7903469079939668,360,0.7027707808564232,0.775,0.7371202113606341,360,0.6476868327402135,0.6066666666666667,0.6265060240963856,300,0.7420289855072464,0.8533333333333334,0.7937984496124031,300,0.7783251231527094,0.6583333333333333,0.7133182844243793,240,0.7541528239202658,0.7566666666666667,0.7554076539101497,300,Voting,Image,,0.8087431693989071,0.8222222222222222,0.8154269972451791,360.0,0.6771929824561403,0.6433333333333333,0.6598290598290598,300.0,0.7849740932642487,0.8416666666666667,0.8123324396782842,360.0
Voting_Image,asymmetric,0.4,2,12960,3240,39.41358024691358,100.6766800880432,0.7969135802469136,0.7910468037712082,0.795115761232493,0.7974358974358975,0.8638888888888889,0.8293333333333334,360,0.8575581395348837,0.8194444444444444,0.8380681818181818,360,0.7821782178217822,0.8777777777777778,0.8272251308900523,360,0.7791666666666667,0.6233333333333333,0.6925925925925925,300,0.7465940054495913,0.9133333333333332,0.8215892053973014,300,0.8652849740932642,0.6958333333333333,0.7713625866050808,240,0.7628865979381443,0.74,0.751269035532995,300,Voting,Image,,0.835195530726257,0.8305555555555556,0.8328690807799443,360.0,0.726962457337884,0.71,0.718381112984823,300.0,0.8277777777777777,0.8277777777777777,0.8277777777777777,360.0
Voting_Image,asymmetric,0.4,3,12960,3240,39.96141975308642,103.79350399971008,0.7570987654320988,0.7483793556109027,0.7541904404856477,0.8078947368421052,0.8527777777777777,0.8297297297297297,360,0.8643067846607669,0.8138888888888889,0.8383404864091559,360,0.753731343283582,0.8416666666666667,0.7952755905511811,360,0.6895161290322581,0.57,0.6240875912408759,300,0.7150259067357513,0.92,0.8046647230320699,300,0.8071065989847716,0.6625,0.7276887871853547,240,0.7071428571428572,0.66,0.6827586206896552,300,Voting,Image,,0.7794117647058824,0.7361111111111112,0.7571428571428571,360.0,0.6267605633802817,0.5933333333333334,0.6095890410958904,300.0,0.7890625,0.8416666666666667,0.8145161290322581,360.0
Voting_Image,asymmetric,0.4,4,12960,3240,40.223765432098766,100.79897570610046,0.7712962962962963,0.7646194748784086,0.7700401624687717,0.7716535433070866,0.8166666666666667,0.7935222672064778,360,0.807799442896936,0.8055555555555556,0.8066759388038943,360,0.759493670886076,0.8333333333333334,0.7947019867549668,360,0.7340823970037453,0.6533333333333333,0.691358024691358,300,0.7798165137614679,0.85,0.8133971291866029,300,0.7487179487179487,0.6083333333333333,0.671264367816092,240,0.7269736842105263,0.7366666666666667,0.7317880794701986,300,Voting,Image,,0.8174157303370787,0.8083333333333333,0.8128491620111732,360.0,0.7055016181229773,0.7266666666666667,0.715927750410509,300.0,0.829971181556196,0.8,0.8147100424328148,360.0
Stacking_Image,symmetric,0.0,0,12960,3240,0.0,764.112802028656,0.9367283950617284,0.9340640027723058,0.9368148304779522,0.9413407821229052,0.9361111111111112,0.9387186629526464,360,0.9858356940509916,0.9666666666666668,0.976157082748948,360,0.924119241192412,0.9472222222222222,0.935528120713306,360,0.8488745980707395,0.88,0.8641571194762684,300,0.96,0.96,0.96,300,0.904,0.9416666666666668,0.9224489795918368,240,0.910958904109589,0.8866666666666667,0.8986486486486487,300,Stacking,Image,1.2854272,0.9748603351955308,0.9694444444444444,0.9721448467966574,360.0,0.903448275862069,0.8733333333333333,0.888135593220339,300.0,0.9860724233983288,0.9833333333333332,0.9847009735744088,360.0
Stacking_Image,symmetric,0.0,1,12960,3240,0.0,763.1497852802277,0.9398148148148148,0.9372081352266544,0.939735711385302,0.949438202247191,0.9388888888888888,0.9441340782122905,360,0.9668508287292816,0.9722222222222222,0.969529085872576,360,0.9066666666666666,0.9444444444444444,0.9251700680272108,360,0.8943661971830986,0.8466666666666667,0.8698630136986302,300,0.9767441860465116,0.98,0.978369384359401,300,0.9152542372881356,0.9,0.907563025210084,240,0.9324324324324323,0.92,0.9261744966442952,300,Stacking,Image,1.490231296,0.9699453551912568,0.9861111111111112,0.977961432506887,360.0,0.8785942492012779,0.9166666666666666,0.8972267536704731,300.0,0.9886039886039886,0.9638888888888888,0.9760900140646976,360.0
Stacking_Image,symmetric,0.0,2,12960,3240,0.0,767.8245985507965,0.9425925925925924,0.9407810616235692,0.9425123003802393,0.9381720430107529,0.9694444444444444,0.953551912568306,360,0.951219512195122,0.975,0.9629629629629628,360,0.9237057220708448,0.9416666666666668,0.9325997248968364,360,0.9251700680272108,0.9066666666666666,0.915824915824916,300,0.9566666666666668,0.9566666666666668,0.9566666666666668,300,0.9330543933054394,0.9291666666666668,0.931106471816284,240,0.939929328621908,0.8866666666666667,0.9125214408233276,300,Stacking,Image,1.585389568,0.96398891966759,0.9666666666666668,0.9653259361997226,360.0,0.8980263157894737,0.91,0.9039735099337748,300.0,0.9857549857549858,0.9611111111111112,0.9732770745428974,360.0
Stacking_Image,symmetric,0.0,3,12960,3240,0.0,764.2954933643341,0.9314814814814816,0.9279165872985148,0.9312537197643886,0.929539295392954,0.9527777777777776,0.9410150891632372,360,0.9673024523160764,0.9861111111111112,0.9766162310866576,360,0.9313186813186812,0.9416666666666668,0.93646408839779,360,0.8552631578947368,0.8666666666666667,0.8609271523178808,300,0.9442622950819672,0.96,0.9520661157024792,300,0.8875502008032129,0.9208333333333332,0.9038854805725972,240,0.9131944444444444,0.8766666666666667,0.8945578231292517,300,Stacking,Image,1.630019584,0.9561643835616438,0.9694444444444444,0.9627586206896552,360.0,0.9064748201438848,0.84,0.8719723183391004,300.0,0.9914529914529916,0.9666666666666668,0.978902953586498,360.0
Stacking_Image,symmetric,0.0,4,12960,3240,0.0,769.2291948795319,0.9382716049382716,0.9362103693084224,0.938192380038166,0.929539295392954,0.9527777777777776,0.9410150891632372,360,0.956639566395664,0.9805555555555556,0.9684499314128944,360,0.9272237196765498,0.9555555555555556,0.9411764705882352,360,0.9119718309859156,0.8633333333333333,0.886986301369863,300,0.9407894736842104,0.9533333333333334,0.9470198675496688,300,0.9521739130434784,0.9125,0.9319148936170212,240,0.9405594405594404,0.8966666666666666,0.9180887372013652,300,Stacking,Image,1.736404992,0.9530386740331492,0.9583333333333334,0.9556786703601108,360.0,0.873015873015873,0.9166666666666666,0.8943089430894309,300.0,0.9914285714285714,0.9638888888888888,0.9774647887323944,360.0
Stacking_Image,symmetric,0.1,0,12960,3240,10.339506172839506,1191.4500555992126,0.9435185185185184,0.9409622502982632,0.9434491781577384,0.9410112359550562,0.9305555555555556,0.935754189944134,360,0.9833333333333332,0.9833333333333332,0.9833333333333332,360,0.9299191374663072,0.9583333333333334,0.9439124487004104,360,0.9041095890410958,0.88,0.8918918918918919,300,0.954248366013072,0.9733333333333334,0.9636963696369636,300,0.925311203319502,0.9291666666666668,0.9272349272349272,240,0.9072847682119204,0.9133333333333332,0.9102990033222592,300,Stacking,Image,1.765380096,0.9776536312849162,0.9722222222222222,0.9749303621169916,360.0,0.8956228956228957,0.8866666666666667,0.8911222780569514,300.0,0.9915966386554622,0.9833333333333332,0.98744769874477,360.0
Stacking_Image,symmetric,0.1,1,12960,3240,10.501543209876544,1204.472375869751,0.9376543209876544,0.9350453213656597,0.9376460466809764,0.9472222222222222,0.9472222222222222,0.9472222222222222,360,0.9668508287292816,0.9722222222222222,0.969529085872576,360,0.9018567639257294,0.9444444444444444,0.9226594301221168,360,0.8969072164948454,0.87,0.883248730964467,300,0.9697986577181208,0.9633333333333334,0.9665551839464884,300,0.9188034188034188,0.8958333333333334,0.9071729957805909,240,0.9228187919463088,0.9166666666666666,0.919732441471572,300,Stacking,Image,1.776152576,0.96986301369863,0.9833333333333332,0.976551724137931,360.0,0.8786885245901639,0.8933333333333333,0.8859504132231405,300.0,0.9857142857142858,0.9583333333333334,0.971830985915493,360.0
Stacking_Image,symmetric,0.1,2,12960,3240,10.123456790123456,1184.5273885726929,0.946604938271605,0.9449143671377452,0.9465993509921136,0.953168044077135,0.9611111111111112,0.9571230982019364,360,0.9642857142857144,0.975,0.9696132596685084,360,0.9122340425531916,0.9527777777777776,0.9320652173913044,360,0.9337979094076656,0.8933333333333333,0.9131175468483816,300,0.9504950495049505,0.96,0.9552238805970148,300,0.9451476793248944,0.9333333333333332,0.939203354297694,240,0.9370629370629372,0.8933333333333333,0.9146757679180888,300,Stacking,Image,1.589776384,0.9747899159663864,0.9666666666666668,0.9707112970711296,360.0,0.8952380952380953,0.94,0.9170731707317074,300.0,0.9914772727272728,0.9694444444444444,0.9803370786516854,360.0
Stacking_Image,symmetric,0.1,3,12960,3240,9.62962962962963,1165.385241508484,0.9299382716049382,0.9263469642734968,0.9296392919844833,0.9245283018867924,0.9527777777777776,0.9384404924760602,360,0.962059620596206,0.9861111111111112,0.9739368998628258,360,0.931129476584022,0.9388888888888888,0.9349930843706776,360,0.8648648648648649,0.8533333333333334,0.8590604026845637,300,0.9311475409836064,0.9466666666666668,0.9388429752066116,300,0.888,0.925,0.9061224489795918,240,0.9119718309859156,0.8633333333333333,0.886986301369863,300,Stacking,Image,1.457672192,0.9486486486486486,0.975,0.9616438356164384,360.0,0.9113475177304964,0.8566666666666667,0.8831615120274914,300.0,0.9942857142857144,0.9666666666666668,0.9802816901408452,360.0
Stacking_Image,symmetric,0.1,4,12960,3240,10.15432098765432,1181.5755906105042,0.9358024691358025,0.9335133290403326,0.9357937463494228,0.9293478260869564,0.95,0.9395604395604396,360,0.9618528610354224,0.9805555555555556,0.9711141678129298,360,0.935933147632312,0.9333333333333332,0.9346314325452016,360,0.8762886597938144,0.85,0.8629441624365483,300,0.9451612903225808,0.9766666666666668,0.960655737704918,300,0.9559471365638766,0.9041666666666668,0.9293361884368307,240,0.9136212624584718,0.9166666666666666,0.9151414309484192,300,Stacking,Image,1.528168448,0.9638888888888888,0.9638888888888888,0.9638888888888888,360.0,0.864951768488746,0.8966666666666666,0.8805237315875614,300.0,0.9971098265895952,0.9583333333333334,0.9773371104815864,360.0
Stacking_Image,symmetric,0.2,0,12960,3240,20.66358024691358,1402.1694447994232,0.9299382716049382,0.927178885705178,0.9299510207045382,0.919889502762431,0.925,0.922437673130194,360,0.9719887955182072,0.9638888888888888,0.9679218967921897,360,0.9237057220708448,0.9416666666666668,0.9325997248968364,360,0.8478964401294499,0.8733333333333333,0.8604269293924466,300,0.9475409836065574,0.9633333333333334,0.9553719008264464,300,0.902834008097166,0.9291666666666668,0.915811088295688,240,0.92226148409894,0.87,0.8953687821612349,300,Stacking,Image,1.588420608,0.9694444444444444,0.9694444444444444,0.9694444444444444,360.0,0.8779661016949153,0.8633333333333333,0.8705882352941177,300.0,0.9887323943661972,0.975,0.9818181818181818,360.0
Stacking_Image,symmetric,0.2,1,12960,3240,20.2391975308642,1403.7998614311218,0.9342592592592592,0.9314954716599948,0.9341744506263354,0.9439775910364144,0.9361111111111112,0.9400278940027894,360,0.9536784741144414,0.9722222222222222,0.9628610729023384,360,0.9032258064516128,0.9333333333333332,0.918032786885246,360,0.9100719424460432,0.8433333333333334,0.8754325259515571,300,0.959731543624161,0.9533333333333334,0.9565217391304348,300,0.9071729957805909,0.8958333333333334,0.90146750524109,240,0.9144736842105264,0.9266666666666666,0.9205298013245032,300,Stacking,Image,1.48000768,0.9673024523160764,0.9861111111111112,0.9766162310866576,360.0,0.8717948717948718,0.9066666666666666,0.8888888888888888,300.0,0.9913793103448276,0.9583333333333334,0.9745762711864406,360.0
Stacking_Image,symmetric,0.2,2,12960,3240,19.405864197530864,1395.1139192581177,0.9376543209876544,0.935612626493016,0.937602407698538,0.934959349593496,0.9583333333333334,0.9465020576131687,360,0.9456521739130436,0.9666666666666668,0.956043956043956,360,0.918032786885246,0.9333333333333332,0.9256198347107438,360,0.9333333333333332,0.8866666666666667,0.9094017094017094,300,0.959866220735786,0.9566666666666668,0.9582637729549248,300,0.9020408163265308,0.9208333333333332,0.911340206185567,240,0.9397163120567376,0.8833333333333333,0.9106529209621992,300,Stacking,Image,1.417117696,0.9614325068870524,0.9694444444444444,0.9654218533886584,360.0,0.8878205128205128,0.9233333333333332,0.9052287581699346,300.0,0.98005698005698,0.9555555555555556,0.9676511954992968,360.0
Stacking_Image,symmetric,0.2,3,12960,3240,19.945987654320987,1408.8772978782654,0.925925925925926,0.92255278846129,0.9257680858041112,0.9164420485175202,0.9444444444444444,0.9302325581395348,360,0.956639566395664,0.9805555555555556,0.9684499314128944,360,0.931129476584022,0.9388888888888888,0.9349930843706776,360,0.8653198653198653,0.8566666666666667,0.8609715242881072,300,0.922077922077922,0.9466666666666668,0.9342105263157896,300,0.9,0.9,0.9,240,0.9027777777777778,0.8666666666666667,0.8843537414965986,300,Stacking,Image,1.531703296,0.958217270194986,0.9555555555555556,0.956884561891516,360.0,0.891156462585034,0.8733333333333333,0.8821548821548821,300.0,0.9857549857549858,0.9611111111111112,0.9732770745428974,360.0
Stacking_Image,symmetric,0.2,4,12960,3240,19.33641975308642,1351.7966010570526,0.9299382716049382,0.9273719421927468,0.9298364356492346,0.9162162162162162,0.9416666666666668,0.9287671232876712,360,0.9616438356164384,0.975,0.9682758620689657,360,0.9042553191489362,0.9444444444444444,0.9239130434782608,360,0.9090909090909092,0.8333333333333334,0.8695652173913043,300,0.959731543624161,0.9533333333333334,0.9565217391304348,300,0.9230769230769232,0.9,0.9113924050632912,240,0.898989898989899,0.89,0.8944723618090452,300,Stacking,Image,1.634320384,0.952513966480447,0.9472222222222222,0.9498607242339832,360.0,0.8666666666666667,0.91,0.8878048780487805,300.0,0.9943181818181818,0.9722222222222222,0.9831460674157304,360.0
Stacking_Image,symmetric,0.3,0,12960,3240,30.10030864197531,1482.3821711540222,0.9265432098765432,0.9239109029234074,0.9265891809427564,0.9323943661971832,0.9194444444444444,0.925874125874126,360,0.9748603351955308,0.9694444444444444,0.9721448467966574,360,0.9081081081081082,0.9333333333333332,0.9205479452054794,360,0.8459016393442623,0.86,0.8528925619834711,300,0.9628378378378378,0.95,0.9563758389261744,300,0.9246861924686192,0.9208333333333332,0.9227557411273486,240,0.8786885245901639,0.8933333333333333,0.8859504132231405,300,Stacking,Image,1.522507776,0.9668508287292816,0.9722222222222222,0.969529085872576,360.0,0.8698630136986302,0.8466666666666667,0.8581081081081081,300.0,0.9776536312849162,0.9722222222222222,0.9749303621169916,360.0
Stacking_Image,symmetric,0.3,1,12960,3240,29.390432098765437,1474.473731994629,0.9212962962962964,0.9180162363289336,0.9212701448749931,0.9430199430199432,0.9194444444444444,0.9310829817158932,360,0.9611111111111112,0.9611111111111112,0.9611111111111112,360,0.8848167539267016,0.9388888888888888,0.9110512129380054,360,0.8586206896551725,0.83,0.8440677966101695,300,0.9659863945578232,0.9466666666666668,0.9562289562289562,300,0.9155555555555556,0.8583333333333333,0.886021505376344,240,0.8846153846153846,0.92,0.9019607843137256,300,Stacking,Image,1.512525824,0.958904109589041,0.9722222222222222,0.9655172413793104,360.0,0.8496732026143791,0.8666666666666667,0.858085808580858,300.0,0.971830985915493,0.9583333333333334,0.965034965034965,360.0
Stacking_Image,symmetric,0.3,2,12960,3240,29.791666666666668,1480.4732422828674,0.9311728395061728,0.9289276339992488,0.931089739831247,0.9326145552560648,0.9611111111111112,0.9466484268125857,360,0.945945945945946,0.9722222222222222,0.958904109589041,360,0.9088397790055248,0.9138888888888888,0.9113573407202216,360,0.902027027027027,0.89,0.8959731543624161,300,0.9523809523809524,0.9333333333333332,0.9427609427609428,300,0.8888888888888888,0.9333333333333332,0.9105691056910568,240,0.9195804195804196,0.8766666666666667,0.8976109215017065,300,Stacking,Image,1.623740416,0.9532967032967034,0.9638888888888888,0.9585635359116024,360.0,0.9054054054054054,0.8933333333333333,0.8993288590604027,300.0,0.982808022922636,0.9527777777777776,0.9675599435825106,360.0
Stacking_Image,symmetric,0.3,3,12960,3240,29.28240740740741,1475.8958222866058,0.9175925925925926,0.9136777544829988,0.917478490770402,0.9173553719008264,0.925,0.921161825726141,360,0.9645776566757494,0.9833333333333332,0.9738651994497936,360,0.9153005464480874,0.9305555555555556,0.9228650137741048,360,0.8664383561643836,0.8433333333333334,0.8547297297297297,300,0.9355932203389832,0.92,0.9277310924369748,300,0.868,0.9041666666666668,0.8857142857142857,240,0.8815331010452961,0.8433333333333334,0.8620102214650767,300,Stacking,Image,1.586802688,0.94579945799458,0.9694444444444444,0.9574759945130316,360.0,0.8552631578947368,0.8666666666666667,0.8609271523178808,300.0,0.9884726224783862,0.9527777777777776,0.9702970297029704,360.0
Stacking_Image,symmetric,0.3,4,12960,3240,30.27777777777777,1489.5385689735413,0.925925925925926,0.9232038685622138,0.925730700994906,0.9164420485175202,0.9444444444444444,0.9302325581395348,360,0.9405405405405406,0.9666666666666668,0.9534246575342464,360,0.9069148936170212,0.9472222222222222,0.9266304347826086,360,0.906810035842294,0.8433333333333334,0.8739205526770294,300,0.959731543624161,0.9533333333333334,0.9565217391304348,300,0.9330357142857144,0.8708333333333333,0.9008620689655172,240,0.9044368600682594,0.8833333333333333,0.893760539629005,300,Stacking,Image,1.665200128,0.9327956989247312,0.9638888888888888,0.9480874316939892,360.0,0.8640776699029126,0.89,0.8768472906403941,300.0,0.9885057471264368,0.9555555555555556,0.9717514124293786,360.0
Stacking_Image,symmetric,0.4,0,12960,3240,39.513888888888886,1576.5304381847382,0.9185185185185184,0.9150486668396228,0.9184562533581696,0.9207650273224044,0.9361111111111112,0.928374655647383,360,0.9666666666666668,0.9666666666666668,0.9666666666666668,360,0.907608695652174,0.9277777777777778,0.9175824175824177,360,0.8231511254019293,0.8533333333333334,0.8379705400981997,300,0.9527027027027029,0.94,0.9463087248322148,300,0.889795918367347,0.9083333333333332,0.8989690721649485,240,0.8976109215017065,0.8766666666666667,0.8870151770657673,300,Stacking,Image,1.902620672,0.953168044077135,0.9611111111111112,0.9571230982019364,360.0,0.8621908127208481,0.8133333333333334,0.8370497427101201,300.0,0.9802816901408452,0.9666666666666668,0.9734265734265736,360.0
Stacking_Image,symmetric,0.4,1,12960,3240,40.08487654320987,1581.560911655426,0.9151234567901234,0.9116193972652368,0.9151807469760072,0.9220055710306406,0.9194444444444444,0.9207232267037552,360,0.9717514124293786,0.9555555555555556,0.9635854341736696,360,0.8923884514435696,0.9444444444444444,0.9176788124156544,360,0.8664259927797834,0.8,0.8318890814558059,300,0.956081081081081,0.9433333333333334,0.9496644295302014,300,0.8828451882845189,0.8791666666666667,0.8810020876826722,240,0.9106529209621992,0.8833333333333333,0.8967851099830795,300,Stacking,Image,1.75745024,0.9587912087912088,0.9694444444444444,0.9640883977900552,360.0,0.803680981595092,0.8733333333333333,0.8370607028753994,300.0,0.963172804532578,0.9444444444444444,0.9537166900420756,360.0
Stacking_Image,symmetric,0.4,2,12960,3240,39.41358024691358,1563.703716754913,0.9197530864197532,0.9166229724814654,0.919713166582506,0.9137466307277629,0.9416666666666668,0.9274965800273598,360,0.9562841530054644,0.9722222222222222,0.9641873278236914,360,0.8975741239892183,0.925,0.9110807113543092,360,0.8881118881118881,0.8466666666666667,0.8668941979522184,300,0.9528619528619529,0.9433333333333334,0.948073701842546,300,0.902127659574468,0.8833333333333333,0.8926315789473684,240,0.8947368421052632,0.85,0.8717948717948718,300,Stacking,Image,1.717936128,0.9483695652173914,0.9694444444444444,0.9587912087912088,360.0,0.8364779874213837,0.8866666666666667,0.86084142394822,300.0,0.9883381924198252,0.9416666666666668,0.9644381223328592,360.0
Stacking_Image,symmetric,0.4,3,12960,3240,39.96141975308642,1580.401158094406,0.9157407407407409,0.9113556870487948,0.9151967674929125,0.91869918699187,0.9416666666666668,0.9300411522633744,360,0.9673024523160764,0.9861111111111112,0.9766162310866576,360,0.9045092838196288,0.9472222222222222,0.9253731343283582,360,0.8537414965986394,0.8366666666666667,0.8451178451178452,300,0.8930817610062893,0.9466666666666668,0.919093851132686,300,0.8983050847457628,0.8833333333333333,0.8907563025210085,240,0.9236641221374046,0.8066666666666666,0.8612099644128114,300,Stacking,Image,1.87551744,0.9297297297297298,0.9555555555555556,0.9424657534246575,360.0,0.8610169491525423,0.8466666666666667,0.853781512605042,300.0,0.9801136363636364,0.9583333333333334,0.9691011235955056,360.0
Stacking_Image,symmetric,0.4,4,12960,3240,40.223765432098766,1592.3602168560028,0.9191358024691358,0.9158515094006796,0.918813071317643,0.906166219839142,0.9388888888888888,0.922237380627558,360,0.9433962264150944,0.9722222222222222,0.957592339261286,360,0.8976377952755905,0.95,0.9230769230769232,360,0.8925925925925926,0.8033333333333333,0.8456140350877193,300,0.9377049180327868,0.9533333333333334,0.9454545454545454,300,0.8875,0.8875,0.8875,240,0.9128919860627178,0.8733333333333333,0.8926746166950597,300,Stacking,Image,1.715027968,0.9320652173913044,0.9527777777777776,0.9423076923076924,360.0,0.8664495114006515,0.8866666666666667,0.8764415156507414,300.0,0.9970414201183432,0.9361111111111112,0.9656160458452722,360.0
Stacking_Image,asymmetric,0.0,0,12960,3240,0.0,743.8970668315887,0.9367283950617284,0.9340640027723058,0.9368148304779522,0.9413407821229052,0.9361111111111112,0.9387186629526464,360,0.9858356940509916,0.9666666666666668,0.976157082748948,360,0.924119241192412,0.9472222222222222,0.935528120713306,360,0.8488745980707395,0.88,0.8641571194762684,300,0.96,0.96,0.96,300,0.904,0.9416666666666668,0.9224489795918368,240,0.910958904109589,0.8866666666666667,0.8986486486486487,300,Stacking,Image,1.23875328,0.9748603351955308,0.9694444444444444,0.9721448467966574,360.0,0.903448275862069,0.8733333333333333,0.888135593220339,300.0,0.9860724233983288,0.9833333333333332,0.9847009735744088,360.0
Stacking_Image,asymmetric,0.0,1,12960,3240,0.0,751.6956775188446,0.9398148148148148,0.9372081352266544,0.939735711385302,0.949438202247191,0.9388888888888888,0.9441340782122905,360,0.9668508287292816,0.9722222222222222,0.969529085872576,360,0.9066666666666666,0.9444444444444444,0.9251700680272108,360,0.8943661971830986,0.8466666666666667,0.8698630136986302,300,0.9767441860465116,0.98,0.978369384359401,300,0.9152542372881356,0.9,0.907563025210084,240,0.9324324324324323,0.92,0.9261744966442952,300,Stacking,Image,1.47238912,0.9699453551912568,0.9861111111111112,0.977961432506887,360.0,0.8785942492012779,0.9166666666666666,0.8972267536704731,300.0,0.9886039886039886,0.9638888888888888,0.9760900140646976,360.0
Stacking_Image,asymmetric,0.0,2,12960,3240,0.0,751.5904808044434,0.9425925925925924,0.9407810616235692,0.9425123003802393,0.9381720430107529,0.9694444444444444,0.953551912568306,360,0.951219512195122,0.975,0.9629629629629628,360,0.9237057220708448,0.9416666666666668,0.9325997248968364,360,0.9251700680272108,0.9066666666666666,0.915824915824916,300,0.9566666666666668,0.9566666666666668,0.9566666666666668,300,0.9330543933054394,0.9291666666666668,0.931106471816284,240,0.939929328621908,0.8866666666666667,0.9125214408233276,300,Stacking,Image,1.488183296,0.96398891966759,0.9666666666666668,0.9653259361997226,360.0,0.8980263157894737,0.91,0.9039735099337748,300.0,0.9857549857549858,0.9611111111111112,0.9732770745428974,360.0
Stacking_Image,asymmetric,0.0,3,12960,3240,0.0,751.5939667224884,0.9314814814814816,0.9279165872985148,0.9312537197643886,0.929539295392954,0.9527777777777776,0.9410150891632372,360,0.9673024523160764,0.9861111111111112,0.9766162310866576,360,0.9313186813186812,0.9416666666666668,0.93646408839779,360,0.8552631578947368,0.8666666666666667,0.8609271523178808,300,0.9442622950819672,0.96,0.9520661157024792,300,0.8875502008032129,0.9208333333333332,0.9038854805725972,240,0.9131944444444444,0.8766666666666667,0.8945578231292517,300,Stacking,Image,1.592164352,0.9561643835616438,0.9694444444444444,0.9627586206896552,360.0,0.9064748201438848,0.84,0.8719723183391004,300.0,0.9914529914529916,0.9666666666666668,0.978902953586498,360.0
Stacking_Image,asymmetric,0.0,4,12960,3240,0.0,759.0650339126587,0.9382716049382716,0.9362103693084224,0.938192380038166,0.929539295392954,0.9527777777777776,0.9410150891632372,360,0.956639566395664,0.9805555555555556,0.9684499314128944,360,0.9272237196765498,0.9555555555555556,0.9411764705882352,360,0.9119718309859156,0.8633333333333333,0.886986301369863,300,0.9407894736842104,0.9533333333333334,0.9470198675496688,300,0.9521739130434784,0.9125,0.9319148936170212,240,0.9405594405594404,0.8966666666666666,0.9180887372013652,300,Stacking,Image,1.587924992,0.9530386740331492,0.9583333333333334,0.9556786703601108,360.0,0.873015873015873,0.9166666666666666,0.8943089430894309,300.0,0.9914285714285714,0.9638888888888888,0.9774647887323944,360.0
Stacking_Image,asymmetric,0.1,0,12960,3240,10.339506172839506,1113.0615277290344,0.9358024691358025,0.932836557125073,0.9356847380298312,0.935933147632312,0.9333333333333332,0.9346314325452016,360,0.9803921568627452,0.9722222222222222,0.9762900976290098,360,0.9245283018867924,0.9527777777777776,0.9384404924760602,360,0.8642384105960265,0.87,0.867109634551495,300,0.9478827361563518,0.97,0.9588138385502472,300,0.9316239316239316,0.9083333333333332,0.919831223628692,240,0.9026845637583892,0.8966666666666666,0.8996655518394648,300,Stacking,Image,1.735991296,0.969529085872576,0.9722222222222222,0.970873786407767,360.0,0.8931034482758621,0.8633333333333333,0.8779661016949153,300.0,0.9833795013850416,0.9861111111111112,0.984743411927878,360.0
Stacking_Image,asymmetric,0.1,1,12960,3240,10.501543209876544,1112.2101318836212,0.925925925925926,0.922698127909609,0.9256614581601612,0.9473684210526316,0.95,0.9486823855755896,360,0.9690140845070424,0.9555555555555556,0.9622377622377624,360,0.896,0.9333333333333332,0.9142857142857144,360,0.8941605839416058,0.8166666666666667,0.8536585365853658,300,0.9262820512820512,0.9633333333333334,0.9444444444444444,300,0.9170305676855895,0.875,0.8955223880597015,240,0.9013157894736842,0.9133333333333332,0.9072847682119204,300,Stacking,Image,1.608802304,0.9429347826086956,0.9638888888888888,0.9532967032967034,360.0,0.8697068403908795,0.89,0.8797364085667215,300.0,0.9746478873239436,0.9611111111111112,0.967832167832168,360.0
Stacking_Image,asymmetric,0.1,2,12960,3240,10.123456790123456,1098.9247870445251,0.9351851851851852,0.9329761890333268,0.9351147960634812,0.9402173913043478,0.9611111111111112,0.9505494505494504,360,0.9605633802816902,0.9472222222222222,0.953846153846154,360,0.8947368421052632,0.9444444444444444,0.918918918918919,360,0.9198606271777005,0.88,0.899488926746167,300,0.923809523809524,0.97,0.946341463414634,300,0.9385964912280702,0.8916666666666667,0.9145299145299144,240,0.9263157894736842,0.88,0.9025641025641026,300,Stacking,Image,1.675046912,0.9637883008356546,0.9611111111111112,0.9624478442280946,360.0,0.8903225806451613,0.92,0.9049180327868852,300.0,0.9858356940509916,0.9666666666666668,0.976157082748948,360.0
Stacking_Image,asymmetric,0.1,3,12960,3240,9.62962962962963,1083.580661535263,0.9246913580246914,0.9207357661577336,0.9243662031668812,0.9211956521739132,0.9416666666666668,0.9313186813186812,360,0.9592391304347826,0.9805555555555556,0.9697802197802198,360,0.9303621169916436,0.9277777777777778,0.9290681502086232,360,0.8586206896551725,0.83,0.8440677966101695,300,0.9213836477987422,0.9766666666666668,0.948220064724919,300,0.8806584362139918,0.8916666666666667,0.8861283643892339,240,0.9059233449477352,0.8666666666666667,0.8858603066439523,300,Stacking,Image,1.68640512,0.9432432432432432,0.9694444444444444,0.9561643835616438,360.0,0.8931034482758621,0.8633333333333333,0.8779661016949153,300.0,0.9971181556195964,0.9611111111111112,0.9787835926449788,360.0
Stacking_Image,asymmetric,0.1,4,12960,3240,10.15432098765432,1093.6773793697355,0.9308641975308642,0.9278743707014612,0.9306022052407772,0.9222520107238604,0.9555555555555556,0.9386084583901774,360,0.96398891966759,0.9666666666666668,0.9653259361997226,360,0.9239130434782608,0.9444444444444444,0.934065934065934,360,0.8888888888888888,0.8266666666666667,0.8566493955094991,300,0.9356913183279744,0.97,0.9525368248772504,300,0.9417040358744396,0.875,0.9071274298056156,240,0.9180887372013652,0.8966666666666666,0.9072512647554806,300,Stacking,Image,1.68015872,0.9424657534246575,0.9555555555555556,0.9489655172413792,360.0,0.8694267515923567,0.91,0.8892508143322475,300.0,0.9886685552407932,0.9694444444444444,0.9789621318373072,360.0
Stacking_Image,asymmetric,0.2,0,12960,3240,20.66358024691358,1264.6639318466189,0.9089506172839508,0.9063462623819148,0.9089616192569322,0.9054054054054054,0.9305555555555556,0.9178082191780822,360,0.9681159420289857,0.9277777777777778,0.947517730496454,360,0.8986666666666666,0.9361111111111112,0.9170068027210884,360,0.8662207357859532,0.8633333333333333,0.8647746243739566,300,0.9082278481012658,0.9566666666666668,0.9318181818181818,300,0.9203539823008848,0.8666666666666667,0.8927038626609443,240,0.8720538720538721,0.8633333333333333,0.8676716917922948,300,Stacking,Image,1.583128576,0.9213483146067416,0.9111111111111112,0.9162011173184358,360.0,0.8443708609271523,0.85,0.8471760797342193,300.0,0.9689265536723164,0.9527777777777776,0.9607843137254902,360.0
Stacking_Image,asymmetric,0.2,1,12960,3240,20.2391975308642,1258.1419332027435,0.8996913580246914,0.8961101867470767,0.8995030480300154,0.918032786885246,0.9333333333333332,0.9256198347107438,360,0.9546742209631728,0.9361111111111112,0.9453015427769986,360,0.8777173913043478,0.8972222222222223,0.8873626373626373,360,0.850909090909091,0.78,0.8139130434782609,300,0.8801261829652997,0.93,0.9043760129659644,300,0.8938053097345132,0.8416666666666667,0.8669527896995708,240,0.8823529411764706,0.9,0.8910891089108911,300,Stacking,Image,1.527894016,0.9155313351498636,0.9333333333333332,0.9243466299862448,360.0,0.8312101910828026,0.87,0.8501628664495114,300.0,0.9683908045977012,0.9361111111111112,0.9519774011299436,360.0
Stacking_Image,asymmetric,0.2,2,12960,3240,19.405864197530864,1228.0797607898712,0.9157407407407409,0.913171157464174,0.9156554773024764,0.9237057220708448,0.9416666666666668,0.9325997248968364,360,0.9491525423728814,0.9333333333333332,0.9411764705882352,360,0.8927613941018767,0.925,0.9085948158253752,360,0.90625,0.87,0.8877551020408163,300,0.9233226837060704,0.9633333333333334,0.9429037520391516,300,0.9308755760368664,0.8416666666666667,0.8840262582056893,240,0.8695652173913043,0.8666666666666667,0.8681135225375626,300,Stacking,Image,1.49940224,0.9331476323119776,0.9305555555555556,0.9318497913769124,360.0,0.8571428571428571,0.9,0.8780487804878049,300.0,0.9633802816901408,0.95,0.9566433566433566,360.0
Stacking_Image,asymmetric,0.2,3,12960,3240,19.945987654320987,1227.4915747642517,0.8932098765432098,0.8892116973434139,0.892929834630569,0.8944591029023746,0.9416666666666668,0.9174560216508796,360,0.9714285714285714,0.9444444444444444,0.9577464788732394,360,0.8870523415977961,0.8944444444444445,0.8907330567081605,360,0.7993311036789298,0.7966666666666666,0.7979966611018364,300,0.8990536277602523,0.95,0.9238249594813616,300,0.8851063829787233,0.8666666666666667,0.8757894736842106,240,0.8795620437956204,0.8033333333333333,0.8397212543554007,300,Stacking,Image,1.46403328,0.8997289972899729,0.9222222222222224,0.9108367626886146,360.0,0.822742474916388,0.82,0.8213689482470785,300.0,0.9633802816901408,0.95,0.9566433566433566,360.0
Stacking_Image,asymmetric,0.2,4,12960,3240,19.33641975308642,1232.724102973938,0.9027777777777778,0.8993331235977209,0.9024908929363842,0.902116402116402,0.9472222222222222,0.924119241192412,360,0.9627507163323782,0.9333333333333332,0.9478138222849084,360,0.884514435695538,0.9361111111111112,0.9095816464237516,360,0.8581818181818182,0.7866666666666666,0.8208695652173913,300,0.889937106918239,0.9433333333333334,0.9158576051779936,300,0.9357798165137616,0.85,0.8908296943231441,240,0.8869257950530035,0.8366666666666667,0.8610634648370498,300,Stacking,Image,1.61445888,0.9,0.925,0.9123287671232876,360.0,0.8233438485804416,0.87,0.8460291734197731,300.0,0.9772079772079773,0.9527777777777776,0.9648382559774964,360.0
Stacking_Image,asymmetric,0.3,0,12960,3240,30.10030864197531,1336.4302730560305,0.8688271604938271,0.8655856607180494,0.869093921045274,0.8612565445026178,0.9138888888888888,0.8867924528301887,360,0.963076923076923,0.8694444444444445,0.9138686131386862,360,0.8363171355498721,0.9083333333333332,0.8708388814913449,360,0.8310344827586207,0.8033333333333333,0.8169491525423729,300,0.8652037617554859,0.92,0.8917609046849758,300,0.892018779342723,0.7916666666666666,0.8388520971302428,240,0.7967741935483871,0.8233333333333334,0.8098360655737705,300,Stacking,Image,1.627578368,0.9020172910662824,0.8694444444444445,0.8854314002828855,360.0,0.7898089171974523,0.8266666666666667,0.8078175895765473,300.0,0.9484240687679084,0.9194444444444444,0.933709449929478,360.0
Stacking_Image,asymmetric,0.3,1,12960,3240,29.390432098765437,1339.46586060524,0.8608024691358025,0.8564476159579938,0.8607073278239049,0.8736842105263158,0.9222222222222224,0.8972972972972973,360,0.9523809523809524,0.8888888888888888,0.9195402298850576,360,0.8293333333333334,0.8638888888888889,0.8462585034013606,360,0.7870036101083032,0.7266666666666667,0.755632582322357,300,0.8318042813455657,0.9066666666666666,0.8676236044657097,300,0.8672985781990521,0.7625,0.811529933481153,240,0.827922077922078,0.85,0.8388157894736842,300,Stacking,Image,1.533034496,0.888268156424581,0.8833333333333333,0.8857938718662952,360.0,0.7872340425531915,0.8633333333333333,0.8235294117647058,300.0,0.9469026548672568,0.8916666666666667,0.9184549356223176,360.0
Stacking_Image,asymmetric,0.3,2,12960,3240,29.791666666666668,1327.472678899765,0.870679012345679,0.8659998748189863,0.8702098136830124,0.8618090452261307,0.9527777777777776,0.9050131926121372,360,0.94,0.9138888888888888,0.9267605633802816,360,0.8756906077348067,0.8805555555555555,0.8781163434903048,360,0.8327526132404182,0.7966666666666666,0.8143100511073254,300,0.8616352201257862,0.9133333333333332,0.8867313915857605,300,0.8564814814814815,0.7708333333333334,0.8114035087719298,240,0.8098591549295775,0.7666666666666667,0.7876712328767124,300,Stacking,Image,1.532940288,0.8544973544973545,0.8972222222222223,0.8753387533875339,360.0,0.8354430379746836,0.88,0.8571428571428571,300.0,0.9577039274924471,0.8805555555555555,0.9175108538350216,360.0
Stacking_Image,asymmetric,0.3,3,12960,3240,29.28240740740741,1325.2860434055328,0.8626543209876543,0.8577462647075084,0.8623259750201145,0.8829787234042553,0.9222222222222224,0.9021739130434784,360,0.9481268011527376,0.9138888888888888,0.9306930693069309,360,0.8638888888888889,0.8638888888888889,0.8638888888888889,360,0.794425087108014,0.76,0.7768313458262351,300,0.8413173652694611,0.9366666666666666,0.886435331230284,300,0.8552036199095022,0.7875,0.8199566160520607,240,0.7993311036789298,0.7966666666666666,0.7979966611018364,300,Stacking,Image,1.643384832,0.8688524590163934,0.8833333333333333,0.8760330578512396,360.0,0.7993311036789298,0.7966666666666666,0.7979966611018364,300.0,0.9373219373219374,0.9138888888888888,0.9254571026722924,360.0
Stacking_Image,asymmetric,0.3,4,12960,3240,30.27777777777777,1312.7990515232086,0.8567901234567902,0.8516833271510762,0.8562382892013818,0.8615384615384616,0.9333333333333332,0.896,360,0.9427710843373494,0.8694444444444445,0.9046242774566474,360,0.8260869565217391,0.8972222222222223,0.8601864181091877,360,0.8198529411764706,0.7433333333333333,0.7797202797202797,300,0.834375,0.89,0.8612903225806452,300,0.8689320388349514,0.7458333333333333,0.8026905829596412,240,0.8095238095238095,0.7933333333333333,0.8013468013468014,300,Stacking,Image,1.679785984,0.8575197889182058,0.9027777777777778,0.8795669824086604,360.0,0.8032258064516129,0.83,0.8163934426229508,300.0,0.9335260115606936,0.8972222222222223,0.9150141643059492,360.0
Stacking_Image,asymmetric,0.4,0,12960,3240,39.513888888888886,1359.1189682483673,0.7987654320987654,0.7937023108096417,0.7987522236227899,0.8103448275862069,0.9138888888888888,0.8590078328981723,360,0.971153846153846,0.8416666666666667,0.9017857142857144,360,0.7967032967032966,0.8055555555555556,0.8011049723756906,360,0.7142857142857143,0.75,0.7317073170731707,300,0.7961783439490446,0.8333333333333334,0.8143322475570033,300,0.7725321888412017,0.75,0.7610993657505285,240,0.75,0.75,0.75,300,Stacking,Image,1.7814528,0.8470588235294118,0.8,0.8228571428571428,360.0,0.697841726618705,0.6466666666666666,0.671280276816609,300.0,0.8042328042328042,0.8444444444444444,0.8238482384823849,360.0
Stacking_Image,asymmetric,0.4,1,12960,3240,40.08487654320987,1369.1868493556976,0.7796296296296297,0.7726811294255689,0.7787990561731055,0.8267716535433071,0.875,0.8502024291497976,360,0.8922155688622755,0.8277777777777777,0.8587896253602305,360,0.7774725274725275,0.7861111111111111,0.7817679558011049,360,0.6666666666666666,0.6133333333333333,0.6388888888888888,300,0.75,0.82,0.7834394904458599,300,0.7455357142857143,0.6958333333333333,0.7198275862068966,240,0.7766323024054983,0.7533333333333333,0.7648054145516074,300,Stacking,Image,1.620180992,0.8114754098360656,0.825,0.8181818181818182,360.0,0.6812080536912751,0.6766666666666666,0.6789297658862876,300.0,0.8121693121693122,0.8527777777777777,0.8319783197831978,360.0
Stacking_Image,asymmetric,0.4,2,12960,3240,39.41358024691358,1382.3496515750885,0.7854938271604939,0.7799044192973259,0.7851603490114225,0.7964824120603015,0.8805555555555555,0.8364116094986808,360,0.8869565217391304,0.85,0.8680851063829788,360,0.7944444444444444,0.7944444444444444,0.7944444444444444,360,0.7231833910034602,0.6966666666666667,0.7096774193548387,300,0.7708978328173375,0.83,0.7993579454253612,300,0.7581395348837209,0.6791666666666667,0.7164835164835165,240,0.7465277777777778,0.7166666666666667,0.7312925170068028,300,Stacking,Image,1.69095168,0.792022792022792,0.7722222222222223,0.7819971870604782,360.0,0.6965944272445821,0.75,0.7223113964686998,300.0,0.853448275862069,0.825,0.8389830508474576,360.0
Stacking_Image,asymmetric,0.4,3,12960,3240,39.96141975308642,1363.110117673874,0.7694444444444445,0.7604531699816357,0.7678080253427233,0.8689839572192514,0.9027777777777778,0.885558583106267,360,0.9351851851851852,0.8416666666666667,0.8859649122807017,360,0.7730870712401056,0.8138888888888889,0.7929634641407307,360,0.7050359712230215,0.6533333333333333,0.6782006920415224,300,0.7601156069364162,0.8766666666666667,0.8142414860681114,300,0.7777777777777778,0.6416666666666667,0.7031963470319634,240,0.6898954703832753,0.66,0.6746166950596252,300,Stacking,Image,1.700130816,0.7598784194528876,0.6944444444444444,0.7256894049346879,360.0,0.5844155844155844,0.6,0.5921052631578947,300.0,0.7937649880095923,0.9194444444444444,0.851994851994852,360.0
Stacking_Image,asymmetric,0.4,4,12960,3240,40.223765432098766,1352.1958258152008,0.7842592592592592,0.7762069995781811,0.783632486373562,0.8485639686684073,0.9027777777777778,0.8748317631224765,360,0.8952095808383234,0.8305555555555556,0.861671469740634,360,0.7768595041322314,0.7833333333333333,0.7800829875518672,360,0.6910299003322259,0.6933333333333334,0.6921797004991681,300,0.7738853503184714,0.81,0.7915309446254072,300,0.7425742574257426,0.625,0.6787330316742082,240,0.726027397260274,0.7066666666666667,0.7162162162162162,300,Stacking,Image,1.638551552,0.8028169014084507,0.7916666666666666,0.7972027972027972,360.0,0.67601246105919,0.7233333333333334,0.6988727858293076,300.0,0.8533333333333334,0.8888888888888888,0.8707482993197279,360.0
